id,x,y,degree,electrode,electrode_id,phase,timepoint
e0_t0,2500.0,170.0,0.1333,FP1,0,pre,0
e0_t1,2501.96,170.02,0.0,FP1,0,pre,1
e0_t2,2503.93,170.1,0.0,FP1,0,pre,2
e0_t3,2505.89,170.22,0.0,FP1,0,pre,3
e0_t4,2507.84,170.39,0.0,FP1,0,pre,4
e0_t5,2509.79,170.6,0.0,FP1,0,pre,5
e0_t6,2511.74,170.87,0.0,FP1,0,pre,6
e0_t7,2513.68,171.18,0.0,FP1,0,pre,7
e0_t8,2515.61,171.54,0.0,FP1,0,pre,8
e0_t9,2517.53,171.94,0.0,FP1,0,pre,9
e0_t10,2519.44,172.4,0.0,FP1,0,pre,10
e0_t11,2521.34,172.9,0.0,FP1,0,pre,11
e0_t12,2523.22,173.44,0.0,FP1,0,pre,12
e0_t13,2525.09,174.04,0.0,FP1,0,pre,13
e0_t14,2526.95,174.68,0.0,FP1,0,pre,14
e0_t15,2528.79,175.36,0.0,FP1,0,pre,15
e0_t16,2530.61,176.09,0.0,FP1,0,pre,16
e0_t17,2532.42,176.86,0.0,FP1,0,pre,17
e0_t18,2534.2,177.68,0.0,FP1,0,pre,18
e0_t19,2535.97,178.54,0.0,FP1,0,pre,19
e0_t20,2537.71,179.45,0.0,FP1,0,pre,20
e0_t21,2539.43,180.39,0.0,FP1,0,pre,21
e0_t22,2541.13,181.38,0.0,FP1,0,pre,22
e0_t23,2542.8,182.41,0.0,FP1,0,pre,23
e0_t24,2544.45,183.48,0.1333,FP1,0,pre,24
e0_t25,2546.06,184.59,0.5333,FP1,0,pre,25
e0_t26,2547.66,185.74,0.2667,FP1,0,pre,26
e0_t27,2549.22,186.93,0.0,FP1,0,pre,27
e0_t28,2550.75,188.16,0.1333,FP1,0,pre,28
e0_t29,2552.25,189.42,0.2667,FP1,0,pre,29
e0_t30,2553.72,190.72,0.1333,FP1,0,pre,30
e0_t31,2555.16,192.06,0.0,FP1,0,pre,31
e0_t32,2556.57,193.43,0.0,FP1,0,pre,32
e0_t33,2557.94,194.84,0.0,FP1,0,pre,33
e0_t34,2559.28,196.28,0.0,FP1,0,pre,34
e0_t35,2560.58,197.75,0.1333,FP1,0,pre,35
e0_t36,2561.84,199.25,0.0,FP1,0,pre,36
e0_t37,2563.07,200.78,0.0,FP1,0,pre,37
e0_t38,2564.26,202.34,0.0,FP1,0,pre,38
e0_t39,2565.41,203.94,0.0,FP1,0,pre,39
e0_t40,2566.52,205.55,0.0,FP1,0,pre,40
e0_t41,2567.59,207.2,0.1333,FP1,0,pre,41
e0_t42,2568.62,208.87,0.1333,FP1,0,pre,42
e0_t43,2569.61,210.57,0.0,FP1,0,pre,43
e0_t44,2570.55,212.29,0.0,FP1,0,pre,44
e0_t45,2571.46,214.03,0.0,FP1,0,pre,45
e0_t46,2572.32,215.8,0.0,FP1,0,pre,46
e0_t47,2573.14,217.58,0.0,FP1,0,pre,47
e0_t48,2573.91,219.39,0.0,FP1,0,pre,48
e0_t49,2574.64,221.21,0.0,FP1,0,pre,49
e0_t50,2575.32,223.05,0.0,FP1,0,pre,50
e0_t51,2575.96,224.91,0.0,FP1,0,pre,51
e0_t52,2576.56,226.78,0.0,FP1,0,pre,52
e0_t53,2577.1,228.66,0.0,FP1,0,pre,53
e0_t54,2577.6,230.56,0.0,FP1,0,pre,54
e0_t55,2578.06,232.47,0.0,FP1,0,pre,55
e0_t56,2578.46,234.39,0.0,FP1,0,pre,56
e0_t57,2578.82,236.32,0.0,FP1,0,pre,57
e0_t58,2579.13,238.26,0.0,FP1,0,pre,58
e0_t59,2579.4,240.21,0.0,FP1,0,pre,59
e0_t60,2579.61,242.16,0.0,FP1,0,pre,60
e0_t61,2579.78,244.11,0.0,FP1,0,pre,61
e0_t62,2579.9,246.07,0.0,FP1,0,pre,62
e0_t63,2579.98,248.04,0.0,FP1,0,pre,63
e0_t64,2580.0,250.0,0.1333,FP1,0,pre,64
e0_t65,2579.98,251.96,0.1333,FP1,0,pre,65
e0_t66,2579.9,253.93,0.0,FP1,0,pre,66
e0_t67,2579.78,255.89,0.0,FP1,0,pre,67
e0_t68,2579.61,257.84,0.0,FP1,0,pre,68
e0_t69,2579.4,259.79,0.0,FP1,0,pre,69
e0_t70,2579.13,261.74,0.0,FP1,0,pre,70
e0_t71,2578.82,263.68,0.0,FP1,0,pre,71
e0_t72,2578.46,265.61,0.0,FP1,0,pre,72
e0_t73,2578.06,267.53,0.0,FP1,0,pre,73
e0_t74,2577.6,269.44,0.0,FP1,0,pre,74
e0_t75,2577.1,271.34,0.0,FP1,0,pre,75
e0_t76,2576.56,273.22,0.0,FP1,0,pre,76
e0_t77,2575.96,275.09,0.0,FP1,0,pre,77
e0_t78,2575.32,276.95,0.0,FP1,0,pre,78
e0_t79,2574.64,278.79,0.0,FP1,0,pre,79
e0_t80,2573.91,280.61,0.0,FP1,0,pre,80
e0_t81,2573.14,282.42,0.0,FP1,0,pre,81
e0_t82,2572.32,284.2,0.0,FP1,0,pre,82
e0_t83,2571.46,285.97,0.0,FP1,0,pre,83
e0_t84,2570.55,287.71,0.0,FP1,0,pre,84
e0_t85,2569.61,289.43,0.1333,FP1,0,pre,85
e0_t86,2568.62,291.13,0.2667,FP1,0,pre,86
e0_t87,2567.59,292.8,0.2667,FP1,0,pre,87
e0_t88,2566.52,294.45,0.5333,FP1,0,pre,88
e0_t89,2565.41,296.06,0.2667,FP1,0,pre,89
e0_t90,2564.26,297.66,0.0,FP1,0,pre,90
e0_t91,2563.07,299.22,0.0,FP1,0,pre,91
e0_t92,2561.84,300.75,0.1333,FP1,0,pre,92
e0_t93,2560.58,302.25,0.2667,FP1,0,pre,93
e0_t94,2559.28,303.72,0.0,FP1,0,pre,94
e0_t95,2557.94,305.16,0.0,FP1,0,pre,95
e0_t96,2556.57,306.57,0.0,FP1,0,pre,96
e0_t97,2555.16,307.94,0.0,FP1,0,pre,97
e0_t98,2553.72,309.28,0.0,FP1,0,pre,98
e0_t99,2552.25,310.58,0.0,FP1,0,pre,99
e0_t100,2550.75,311.84,0.0,FP1,0,pre,100
e0_t101,2549.22,313.07,0.0,FP1,0,pre,101
e0_t102,2547.66,314.26,0.0,FP1,0,pre,102
e0_t103,2546.06,315.41,0.0,FP1,0,pre,103
e0_t104,2544.45,316.52,0.0,FP1,0,pre,104
e0_t105,2542.8,317.59,0.1333,FP1,0,pre,105
e0_t106,2541.13,318.62,0.1333,FP1,0,pre,106
e0_t107,2539.43,319.61,0.0,FP1,0,pre,107
e0_t108,2537.71,320.55,0.0,FP1,0,pre,108
e0_t109,2535.97,321.46,0.0,FP1,0,pre,109
e0_t110,2534.2,322.32,0.0,FP1,0,pre,110
e0_t111,2532.42,323.14,0.0,FP1,0,pre,111
e0_t112,2530.61,323.91,0.0,FP1,0,pre,112
e0_t113,2528.79,324.64,0.0,FP1,0,pre,113
e0_t114,2526.95,325.32,0.0,FP1,0,pre,114
e0_t115,2525.09,325.96,0.0,FP1,0,pre,115
e0_t116,2523.22,326.56,0.0,FP1,0,pre,116
e0_t117,2521.34,327.1,0.0,FP1,0,pre,117
e0_t118,2519.44,327.6,0.0,FP1,0,pre,118
e0_t119,2517.53,328.06,0.0,FP1,0,pre,119
e0_t120,2515.61,328.46,0.0,FP1,0,pre,120
e0_t121,2513.68,328.82,0.0,FP1,0,pre,121
e0_t122,2511.74,329.13,0.0,FP1,0,pre,122
e0_t123,2509.79,329.4,0.0,FP1,0,pre,123
e0_t124,2507.84,329.61,0.0,FP1,0,pre,124
e0_t125,2505.89,329.78,0.0,FP1,0,pre,125
e0_t126,2503.93,329.9,0.0,FP1,0,pre,126
e0_t127,2501.96,329.98,0.0,FP1,0,pre,127
e0_t128,2500.0,330.0,0.0,FP1,0,pre,128
e0_t129,2498.04,329.98,0.0,FP1,0,pre,129
e0_t130,2496.07,329.9,0.0,FP1,0,pre,130
e0_t131,2494.11,329.78,0.0,FP1,0,pre,131
e0_t132,2492.16,329.61,0.0,FP1,0,pre,132
e0_t133,2490.21,329.4,0.0,FP1,0,pre,133
e0_t134,2488.26,329.13,0.0,FP1,0,pre,134
e0_t135,2486.32,328.82,0.0,FP1,0,pre,135
e0_t136,2484.39,328.46,0.0,FP1,0,pre,136
e0_t137,2482.47,328.06,0.0,FP1,0,pre,137
e0_t138,2480.56,327.6,0.0,FP1,0,pre,138
e0_t139,2478.66,327.1,0.0,FP1,0,pre,139
e0_t140,2476.78,326.56,0.0,FP1,0,pre,140
e0_t141,2474.91,325.96,0.0,FP1,0,pre,141
e0_t142,2473.05,325.32,0.0,FP1,0,pre,142
e0_t143,2471.21,324.64,0.0,FP1,0,pre,143
e0_t144,2469.39,323.91,0.0,FP1,0,pre,144
e0_t145,2467.58,323.14,0.0,FP1,0,pre,145
e0_t146,2465.8,322.32,0.0,FP1,0,pre,146
e0_t147,2464.03,321.46,0.0,FP1,0,pre,147
e0_t148,2462.29,320.55,0.0,FP1,0,pre,148
e0_t149,2460.57,319.61,0.0,FP1,0,pre,149
e0_t150,2458.87,318.62,0.0,FP1,0,pre,150
e0_t151,2457.2,317.59,0.0,FP1,0,pre,151
e0_t152,2455.55,316.52,0.0,FP1,0,pre,152
e0_t153,2453.94,315.41,0.0,FP1,0,pre,153
e0_t154,2452.34,314.26,0.0,FP1,0,pre,154
e0_t155,2450.78,313.07,0.1333,FP1,0,pre,155
e0_t156,2449.25,311.84,0.1333,FP1,0,pre,156
e0_t157,2447.75,310.58,0.0,FP1,0,pre,157
e0_t158,2446.28,309.28,0.0,FP1,0,pre,158
e0_t159,2444.84,307.94,0.0,FP1,0,pre,159
e0_t160,2443.43,306.57,0.0,FP1,0,pre,160
e0_t161,2442.06,305.16,0.0,FP1,0,pre,161
e0_t162,2440.72,303.72,0.0,FP1,0,pre,162
e0_t163,2439.42,302.25,0.0,FP1,0,pre,163
e0_t164,2438.16,300.75,0.0,FP1,0,pre,164
e0_t165,2436.93,299.22,0.0,FP1,0,pre,165
e0_t166,2435.74,297.66,0.0,FP1,0,pre,166
e0_t167,2434.59,296.06,0.0,FP1,0,pre,167
e0_t168,2433.48,294.45,0.0,FP1,0,pre,168
e0_t169,2432.41,292.8,0.0,FP1,0,pre,169
e0_t170,2431.38,291.13,0.0,FP1,0,pre,170
e0_t171,2430.39,289.43,0.0,FP1,0,pre,171
e0_t172,2429.45,287.71,0.0,FP1,0,pre,172
e0_t173,2428.54,285.97,0.0,FP1,0,pre,173
e0_t174,2427.68,284.2,0.0,FP1,0,pre,174
e0_t175,2426.86,282.42,0.0,FP1,0,pre,175
e0_t176,2426.09,280.61,0.0,FP1,0,pre,176
e0_t177,2425.36,278.79,0.2667,FP1,0,pre,177
e0_t178,2424.68,276.95,0.2667,FP1,0,pre,178
e0_t179,2424.04,275.09,0.2667,FP1,0,pre,179
e0_t180,2423.44,273.22,0.4,FP1,0,pre,180
e0_t181,2422.9,271.34,0.1333,FP1,0,pre,181
e0_t182,2422.4,269.44,0.0,FP1,0,pre,182
e0_t183,2421.94,267.53,0.0,FP1,0,pre,183
e0_t184,2421.54,265.61,0.0,FP1,0,pre,184
e0_t185,2421.18,263.68,0.0,FP1,0,pre,185
e0_t186,2420.87,261.74,0.0,FP1,0,pre,186
e0_t187,2420.6,259.79,0.1333,FP1,0,pre,187
e0_t188,2420.39,257.84,0.4,FP1,0,pre,188
e0_t189,2420.22,255.89,0.5333,FP1,0,pre,189
e0_t190,2420.1,253.93,0.2667,FP1,0,pre,190
e0_t191,2420.02,251.96,0.2667,FP1,0,pre,191
e0_t192,2420.0,250.0,0.1333,FP1,0,pre,192
e0_t193,2420.02,248.04,0.0,FP1,0,pre,193
e0_t194,2420.1,246.07,0.0,FP1,0,pre,194
e0_t195,2420.22,244.11,0.0,FP1,0,pre,195
e0_t196,2420.39,242.16,0.0,FP1,0,pre,196
e0_t197,2420.6,240.21,0.0,FP1,0,pre,197
e0_t198,2420.87,238.26,0.0,FP1,0,pre,198
e0_t199,2421.18,236.32,0.0,FP1,0,pre,199
e0_t200,2421.54,234.39,0.0,FP1,0,pre,200
e0_t201,2421.94,232.47,0.4,FP1,0,pre,201
e0_t202,2422.4,230.56,0.2667,FP1,0,pre,202
e0_t203,2422.9,228.66,0.0,FP1,0,pre,203
e0_t204,2423.44,226.78,0.0,FP1,0,pre,204
e0_t205,2424.04,224.91,0.0,FP1,0,pre,205
e0_t206,2424.68,223.05,0.1333,FP1,0,pre,206
e0_t207,2425.36,221.21,0.0,FP1,0,pre,207
e0_t208,2426.09,219.39,0.0,FP1,0,pre,208
e0_t209,2426.86,217.58,0.0,FP1,0,pre,209
e0_t210,2427.68,215.8,0.1333,FP1,0,pre,210
e0_t211,2428.54,214.03,0.4,FP1,0,pre,211
e0_t212,2429.45,212.29,0.1333,FP1,0,pre,212
e0_t213,2430.39,210.57,0.0,FP1,0,pre,213
e0_t214,2431.38,208.87,0.0,FP1,0,pre,214
e0_t215,2432.41,207.2,0.0,FP1,0,pre,215
e0_t216,2433.48,205.55,0.0,FP1,0,pre,216
e0_t217,2434.59,203.94,0.0,FP1,0,pre,217
e0_t218,2435.74,202.34,0.0,FP1,0,pre,218
e0_t219,2436.93,200.78,0.0,FP1,0,pre,219
e0_t220,2438.16,199.25,0.1333,FP1,0,pre,220
e0_t221,2439.42,197.75,0.4,FP1,0,pre,221
e0_t222,2440.72,196.28,0.2667,FP1,0,pre,222
e0_t223,2442.06,194.84,0.1333,FP1,0,pre,223
e0_t224,2443.43,193.43,0.0,FP1,0,pre,224
e0_t225,2444.84,192.06,0.0,FP1,0,pre,225
e0_t226,2446.28,190.72,0.0,FP1,0,pre,226
e0_t227,2447.75,189.42,0.0,FP1,0,pre,227
e0_t228,2449.25,188.16,0.0,FP1,0,pre,228
e0_t229,2450.78,186.93,0.0,FP1,0,pre,229
e0_t230,2452.34,185.74,0.0,FP1,0,pre,230
e0_t231,2453.94,184.59,0.0,FP1,0,pre,231
e0_t232,2455.55,183.48,0.0,FP1,0,pre,232
e0_t233,2457.2,182.41,0.1333,FP1,0,pre,233
e0_t234,2458.87,181.38,0.1333,FP1,0,pre,234
e0_t235,2460.57,180.39,0.1333,FP1,0,pre,235
e0_t236,2462.29,179.45,0.0,FP1,0,pre,236
e0_t237,2464.03,178.54,0.0,FP1,0,pre,237
e0_t238,2465.8,177.68,0.0,FP1,0,pre,238
e0_t239,2467.58,176.86,0.0,FP1,0,pre,239
e0_t240,2469.39,176.09,0.0,FP1,0,pre,240
e0_t241,2471.21,175.36,0.0,FP1,0,pre,241
e0_t242,2473.05,174.68,0.0,FP1,0,pre,242
e0_t243,2474.91,174.04,0.0,FP1,0,pre,243
e0_t244,2476.78,173.44,0.0,FP1,0,pre,244
e0_t245,2478.66,172.9,0.0,FP1,0,pre,245
e0_t246,2480.56,172.4,0.0,FP1,0,pre,246
e0_t247,2482.47,171.94,0.0,FP1,0,pre,247
e0_t248,2484.39,171.54,0.0,FP1,0,pre,248
e0_t249,2486.32,171.18,0.0,FP1,0,pre,249
e0_t250,2488.26,170.87,0.0,FP1,0,pre,250
e0_t251,2490.21,170.6,0.0,FP1,0,pre,251
e0_t252,2492.16,170.39,0.0,FP1,0,pre,252
e0_t253,2494.11,170.22,0.0,FP1,0,pre,253
e0_t254,2496.07,170.1,0.0,FP1,0,pre,254
e0_t255,2498.04,170.02,0.1333,FP1,0,pre,255
e1_t0,2750.0,170.0,0.2667,FP2,1,pre,0
e1_t1,2751.96,170.02,0.4,FP2,1,pre,1
e1_t2,2753.93,170.1,0.1333,FP2,1,pre,2
e1_t3,2755.89,170.22,0.0,FP2,1,pre,3
e1_t4,2757.84,170.39,0.0,FP2,1,pre,4
e1_t5,2759.79,170.6,0.0,FP2,1,pre,5
e1_t6,2761.74,170.87,0.0,FP2,1,pre,6
e1_t7,2763.68,171.18,0.0,FP2,1,pre,7
e1_t8,2765.61,171.54,0.0,FP2,1,pre,8
e1_t9,2767.53,171.94,0.0,FP2,1,pre,9
e1_t10,2769.44,172.4,0.0,FP2,1,pre,10
e1_t11,2771.34,172.9,0.0,FP2,1,pre,11
e1_t12,2773.22,173.44,0.0,FP2,1,pre,12
e1_t13,2775.09,174.04,0.0,FP2,1,pre,13
e1_t14,2776.95,174.68,0.0,FP2,1,pre,14
e1_t15,2778.79,175.36,0.0,FP2,1,pre,15
e1_t16,2780.61,176.09,0.0,FP2,1,pre,16
e1_t17,2782.42,176.86,0.1333,FP2,1,pre,17
e1_t18,2784.2,177.68,0.2667,FP2,1,pre,18
e1_t19,2785.97,178.54,0.4,FP2,1,pre,19
e1_t20,2787.71,179.45,0.2667,FP2,1,pre,20
e1_t21,2789.43,180.39,0.0,FP2,1,pre,21
e1_t22,2791.13,181.38,0.1333,FP2,1,pre,22
e1_t23,2792.8,182.41,0.0,FP2,1,pre,23
e1_t24,2794.45,183.48,0.1333,FP2,1,pre,24
e1_t25,2796.06,184.59,0.1333,FP2,1,pre,25
e1_t26,2797.66,185.74,0.0,FP2,1,pre,26
e1_t27,2799.22,186.93,0.1333,FP2,1,pre,27
e1_t28,2800.75,188.16,0.4,FP2,1,pre,28
e1_t29,2802.25,189.42,0.2667,FP2,1,pre,29
e1_t30,2803.72,190.72,0.1333,FP2,1,pre,30
e1_t31,2805.16,192.06,0.0,FP2,1,pre,31
e1_t32,2806.57,193.43,0.0,FP2,1,pre,32
e1_t33,2807.94,194.84,0.0,FP2,1,pre,33
e1_t34,2809.28,196.28,0.0,FP2,1,pre,34
e1_t35,2810.58,197.75,0.1333,FP2,1,pre,35
e1_t36,2811.84,199.25,0.0,FP2,1,pre,36
e1_t37,2813.07,200.78,0.0,FP2,1,pre,37
e1_t38,2814.26,202.34,0.0,FP2,1,pre,38
e1_t39,2815.41,203.94,0.0,FP2,1,pre,39
e1_t40,2816.52,205.55,0.0,FP2,1,pre,40
e1_t41,2817.59,207.2,0.0,FP2,1,pre,41
e1_t42,2818.62,208.87,0.0,FP2,1,pre,42
e1_t43,2819.61,210.57,0.0,FP2,1,pre,43
e1_t44,2820.55,212.29,0.1333,FP2,1,pre,44
e1_t45,2821.46,214.03,0.4,FP2,1,pre,45
e1_t46,2822.32,215.8,0.4,FP2,1,pre,46
e1_t47,2823.14,217.58,0.2667,FP2,1,pre,47
e1_t48,2823.91,219.39,0.0,FP2,1,pre,48
e1_t49,2824.64,221.21,0.0,FP2,1,pre,49
e1_t50,2825.32,223.05,0.0,FP2,1,pre,50
e1_t51,2825.96,224.91,0.0,FP2,1,pre,51
e1_t52,2826.56,226.78,0.0,FP2,1,pre,52
e1_t53,2827.1,228.66,0.0,FP2,1,pre,53
e1_t54,2827.6,230.56,0.0,FP2,1,pre,54
e1_t55,2828.06,232.47,0.0,FP2,1,pre,55
e1_t56,2828.46,234.39,0.0,FP2,1,pre,56
e1_t57,2828.82,236.32,0.0,FP2,1,pre,57
e1_t58,2829.13,238.26,0.0,FP2,1,pre,58
e1_t59,2829.4,240.21,0.0,FP2,1,pre,59
e1_t60,2829.61,242.16,0.0,FP2,1,pre,60
e1_t61,2829.78,244.11,0.0,FP2,1,pre,61
e1_t62,2829.9,246.07,0.0,FP2,1,pre,62
e1_t63,2829.98,248.04,0.0,FP2,1,pre,63
e1_t64,2830.0,250.0,0.0,FP2,1,pre,64
e1_t65,2829.98,251.96,0.0,FP2,1,pre,65
e1_t66,2829.9,253.93,0.0,FP2,1,pre,66
e1_t67,2829.78,255.89,0.0,FP2,1,pre,67
e1_t68,2829.61,257.84,0.0,FP2,1,pre,68
e1_t69,2829.4,259.79,0.1333,FP2,1,pre,69
e1_t70,2829.13,261.74,0.0,FP2,1,pre,70
e1_t71,2828.82,263.68,0.0,FP2,1,pre,71
e1_t72,2828.46,265.61,0.0,FP2,1,pre,72
e1_t73,2828.06,267.53,0.0,FP2,1,pre,73
e1_t74,2827.6,269.44,0.0,FP2,1,pre,74
e1_t75,2827.1,271.34,0.0,FP2,1,pre,75
e1_t76,2826.56,273.22,0.0,FP2,1,pre,76
e1_t77,2825.96,275.09,0.0,FP2,1,pre,77
e1_t78,2825.32,276.95,0.1333,FP2,1,pre,78
e1_t79,2824.64,278.79,0.4,FP2,1,pre,79
e1_t80,2823.91,280.61,0.1333,FP2,1,pre,80
e1_t81,2823.14,282.42,0.0,FP2,1,pre,81
e1_t82,2822.32,284.2,0.0,FP2,1,pre,82
e1_t83,2821.46,285.97,0.0,FP2,1,pre,83
e1_t84,2820.55,287.71,0.0,FP2,1,pre,84
e1_t85,2819.61,289.43,0.0,FP2,1,pre,85
e1_t86,2818.62,291.13,0.1333,FP2,1,pre,86
e1_t87,2817.59,292.8,0.1333,FP2,1,pre,87
e1_t88,2816.52,294.45,0.1333,FP2,1,pre,88
e1_t89,2815.41,296.06,0.1333,FP2,1,pre,89
e1_t90,2814.26,297.66,0.0,FP2,1,pre,90
e1_t91,2813.07,299.22,0.0,FP2,1,pre,91
e1_t92,2811.84,300.75,0.1333,FP2,1,pre,92
e1_t93,2810.58,302.25,0.0,FP2,1,pre,93
e1_t94,2809.28,303.72,0.2667,FP2,1,pre,94
e1_t95,2807.94,305.16,0.5333,FP2,1,pre,95
e1_t96,2806.57,306.57,1.0667,FP2,1,pre,96
e1_t97,2805.16,307.94,0.4,FP2,1,pre,97
e1_t98,2803.72,309.28,0.1333,FP2,1,pre,98
e1_t99,2802.25,310.58,0.2667,FP2,1,pre,99
e1_t100,2800.75,311.84,0.1333,FP2,1,pre,100
e1_t101,2799.22,313.07,0.0,FP2,1,pre,101
e1_t102,2797.66,314.26,0.0,FP2,1,pre,102
e1_t103,2796.06,315.41,0.0,FP2,1,pre,103
e1_t104,2794.45,316.52,0.0,FP2,1,pre,104
e1_t105,2792.8,317.59,0.0,FP2,1,pre,105
e1_t106,2791.13,318.62,0.0,FP2,1,pre,106
e1_t107,2789.43,319.61,0.1333,FP2,1,pre,107
e1_t108,2787.71,320.55,0.2667,FP2,1,pre,108
e1_t109,2785.97,321.46,0.1333,FP2,1,pre,109
e1_t110,2784.2,322.32,0.0,FP2,1,pre,110
e1_t111,2782.42,323.14,0.0,FP2,1,pre,111
e1_t112,2780.61,323.91,0.0,FP2,1,pre,112
e1_t113,2778.79,324.64,0.1333,FP2,1,pre,113
e1_t114,2776.95,325.32,0.2667,FP2,1,pre,114
e1_t115,2775.09,325.96,0.2667,FP2,1,pre,115
e1_t116,2773.22,326.56,0.2667,FP2,1,pre,116
e1_t117,2771.34,327.1,0.2667,FP2,1,pre,117
e1_t118,2769.44,327.6,0.1333,FP2,1,pre,118
e1_t119,2767.53,328.06,0.2667,FP2,1,pre,119
e1_t120,2765.61,328.46,0.2667,FP2,1,pre,120
e1_t121,2763.68,328.82,0.1333,FP2,1,pre,121
e1_t122,2761.74,329.13,0.0,FP2,1,pre,122
e1_t123,2759.79,329.4,0.0,FP2,1,pre,123
e1_t124,2757.84,329.61,0.0,FP2,1,pre,124
e1_t125,2755.89,329.78,0.0,FP2,1,pre,125
e1_t126,2753.93,329.9,0.0,FP2,1,pre,126
e1_t127,2751.96,329.98,0.0,FP2,1,pre,127
e1_t128,2750.0,330.0,0.0,FP2,1,pre,128
e1_t129,2748.04,329.98,0.0,FP2,1,pre,129
e1_t130,2746.07,329.9,0.0,FP2,1,pre,130
e1_t131,2744.11,329.78,0.0,FP2,1,pre,131
e1_t132,2742.16,329.61,0.0,FP2,1,pre,132
e1_t133,2740.21,329.4,0.0,FP2,1,pre,133
e1_t134,2738.26,329.13,0.0,FP2,1,pre,134
e1_t135,2736.32,328.82,0.0,FP2,1,pre,135
e1_t136,2734.39,328.46,0.0,FP2,1,pre,136
e1_t137,2732.47,328.06,0.0,FP2,1,pre,137
e1_t138,2730.56,327.6,0.0,FP2,1,pre,138
e1_t139,2728.66,327.1,0.0,FP2,1,pre,139
e1_t140,2726.78,326.56,0.0,FP2,1,pre,140
e1_t141,2724.91,325.96,0.0,FP2,1,pre,141
e1_t142,2723.05,325.32,0.1333,FP2,1,pre,142
e1_t143,2721.21,324.64,0.0,FP2,1,pre,143
e1_t144,2719.39,323.91,0.0,FP2,1,pre,144
e1_t145,2717.58,323.14,0.1333,FP2,1,pre,145
e1_t146,2715.8,322.32,0.0,FP2,1,pre,146
e1_t147,2714.03,321.46,0.0,FP2,1,pre,147
e1_t148,2712.29,320.55,0.0,FP2,1,pre,148
e1_t149,2710.57,319.61,0.0,FP2,1,pre,149
e1_t150,2708.87,318.62,0.2667,FP2,1,pre,150
e1_t151,2707.2,317.59,0.2667,FP2,1,pre,151
e1_t152,2705.55,316.52,0.4,FP2,1,pre,152
e1_t153,2703.94,315.41,0.2667,FP2,1,pre,153
e1_t154,2702.34,314.26,0.1333,FP2,1,pre,154
e1_t155,2700.78,313.07,0.1333,FP2,1,pre,155
e1_t156,2699.25,311.84,0.2667,FP2,1,pre,156
e1_t157,2697.75,310.58,0.4,FP2,1,pre,157
e1_t158,2696.28,309.28,0.1333,FP2,1,pre,158
e1_t159,2694.84,307.94,0.2667,FP2,1,pre,159
e1_t160,2693.43,306.57,0.2667,FP2,1,pre,160
e1_t161,2692.06,305.16,0.1333,FP2,1,pre,161
e1_t162,2690.72,303.72,0.1333,FP2,1,pre,162
e1_t163,2689.42,302.25,0.0,FP2,1,pre,163
e1_t164,2688.16,300.75,0.0,FP2,1,pre,164
e1_t165,2686.93,299.22,0.0,FP2,1,pre,165
e1_t166,2685.74,297.66,0.0,FP2,1,pre,166
e1_t167,2684.59,296.06,0.1333,FP2,1,pre,167
e1_t168,2683.48,294.45,0.4,FP2,1,pre,168
e1_t169,2682.41,292.8,0.4,FP2,1,pre,169
e1_t170,2681.38,291.13,0.1333,FP2,1,pre,170
e1_t171,2680.39,289.43,0.0,FP2,1,pre,171
e1_t172,2679.45,287.71,0.0,FP2,1,pre,172
e1_t173,2678.54,285.97,0.0,FP2,1,pre,173
e1_t174,2677.68,284.2,0.0,FP2,1,pre,174
e1_t175,2676.86,282.42,0.0,FP2,1,pre,175
e1_t176,2676.09,280.61,0.0,FP2,1,pre,176
e1_t177,2675.36,278.79,0.0,FP2,1,pre,177
e1_t178,2674.68,276.95,0.0,FP2,1,pre,178
e1_t179,2674.04,275.09,0.2667,FP2,1,pre,179
e1_t180,2673.44,273.22,0.4,FP2,1,pre,180
e1_t181,2672.9,271.34,0.2667,FP2,1,pre,181
e1_t182,2672.4,269.44,0.1333,FP2,1,pre,182
e1_t183,2671.94,267.53,0.0,FP2,1,pre,183
e1_t184,2671.54,265.61,0.0,FP2,1,pre,184
e1_t185,2671.18,263.68,0.0,FP2,1,pre,185
e1_t186,2670.87,261.74,0.0,FP2,1,pre,186
e1_t187,2670.6,259.79,0.0,FP2,1,pre,187
e1_t188,2670.39,257.84,0.0,FP2,1,pre,188
e1_t189,2670.22,255.89,0.0,FP2,1,pre,189
e1_t190,2670.1,253.93,0.0,FP2,1,pre,190
e1_t191,2670.02,251.96,0.0,FP2,1,pre,191
e1_t192,2670.0,250.0,0.0,FP2,1,pre,192
e1_t193,2670.02,248.04,0.0,FP2,1,pre,193
e1_t194,2670.1,246.07,0.0,FP2,1,pre,194
e1_t195,2670.22,244.11,0.0,FP2,1,pre,195
e1_t196,2670.39,242.16,0.0,FP2,1,pre,196
e1_t197,2670.6,240.21,0.0,FP2,1,pre,197
e1_t198,2670.87,238.26,0.0,FP2,1,pre,198
e1_t199,2671.18,236.32,0.0,FP2,1,pre,199
e1_t200,2671.54,234.39,0.0,FP2,1,pre,200
e1_t201,2671.94,232.47,0.0,FP2,1,pre,201
e1_t202,2672.4,230.56,0.0,FP2,1,pre,202
e1_t203,2672.9,228.66,0.0,FP2,1,pre,203
e1_t204,2673.44,226.78,0.0,FP2,1,pre,204
e1_t205,2674.04,224.91,0.0,FP2,1,pre,205
e1_t206,2674.68,223.05,0.0,FP2,1,pre,206
e1_t207,2675.36,221.21,0.0,FP2,1,pre,207
e1_t208,2676.09,219.39,0.0,FP2,1,pre,208
e1_t209,2676.86,217.58,0.0,FP2,1,pre,209
e1_t210,2677.68,215.8,0.4,FP2,1,pre,210
e1_t211,2678.54,214.03,0.2667,FP2,1,pre,211
e1_t212,2679.45,212.29,0.1333,FP2,1,pre,212
e1_t213,2680.39,210.57,0.0,FP2,1,pre,213
e1_t214,2681.38,208.87,0.1333,FP2,1,pre,214
e1_t215,2682.41,207.2,0.2667,FP2,1,pre,215
e1_t216,2683.48,205.55,0.2667,FP2,1,pre,216
e1_t217,2684.59,203.94,0.1333,FP2,1,pre,217
e1_t218,2685.74,202.34,0.0,FP2,1,pre,218
e1_t219,2686.93,200.78,0.0,FP2,1,pre,219
e1_t220,2688.16,199.25,0.0,FP2,1,pre,220
e1_t221,2689.42,197.75,0.1333,FP2,1,pre,221
e1_t222,2690.72,196.28,0.2667,FP2,1,pre,222
e1_t223,2692.06,194.84,0.4,FP2,1,pre,223
e1_t224,2693.43,193.43,0.5333,FP2,1,pre,224
e1_t225,2694.84,192.06,0.4,FP2,1,pre,225
e1_t226,2696.28,190.72,0.1333,FP2,1,pre,226
e1_t227,2697.75,189.42,0.0,FP2,1,pre,227
e1_t228,2699.25,188.16,0.1333,FP2,1,pre,228
e1_t229,2700.78,186.93,0.0,FP2,1,pre,229
e1_t230,2702.34,185.74,0.0,FP2,1,pre,230
e1_t231,2703.94,184.59,0.0,FP2,1,pre,231
e1_t232,2705.55,183.48,0.1333,FP2,1,pre,232
e1_t233,2707.2,182.41,0.0,FP2,1,pre,233
e1_t234,2708.87,181.38,0.0,FP2,1,pre,234
e1_t235,2710.57,180.39,0.0,FP2,1,pre,235
e1_t236,2712.29,179.45,0.0,FP2,1,pre,236
e1_t237,2714.03,178.54,0.1333,FP2,1,pre,237
e1_t238,2715.8,177.68,0.0,FP2,1,pre,238
e1_t239,2717.58,176.86,0.0,FP2,1,pre,239
e1_t240,2719.39,176.09,0.1333,FP2,1,pre,240
e1_t241,2721.21,175.36,0.4,FP2,1,pre,241
e1_t242,2723.05,174.68,0.4,FP2,1,pre,242
e1_t243,2724.91,174.04,0.4,FP2,1,pre,243
e1_t244,2726.78,173.44,0.2667,FP2,1,pre,244
e1_t245,2728.66,172.9,0.0,FP2,1,pre,245
e1_t246,2730.56,172.4,0.0,FP2,1,pre,246
e1_t247,2732.47,171.94,0.1333,FP2,1,pre,247
e1_t248,2734.39,171.54,0.0,FP2,1,pre,248
e1_t249,2736.32,171.18,0.0,FP2,1,pre,249
e1_t250,2738.26,170.87,0.1333,FP2,1,pre,250
e1_t251,2740.21,170.6,0.1333,FP2,1,pre,251
e1_t252,2742.16,170.39,0.0,FP2,1,pre,252
e1_t253,2744.11,170.22,0.0,FP2,1,pre,253
e1_t254,2746.07,170.1,0.0,FP2,1,pre,254
e1_t255,2748.04,170.02,0.0,FP2,1,pre,255
e2_t0,750.0,820.0,0.1333,F7,2,pre,0
e2_t1,751.96,820.02,0.0,F7,2,pre,1
e2_t2,753.93,820.1,0.0,F7,2,pre,2
e2_t3,755.89,820.22,0.1333,F7,2,pre,3
e2_t4,757.84,820.39,0.4,F7,2,pre,4
e2_t5,759.79,820.6,0.5333,F7,2,pre,5
e2_t6,761.74,820.87,0.6667,F7,2,pre,6
e2_t7,763.68,821.18,0.8,F7,2,pre,7
e2_t8,765.61,821.54,0.6667,F7,2,pre,8
e2_t9,767.53,821.94,0.5333,F7,2,pre,9
e2_t10,769.44,822.4,0.2667,F7,2,pre,10
e2_t11,771.34,822.9,0.0,F7,2,pre,11
e2_t12,773.22,823.44,0.2667,F7,2,pre,12
e2_t13,775.09,824.04,0.5333,F7,2,pre,13
e2_t14,776.95,824.68,0.1333,F7,2,pre,14
e2_t15,778.79,825.36,0.2667,F7,2,pre,15
e2_t16,780.61,826.09,0.2667,F7,2,pre,16
e2_t17,782.42,826.86,0.4,F7,2,pre,17
e2_t18,784.2,827.68,0.1333,F7,2,pre,18
e2_t19,785.97,828.54,0.0,F7,2,pre,19
e2_t20,787.71,829.45,0.0,F7,2,pre,20
e2_t21,789.43,830.39,0.1333,F7,2,pre,21
e2_t22,791.13,831.38,0.2667,F7,2,pre,22
e2_t23,792.8,832.41,0.2667,F7,2,pre,23
e2_t24,794.45,833.48,0.4,F7,2,pre,24
e2_t25,796.06,834.59,0.5333,F7,2,pre,25
e2_t26,797.66,835.74,0.4,F7,2,pre,26
e2_t27,799.22,836.93,0.4,F7,2,pre,27
e2_t28,800.75,838.16,0.0,F7,2,pre,28
e2_t29,802.25,839.42,0.1333,F7,2,pre,29
e2_t30,803.72,840.72,0.1333,F7,2,pre,30
e2_t31,805.16,842.06,0.0,F7,2,pre,31
e2_t32,806.57,843.43,0.0,F7,2,pre,32
e2_t33,807.94,844.84,0.0,F7,2,pre,33
e2_t34,809.28,846.28,0.1333,F7,2,pre,34
e2_t35,810.58,847.75,0.0,F7,2,pre,35
e2_t36,811.84,849.25,0.0,F7,2,pre,36
e2_t37,813.07,850.78,0.0,F7,2,pre,37
e2_t38,814.26,852.34,0.1333,F7,2,pre,38
e2_t39,815.41,853.94,0.5333,F7,2,pre,39
e2_t40,816.52,855.55,0.1333,F7,2,pre,40
e2_t41,817.59,857.2,0.0,F7,2,pre,41
e2_t42,818.62,858.87,0.1333,F7,2,pre,42
e2_t43,819.61,860.57,0.2667,F7,2,pre,43
e2_t44,820.55,862.29,0.2667,F7,2,pre,44
e2_t45,821.46,864.03,0.4,F7,2,pre,45
e2_t46,822.32,865.8,0.5333,F7,2,pre,46
e2_t47,823.14,867.58,0.4,F7,2,pre,47
e2_t48,823.91,869.39,0.1333,F7,2,pre,48
e2_t49,824.64,871.21,0.0,F7,2,pre,49
e2_t50,825.32,873.05,0.0,F7,2,pre,50
e2_t51,825.96,874.91,0.0,F7,2,pre,51
e2_t52,826.56,876.78,0.0,F7,2,pre,52
e2_t53,827.1,878.66,0.0,F7,2,pre,53
e2_t54,827.6,880.56,0.0,F7,2,pre,54
e2_t55,828.06,882.47,0.4,F7,2,pre,55
e2_t56,828.46,884.39,0.2667,F7,2,pre,56
e2_t57,828.82,886.32,0.1333,F7,2,pre,57
e2_t58,829.13,888.26,0.0,F7,2,pre,58
e2_t59,829.4,890.21,0.1333,F7,2,pre,59
e2_t60,829.61,892.16,0.0,F7,2,pre,60
e2_t61,829.78,894.11,0.0,F7,2,pre,61
e2_t62,829.9,896.07,0.0,F7,2,pre,62
e2_t63,829.98,898.04,0.0,F7,2,pre,63
e2_t64,830.0,900.0,0.0,F7,2,pre,64
e2_t65,829.98,901.96,0.0,F7,2,pre,65
e2_t66,829.9,903.93,0.1333,F7,2,pre,66
e2_t67,829.78,905.89,0.1333,F7,2,pre,67
e2_t68,829.61,907.84,0.1333,F7,2,pre,68
e2_t69,829.4,909.79,0.0,F7,2,pre,69
e2_t70,829.13,911.74,0.0,F7,2,pre,70
e2_t71,828.82,913.68,0.0,F7,2,pre,71
e2_t72,828.46,915.61,0.1333,F7,2,pre,72
e2_t73,828.06,917.53,0.0,F7,2,pre,73
e2_t74,827.6,919.44,0.1333,F7,2,pre,74
e2_t75,827.1,921.34,0.0,F7,2,pre,75
e2_t76,826.56,923.22,0.1333,F7,2,pre,76
e2_t77,825.96,925.09,0.2667,F7,2,pre,77
e2_t78,825.32,926.95,0.1333,F7,2,pre,78
e2_t79,824.64,928.79,0.1333,F7,2,pre,79
e2_t80,823.91,930.61,0.1333,F7,2,pre,80
e2_t81,823.14,932.42,0.1333,F7,2,pre,81
e2_t82,822.32,934.2,0.4,F7,2,pre,82
e2_t83,821.46,935.97,0.5333,F7,2,pre,83
e2_t84,820.55,937.71,0.1333,F7,2,pre,84
e2_t85,819.61,939.43,0.1333,F7,2,pre,85
e2_t86,818.62,941.13,0.1333,F7,2,pre,86
e2_t87,817.59,942.8,0.1333,F7,2,pre,87
e2_t88,816.52,944.45,0.2667,F7,2,pre,88
e2_t89,815.41,946.06,0.8,F7,2,pre,89
e2_t90,814.26,947.66,0.2667,F7,2,pre,90
e2_t91,813.07,949.22,0.1333,F7,2,pre,91
e2_t92,811.84,950.75,0.2667,F7,2,pre,92
e2_t93,810.58,952.25,0.1333,F7,2,pre,93
e2_t94,809.28,953.72,0.1333,F7,2,pre,94
e2_t95,807.94,955.16,0.4,F7,2,pre,95
e2_t96,806.57,956.57,0.4,F7,2,pre,96
e2_t97,805.16,957.94,0.2667,F7,2,pre,97
e2_t98,803.72,959.28,0.6667,F7,2,pre,98
e2_t99,802.25,960.58,0.4,F7,2,pre,99
e2_t100,800.75,961.84,0.1333,F7,2,pre,100
e2_t101,799.22,963.07,0.2667,F7,2,pre,101
e2_t102,797.66,964.26,0.6667,F7,2,pre,102
e2_t103,796.06,965.41,0.2667,F7,2,pre,103
e2_t104,794.45,966.52,0.1333,F7,2,pre,104
e2_t105,792.8,967.59,0.5333,F7,2,pre,105
e2_t106,791.13,968.62,0.6667,F7,2,pre,106
e2_t107,789.43,969.61,0.6667,F7,2,pre,107
e2_t108,787.71,970.55,0.1333,F7,2,pre,108
e2_t109,785.97,971.46,0.0,F7,2,pre,109
e2_t110,784.2,972.32,0.0,F7,2,pre,110
e2_t111,782.42,973.14,0.0,F7,2,pre,111
e2_t112,780.61,973.91,0.1333,F7,2,pre,112
e2_t113,778.79,974.64,0.2667,F7,2,pre,113
e2_t114,776.95,975.32,0.0,F7,2,pre,114
e2_t115,775.09,975.96,0.0,F7,2,pre,115
e2_t116,773.22,976.56,0.0,F7,2,pre,116
e2_t117,771.34,977.1,0.0,F7,2,pre,117
e2_t118,769.44,977.6,0.1333,F7,2,pre,118
e2_t119,767.53,978.06,0.4,F7,2,pre,119
e2_t120,765.61,978.46,0.5333,F7,2,pre,120
e2_t121,763.68,978.82,0.1333,F7,2,pre,121
e2_t122,761.74,979.13,0.0,F7,2,pre,122
e2_t123,759.79,979.4,0.1333,F7,2,pre,123
e2_t124,757.84,979.61,0.0,F7,2,pre,124
e2_t125,755.89,979.78,0.0,F7,2,pre,125
e2_t126,753.93,979.9,0.0,F7,2,pre,126
e2_t127,751.96,979.98,0.1333,F7,2,pre,127
e2_t128,750.0,980.0,0.0,F7,2,pre,128
e2_t129,748.04,979.98,0.0,F7,2,pre,129
e2_t130,746.07,979.9,0.1333,F7,2,pre,130
e2_t131,744.11,979.78,0.0,F7,2,pre,131
e2_t132,742.16,979.61,0.0,F7,2,pre,132
e2_t133,740.21,979.4,0.1333,F7,2,pre,133
e2_t134,738.26,979.13,0.1333,F7,2,pre,134
e2_t135,736.32,978.82,0.0,F7,2,pre,135
e2_t136,734.39,978.46,0.0,F7,2,pre,136
e2_t137,732.47,978.06,0.0,F7,2,pre,137
e2_t138,730.56,977.6,0.0,F7,2,pre,138
e2_t139,728.66,977.1,0.0,F7,2,pre,139
e2_t140,726.78,976.56,0.2667,F7,2,pre,140
e2_t141,724.91,975.96,0.4,F7,2,pre,141
e2_t142,723.05,975.32,0.1333,F7,2,pre,142
e2_t143,721.21,974.64,0.0,F7,2,pre,143
e2_t144,719.39,973.91,0.0,F7,2,pre,144
e2_t145,717.58,973.14,0.0,F7,2,pre,145
e2_t146,715.8,972.32,0.0,F7,2,pre,146
e2_t147,714.03,971.46,0.0,F7,2,pre,147
e2_t148,712.29,970.55,0.1333,F7,2,pre,148
e2_t149,710.57,969.61,0.2667,F7,2,pre,149
e2_t150,708.87,968.62,0.2667,F7,2,pre,150
e2_t151,707.2,967.59,0.2667,F7,2,pre,151
e2_t152,705.55,966.52,0.4,F7,2,pre,152
e2_t153,703.94,965.41,0.4,F7,2,pre,153
e2_t154,702.34,964.26,0.4,F7,2,pre,154
e2_t155,700.78,963.07,0.1333,F7,2,pre,155
e2_t156,699.25,961.84,0.0,F7,2,pre,156
e2_t157,697.75,960.58,0.4,F7,2,pre,157
e2_t158,696.28,959.28,0.5333,F7,2,pre,158
e2_t159,694.84,957.94,0.1333,F7,2,pre,159
e2_t160,693.43,956.57,0.0,F7,2,pre,160
e2_t161,692.06,955.16,0.0,F7,2,pre,161
e2_t162,690.72,953.72,0.0,F7,2,pre,162
e2_t163,689.42,952.25,0.2667,F7,2,pre,163
e2_t164,688.16,950.75,0.1333,F7,2,pre,164
e2_t165,686.93,949.22,0.1333,F7,2,pre,165
e2_t166,685.74,947.66,0.0,F7,2,pre,166
e2_t167,684.59,946.06,0.0,F7,2,pre,167
e2_t168,683.48,944.45,0.0,F7,2,pre,168
e2_t169,682.41,942.8,0.0,F7,2,pre,169
e2_t170,681.38,941.13,0.0,F7,2,pre,170
e2_t171,680.39,939.43,0.0,F7,2,pre,171
e2_t172,679.45,937.71,0.1333,F7,2,pre,172
e2_t173,678.54,935.97,0.0,F7,2,pre,173
e2_t174,677.68,934.2,0.0,F7,2,pre,174
e2_t175,676.86,932.42,0.0,F7,2,pre,175
e2_t176,676.09,930.61,0.1333,F7,2,pre,176
e2_t177,675.36,928.79,0.0,F7,2,pre,177
e2_t178,674.68,926.95,0.2667,F7,2,pre,178
e2_t179,674.04,925.09,0.2667,F7,2,pre,179
e2_t180,673.44,923.22,0.1333,F7,2,pre,180
e2_t181,672.9,921.34,0.0,F7,2,pre,181
e2_t182,672.4,919.44,0.0,F7,2,pre,182
e2_t183,671.94,917.53,0.0,F7,2,pre,183
e2_t184,671.54,915.61,0.0,F7,2,pre,184
e2_t185,671.18,913.68,0.2667,F7,2,pre,185
e2_t186,670.87,911.74,0.6667,F7,2,pre,186
e2_t187,670.6,909.79,0.4,F7,2,pre,187
e2_t188,670.39,907.84,0.1333,F7,2,pre,188
e2_t189,670.22,905.89,0.2667,F7,2,pre,189
e2_t190,670.1,903.93,0.4,F7,2,pre,190
e2_t191,670.02,901.96,0.1333,F7,2,pre,191
e2_t192,670.0,900.0,0.2667,F7,2,pre,192
e2_t193,670.02,898.04,0.2667,F7,2,pre,193
e2_t194,670.1,896.07,0.2667,F7,2,pre,194
e2_t195,670.22,894.11,0.0,F7,2,pre,195
e2_t196,670.39,892.16,0.1333,F7,2,pre,196
e2_t197,670.6,890.21,0.4,F7,2,pre,197
e2_t198,670.87,888.26,0.5333,F7,2,pre,198
e2_t199,671.18,886.32,0.5333,F7,2,pre,199
e2_t200,671.54,884.39,0.4,F7,2,pre,200
e2_t201,671.94,882.47,1.2,F7,2,pre,201
e2_t202,672.4,880.56,0.8,F7,2,pre,202
e2_t203,672.9,878.66,0.2667,F7,2,pre,203
e2_t204,673.44,876.78,0.0,F7,2,pre,204
e2_t205,674.04,874.91,0.1333,F7,2,pre,205
e2_t206,674.68,873.05,0.1333,F7,2,pre,206
e2_t207,675.36,871.21,0.0,F7,2,pre,207
e2_t208,676.09,869.39,0.0,F7,2,pre,208
e2_t209,676.86,867.58,0.0,F7,2,pre,209
e2_t210,677.68,865.8,0.1333,F7,2,pre,210
e2_t211,678.54,864.03,0.2667,F7,2,pre,211
e2_t212,679.45,862.29,0.0,F7,2,pre,212
e2_t213,680.39,860.57,0.4,F7,2,pre,213
e2_t214,681.38,858.87,0.4,F7,2,pre,214
e2_t215,682.41,857.2,0.1333,F7,2,pre,215
e2_t216,683.48,855.55,0.0,F7,2,pre,216
e2_t217,684.59,853.94,0.0,F7,2,pre,217
e2_t218,685.74,852.34,0.0,F7,2,pre,218
e2_t219,686.93,850.78,0.1333,F7,2,pre,219
e2_t220,688.16,849.25,0.4,F7,2,pre,220
e2_t221,689.42,847.75,0.4,F7,2,pre,221
e2_t222,690.72,846.28,0.5333,F7,2,pre,222
e2_t223,692.06,844.84,0.5333,F7,2,pre,223
e2_t224,693.43,843.43,0.2667,F7,2,pre,224
e2_t225,694.84,842.06,0.4,F7,2,pre,225
e2_t226,696.28,840.72,0.2667,F7,2,pre,226
e2_t227,697.75,839.42,0.0,F7,2,pre,227
e2_t228,699.25,838.16,0.1333,F7,2,pre,228
e2_t229,700.78,836.93,0.0,F7,2,pre,229
e2_t230,702.34,835.74,0.0,F7,2,pre,230
e2_t231,703.94,834.59,0.0,F7,2,pre,231
e2_t232,705.55,833.48,0.0,F7,2,pre,232
e2_t233,707.2,832.41,0.2667,F7,2,pre,233
e2_t234,708.87,831.38,0.4,F7,2,pre,234
e2_t235,710.57,830.39,0.2667,F7,2,pre,235
e2_t236,712.29,829.45,0.2667,F7,2,pre,236
e2_t237,714.03,828.54,0.1333,F7,2,pre,237
e2_t238,715.8,827.68,0.2667,F7,2,pre,238
e2_t239,717.58,826.86,0.0,F7,2,pre,239
e2_t240,719.39,826.09,0.1333,F7,2,pre,240
e2_t241,721.21,825.36,0.2667,F7,2,pre,241
e2_t242,723.05,824.68,0.2667,F7,2,pre,242
e2_t243,724.91,824.04,0.2667,F7,2,pre,243
e2_t244,726.78,823.44,0.0,F7,2,pre,244
e2_t245,728.66,822.9,0.1333,F7,2,pre,245
e2_t246,730.56,822.4,0.1333,F7,2,pre,246
e2_t247,732.47,821.94,0.0,F7,2,pre,247
e2_t248,734.39,821.54,0.1333,F7,2,pre,248
e2_t249,736.32,821.18,0.5333,F7,2,pre,249
e2_t250,738.26,820.87,0.8,F7,2,pre,250
e2_t251,740.21,820.6,0.6667,F7,2,pre,251
e2_t252,742.16,820.39,0.5333,F7,2,pre,252
e2_t253,744.11,820.22,0.8,F7,2,pre,253
e2_t254,746.07,820.1,0.6667,F7,2,pre,254
e2_t255,748.04,820.02,0.2667,F7,2,pre,255
e3_t0,1750.0,670.0,0.4,F3,3,pre,0
e3_t1,1751.96,670.02,0.4,F3,3,pre,1
e3_t2,1753.93,670.1,0.1333,F3,3,pre,2
e3_t3,1755.89,670.22,0.1333,F3,3,pre,3
e3_t4,1757.84,670.39,0.0,F3,3,pre,4
e3_t5,1759.79,670.6,0.1333,F3,3,pre,5
e3_t6,1761.74,670.87,0.2667,F3,3,pre,6
e3_t7,1763.68,671.18,0.4,F3,3,pre,7
e3_t8,1765.61,671.54,0.4,F3,3,pre,8
e3_t9,1767.53,671.94,0.8,F3,3,pre,9
e3_t10,1769.44,672.4,0.5333,F3,3,pre,10
e3_t11,1771.34,672.9,0.2667,F3,3,pre,11
e3_t12,1773.22,673.44,0.4,F3,3,pre,12
e3_t13,1775.09,674.04,0.1333,F3,3,pre,13
e3_t14,1776.95,674.68,0.0,F3,3,pre,14
e3_t15,1778.79,675.36,0.0,F3,3,pre,15
e3_t16,1780.61,676.09,0.0,F3,3,pre,16
e3_t17,1782.42,676.86,0.1333,F3,3,pre,17
e3_t18,1784.2,677.68,0.2667,F3,3,pre,18
e3_t19,1785.97,678.54,0.1333,F3,3,pre,19
e3_t20,1787.71,679.45,0.1333,F3,3,pre,20
e3_t21,1789.43,680.39,0.1333,F3,3,pre,21
e3_t22,1791.13,681.38,0.2667,F3,3,pre,22
e3_t23,1792.8,682.41,0.4,F3,3,pre,23
e3_t24,1794.45,683.48,0.8,F3,3,pre,24
e3_t25,1796.06,684.59,0.9333,F3,3,pre,25
e3_t26,1797.66,685.74,0.5333,F3,3,pre,26
e3_t27,1799.22,686.93,0.1333,F3,3,pre,27
e3_t28,1800.75,688.16,0.1333,F3,3,pre,28
e3_t29,1802.25,689.42,0.0,F3,3,pre,29
e3_t30,1803.72,690.72,0.0,F3,3,pre,30
e3_t31,1805.16,692.06,0.0,F3,3,pre,31
e3_t32,1806.57,693.43,0.0,F3,3,pre,32
e3_t33,1807.94,694.84,0.0,F3,3,pre,33
e3_t34,1809.28,696.28,0.0,F3,3,pre,34
e3_t35,1810.58,697.75,0.0,F3,3,pre,35
e3_t36,1811.84,699.25,0.0,F3,3,pre,36
e3_t37,1813.07,700.78,0.1333,F3,3,pre,37
e3_t38,1814.26,702.34,0.0,F3,3,pre,38
e3_t39,1815.41,703.94,0.2667,F3,3,pre,39
e3_t40,1816.52,705.55,1.0667,F3,3,pre,40
e3_t41,1817.59,707.2,1.0667,F3,3,pre,41
e3_t42,1818.62,708.87,0.4,F3,3,pre,42
e3_t43,1819.61,710.57,0.6667,F3,3,pre,43
e3_t44,1820.55,712.29,0.6667,F3,3,pre,44
e3_t45,1821.46,714.03,0.4,F3,3,pre,45
e3_t46,1822.32,715.8,0.1333,F3,3,pre,46
e3_t47,1823.14,717.58,0.0,F3,3,pre,47
e3_t48,1823.91,719.39,0.0,F3,3,pre,48
e3_t49,1824.64,721.21,0.0,F3,3,pre,49
e3_t50,1825.32,723.05,0.0,F3,3,pre,50
e3_t51,1825.96,724.91,0.0,F3,3,pre,51
e3_t52,1826.56,726.78,0.0,F3,3,pre,52
e3_t53,1827.1,728.66,0.0,F3,3,pre,53
e3_t54,1827.6,730.56,0.1333,F3,3,pre,54
e3_t55,1828.06,732.47,0.5333,F3,3,pre,55
e3_t56,1828.46,734.39,1.0667,F3,3,pre,56
e3_t57,1828.82,736.32,1.2,F3,3,pre,57
e3_t58,1829.13,738.26,0.9333,F3,3,pre,58
e3_t59,1829.4,740.21,0.8,F3,3,pre,59
e3_t60,1829.61,742.16,1.7333,F3,3,pre,60
e3_t61,1829.78,744.11,0.4,F3,3,pre,61
e3_t62,1829.9,746.07,0.1333,F3,3,pre,62
e3_t63,1829.98,748.04,0.0,F3,3,pre,63
e3_t64,1830.0,750.0,0.1333,F3,3,pre,64
e3_t65,1829.98,751.96,0.2667,F3,3,pre,65
e3_t66,1829.9,753.93,0.4,F3,3,pre,66
e3_t67,1829.78,755.89,0.4,F3,3,pre,67
e3_t68,1829.61,757.84,0.2667,F3,3,pre,68
e3_t69,1829.4,759.79,0.1333,F3,3,pre,69
e3_t70,1829.13,761.74,0.0,F3,3,pre,70
e3_t71,1828.82,763.68,0.2667,F3,3,pre,71
e3_t72,1828.46,765.61,0.4,F3,3,pre,72
e3_t73,1828.06,767.53,0.6667,F3,3,pre,73
e3_t74,1827.6,769.44,0.2667,F3,3,pre,74
e3_t75,1827.1,771.34,0.6667,F3,3,pre,75
e3_t76,1826.56,773.22,1.0667,F3,3,pre,76
e3_t77,1825.96,775.09,0.2667,F3,3,pre,77
e3_t78,1825.32,776.95,0.1333,F3,3,pre,78
e3_t79,1824.64,778.79,0.5333,F3,3,pre,79
e3_t80,1823.91,780.61,0.1333,F3,3,pre,80
e3_t81,1823.14,782.42,0.0,F3,3,pre,81
e3_t82,1822.32,784.2,0.0,F3,3,pre,82
e3_t83,1821.46,785.97,0.1333,F3,3,pre,83
e3_t84,1820.55,787.71,0.2667,F3,3,pre,84
e3_t85,1819.61,789.43,0.1333,F3,3,pre,85
e3_t86,1818.62,791.13,0.0,F3,3,pre,86
e3_t87,1817.59,792.8,0.0,F3,3,pre,87
e3_t88,1816.52,794.45,0.2667,F3,3,pre,88
e3_t89,1815.41,796.06,0.4,F3,3,pre,89
e3_t90,1814.26,797.66,0.4,F3,3,pre,90
e3_t91,1813.07,799.22,1.2,F3,3,pre,91
e3_t92,1811.84,800.75,1.7333,F3,3,pre,92
e3_t93,1810.58,802.25,0.6667,F3,3,pre,93
e3_t94,1809.28,803.72,0.2667,F3,3,pre,94
e3_t95,1807.94,805.16,0.2667,F3,3,pre,95
e3_t96,1806.57,806.57,0.2667,F3,3,pre,96
e3_t97,1805.16,807.94,0.2667,F3,3,pre,97
e3_t98,1803.72,809.28,0.2667,F3,3,pre,98
e3_t99,1802.25,810.58,0.0,F3,3,pre,99
e3_t100,1800.75,811.84,0.0,F3,3,pre,100
e3_t101,1799.22,813.07,0.0,F3,3,pre,101
e3_t102,1797.66,814.26,0.0,F3,3,pre,102
e3_t103,1796.06,815.41,0.1333,F3,3,pre,103
e3_t104,1794.45,816.52,0.5333,F3,3,pre,104
e3_t105,1792.8,817.59,0.8,F3,3,pre,105
e3_t106,1791.13,818.62,0.6667,F3,3,pre,106
e3_t107,1789.43,819.61,0.9333,F3,3,pre,107
e3_t108,1787.71,820.55,0.5333,F3,3,pre,108
e3_t109,1785.97,821.46,0.1333,F3,3,pre,109
e3_t110,1784.2,822.32,0.1333,F3,3,pre,110
e3_t111,1782.42,823.14,0.4,F3,3,pre,111
e3_t112,1780.61,823.91,0.2667,F3,3,pre,112
e3_t113,1778.79,824.64,0.2667,F3,3,pre,113
e3_t114,1776.95,825.32,0.5333,F3,3,pre,114
e3_t115,1775.09,825.96,0.6667,F3,3,pre,115
e3_t116,1773.22,826.56,0.5333,F3,3,pre,116
e3_t117,1771.34,827.1,0.4,F3,3,pre,117
e3_t118,1769.44,827.6,0.1333,F3,3,pre,118
e3_t119,1767.53,828.06,0.5333,F3,3,pre,119
e3_t120,1765.61,828.46,1.0667,F3,3,pre,120
e3_t121,1763.68,828.82,1.4667,F3,3,pre,121
e3_t122,1761.74,829.13,0.4,F3,3,pre,122
e3_t123,1759.79,829.4,0.4,F3,3,pre,123
e3_t124,1757.84,829.61,0.9333,F3,3,pre,124
e3_t125,1755.89,829.78,0.8,F3,3,pre,125
e3_t126,1753.93,829.9,0.5333,F3,3,pre,126
e3_t127,1751.96,829.98,0.9333,F3,3,pre,127
e3_t128,1750.0,830.0,0.4,F3,3,pre,128
e3_t129,1748.04,829.98,0.1333,F3,3,pre,129
e3_t130,1746.07,829.9,0.4,F3,3,pre,130
e3_t131,1744.11,829.78,0.2667,F3,3,pre,131
e3_t132,1742.16,829.61,0.4,F3,3,pre,132
e3_t133,1740.21,829.4,0.2667,F3,3,pre,133
e3_t134,1738.26,829.13,0.1333,F3,3,pre,134
e3_t135,1736.32,828.82,0.4,F3,3,pre,135
e3_t136,1734.39,828.46,0.6667,F3,3,pre,136
e3_t137,1732.47,828.06,0.4,F3,3,pre,137
e3_t138,1730.56,827.6,0.4,F3,3,pre,138
e3_t139,1728.66,827.1,1.3333,F3,3,pre,139
e3_t140,1726.78,826.56,1.6,F3,3,pre,140
e3_t141,1724.91,825.96,0.6667,F3,3,pre,141
e3_t142,1723.05,825.32,0.0,F3,3,pre,142
e3_t143,1721.21,824.64,0.0,F3,3,pre,143
e3_t144,1719.39,823.91,0.2667,F3,3,pre,144
e3_t145,1717.58,823.14,0.2667,F3,3,pre,145
e3_t146,1715.8,822.32,0.1333,F3,3,pre,146
e3_t147,1714.03,821.46,0.0,F3,3,pre,147
e3_t148,1712.29,820.55,0.2667,F3,3,pre,148
e3_t149,1710.57,819.61,0.2667,F3,3,pre,149
e3_t150,1708.87,818.62,0.2667,F3,3,pre,150
e3_t151,1707.2,817.59,0.5333,F3,3,pre,151
e3_t152,1705.55,816.52,0.8,F3,3,pre,152
e3_t153,1703.94,815.41,0.8,F3,3,pre,153
e3_t154,1702.34,814.26,0.5333,F3,3,pre,154
e3_t155,1700.78,813.07,0.9333,F3,3,pre,155
e3_t156,1699.25,811.84,1.2,F3,3,pre,156
e3_t157,1697.75,810.58,0.5333,F3,3,pre,157
e3_t158,1696.28,809.28,0.4,F3,3,pre,158
e3_t159,1694.84,807.94,0.8,F3,3,pre,159
e3_t160,1693.43,806.57,0.2667,F3,3,pre,160
e3_t161,1692.06,805.16,0.4,F3,3,pre,161
e3_t162,1690.72,803.72,0.2667,F3,3,pre,162
e3_t163,1689.42,802.25,0.1333,F3,3,pre,163
e3_t164,1688.16,800.75,0.0,F3,3,pre,164
e3_t165,1686.93,799.22,0.0,F3,3,pre,165
e3_t166,1685.74,797.66,0.2667,F3,3,pre,166
e3_t167,1684.59,796.06,0.4,F3,3,pre,167
e3_t168,1683.48,794.45,0.9333,F3,3,pre,168
e3_t169,1682.41,792.8,1.3333,F3,3,pre,169
e3_t170,1681.38,791.13,0.1333,F3,3,pre,170
e3_t171,1680.39,789.43,0.2667,F3,3,pre,171
e3_t172,1679.45,787.71,0.6667,F3,3,pre,172
e3_t173,1678.54,785.97,0.1333,F3,3,pre,173
e3_t174,1677.68,784.2,0.0,F3,3,pre,174
e3_t175,1676.86,782.42,0.0,F3,3,pre,175
e3_t176,1676.09,780.61,0.0,F3,3,pre,176
e3_t177,1675.36,778.79,0.0,F3,3,pre,177
e3_t178,1674.68,776.95,0.0,F3,3,pre,178
e3_t179,1674.04,775.09,0.1333,F3,3,pre,179
e3_t180,1673.44,773.22,0.1333,F3,3,pre,180
e3_t181,1672.9,771.34,0.0,F3,3,pre,181
e3_t182,1672.4,769.44,0.0,F3,3,pre,182
e3_t183,1671.94,767.53,0.1333,F3,3,pre,183
e3_t184,1671.54,765.61,0.4,F3,3,pre,184
e3_t185,1671.18,763.68,0.6667,F3,3,pre,185
e3_t186,1670.87,761.74,0.0,F3,3,pre,186
e3_t187,1670.6,759.79,0.6667,F3,3,pre,187
e3_t188,1670.39,757.84,1.2,F3,3,pre,188
e3_t189,1670.22,755.89,0.5333,F3,3,pre,189
e3_t190,1670.1,753.93,0.0,F3,3,pre,190
e3_t191,1670.02,751.96,0.1333,F3,3,pre,191
e3_t192,1670.0,750.0,0.0,F3,3,pre,192
e3_t193,1670.02,748.04,0.0,F3,3,pre,193
e3_t194,1670.1,746.07,0.1333,F3,3,pre,194
e3_t195,1670.22,744.11,0.2667,F3,3,pre,195
e3_t196,1670.39,742.16,0.5333,F3,3,pre,196
e3_t197,1670.6,740.21,0.4,F3,3,pre,197
e3_t198,1670.87,738.26,0.2667,F3,3,pre,198
e3_t199,1671.18,736.32,0.2667,F3,3,pre,199
e3_t200,1671.54,734.39,0.2667,F3,3,pre,200
e3_t201,1671.94,732.47,0.2667,F3,3,pre,201
e3_t202,1672.4,730.56,0.0,F3,3,pre,202
e3_t203,1672.9,728.66,0.5333,F3,3,pre,203
e3_t204,1673.44,726.78,0.4,F3,3,pre,204
e3_t205,1674.04,724.91,0.0,F3,3,pre,205
e3_t206,1674.68,723.05,0.1333,F3,3,pre,206
e3_t207,1675.36,721.21,0.0,F3,3,pre,207
e3_t208,1676.09,719.39,0.0,F3,3,pre,208
e3_t209,1676.86,717.58,0.1333,F3,3,pre,209
e3_t210,1677.68,715.8,0.2667,F3,3,pre,210
e3_t211,1678.54,714.03,0.0,F3,3,pre,211
e3_t212,1679.45,712.29,0.1333,F3,3,pre,212
e3_t213,1680.39,710.57,0.0,F3,3,pre,213
e3_t214,1681.38,708.87,0.1333,F3,3,pre,214
e3_t215,1682.41,707.2,0.2667,F3,3,pre,215
e3_t216,1683.48,705.55,0.0,F3,3,pre,216
e3_t217,1684.59,703.94,0.0,F3,3,pre,217
e3_t218,1685.74,702.34,0.1333,F3,3,pre,218
e3_t219,1686.93,700.78,0.2667,F3,3,pre,219
e3_t220,1688.16,699.25,0.1333,F3,3,pre,220
e3_t221,1689.42,697.75,0.1333,F3,3,pre,221
e3_t222,1690.72,696.28,0.5333,F3,3,pre,222
e3_t223,1692.06,694.84,0.5333,F3,3,pre,223
e3_t224,1693.43,693.43,0.1333,F3,3,pre,224
e3_t225,1694.84,692.06,0.0,F3,3,pre,225
e3_t226,1696.28,690.72,0.0,F3,3,pre,226
e3_t227,1697.75,689.42,0.1333,F3,3,pre,227
e3_t228,1699.25,688.16,0.0,F3,3,pre,228
e3_t229,1700.78,686.93,0.1333,F3,3,pre,229
e3_t230,1702.34,685.74,0.1333,F3,3,pre,230
e3_t231,1703.94,684.59,0.0,F3,3,pre,231
e3_t232,1705.55,683.48,0.1333,F3,3,pre,232
e3_t233,1707.2,682.41,0.2667,F3,3,pre,233
e3_t234,1708.87,681.38,0.5333,F3,3,pre,234
e3_t235,1710.57,680.39,1.4667,F3,3,pre,235
e3_t236,1712.29,679.45,1.2,F3,3,pre,236
e3_t237,1714.03,678.54,0.6667,F3,3,pre,237
e3_t238,1715.8,677.68,0.0,F3,3,pre,238
e3_t239,1717.58,676.86,0.0,F3,3,pre,239
e3_t240,1719.39,676.09,0.1333,F3,3,pre,240
e3_t241,1721.21,675.36,0.5333,F3,3,pre,241
e3_t242,1723.05,674.68,0.4,F3,3,pre,242
e3_t243,1724.91,674.04,0.1333,F3,3,pre,243
e3_t244,1726.78,673.44,0.5333,F3,3,pre,244
e3_t245,1728.66,672.9,0.5333,F3,3,pre,245
e3_t246,1730.56,672.4,0.4,F3,3,pre,246
e3_t247,1732.47,671.94,0.4,F3,3,pre,247
e3_t248,1734.39,671.54,0.6667,F3,3,pre,248
e3_t249,1736.32,671.18,1.2,F3,3,pre,249
e3_t250,1738.26,670.87,0.9333,F3,3,pre,250
e3_t251,1740.21,670.6,0.6667,F3,3,pre,251
e3_t252,1742.16,670.39,0.4,F3,3,pre,252
e3_t253,1744.11,670.22,0.1333,F3,3,pre,253
e3_t254,1746.07,670.1,0.2667,F3,3,pre,254
e3_t255,1748.04,670.02,0.9333,F3,3,pre,255
e4_t0,2500.0,520.0,0.2667,FZ,4,pre,0
e4_t1,2501.96,520.02,0.4,FZ,4,pre,1
e4_t2,2503.93,520.1,0.4,FZ,4,pre,2
e4_t3,2505.89,520.22,0.0,FZ,4,pre,3
e4_t4,2507.84,520.39,0.0,FZ,4,pre,4
e4_t5,2509.79,520.6,0.0,FZ,4,pre,5
e4_t6,2511.74,520.87,0.0,FZ,4,pre,6
e4_t7,2513.68,521.18,0.2667,FZ,4,pre,7
e4_t8,2515.61,521.54,0.4,FZ,4,pre,8
e4_t9,2517.53,521.94,0.4,FZ,4,pre,9
e4_t10,2519.44,522.4,0.2667,FZ,4,pre,10
e4_t11,2521.34,522.9,0.4,FZ,4,pre,11
e4_t12,2523.22,523.44,0.4,FZ,4,pre,12
e4_t13,2525.09,524.04,0.2667,FZ,4,pre,13
e4_t14,2526.95,524.68,0.2667,FZ,4,pre,14
e4_t15,2528.79,525.36,0.0,FZ,4,pre,15
e4_t16,2530.61,526.09,0.0,FZ,4,pre,16
e4_t17,2532.42,526.86,0.0,FZ,4,pre,17
e4_t18,2534.2,527.68,0.0,FZ,4,pre,18
e4_t19,2535.97,528.54,0.0,FZ,4,pre,19
e4_t20,2537.71,529.45,0.2667,FZ,4,pre,20
e4_t21,2539.43,530.39,0.2667,FZ,4,pre,21
e4_t22,2541.13,531.38,0.4,FZ,4,pre,22
e4_t23,2542.8,532.41,0.2667,FZ,4,pre,23
e4_t24,2544.45,533.48,0.1333,FZ,4,pre,24
e4_t25,2546.06,534.59,0.2667,FZ,4,pre,25
e4_t26,2547.66,535.74,0.4,FZ,4,pre,26
e4_t27,2549.22,536.93,0.4,FZ,4,pre,27
e4_t28,2550.75,538.16,0.1333,FZ,4,pre,28
e4_t29,2552.25,539.42,0.0,FZ,4,pre,29
e4_t30,2553.72,540.72,0.1333,FZ,4,pre,30
e4_t31,2555.16,542.06,0.5333,FZ,4,pre,31
e4_t32,2556.57,543.43,0.4,FZ,4,pre,32
e4_t33,2557.94,544.84,0.2667,FZ,4,pre,33
e4_t34,2559.28,546.28,0.2667,FZ,4,pre,34
e4_t35,2560.58,547.75,0.0,FZ,4,pre,35
e4_t36,2561.84,549.25,0.0,FZ,4,pre,36
e4_t37,2563.07,550.78,0.1333,FZ,4,pre,37
e4_t38,2564.26,552.34,0.0,FZ,4,pre,38
e4_t39,2565.41,553.94,0.1333,FZ,4,pre,39
e4_t40,2566.52,555.55,0.1333,FZ,4,pre,40
e4_t41,2567.59,557.2,0.4,FZ,4,pre,41
e4_t42,2568.62,558.87,0.4,FZ,4,pre,42
e4_t43,2569.61,560.57,0.2667,FZ,4,pre,43
e4_t44,2570.55,562.29,0.2667,FZ,4,pre,44
e4_t45,2571.46,564.03,0.2667,FZ,4,pre,45
e4_t46,2572.32,565.8,0.2667,FZ,4,pre,46
e4_t47,2573.14,567.58,0.2667,FZ,4,pre,47
e4_t48,2573.91,569.39,0.2667,FZ,4,pre,48
e4_t49,2574.64,571.21,0.4,FZ,4,pre,49
e4_t50,2575.32,573.05,0.4,FZ,4,pre,50
e4_t51,2575.96,574.91,0.2667,FZ,4,pre,51
e4_t52,2576.56,576.78,0.2667,FZ,4,pre,52
e4_t53,2577.1,578.66,0.2667,FZ,4,pre,53
e4_t54,2577.6,580.56,0.4,FZ,4,pre,54
e4_t55,2578.06,582.47,0.4,FZ,4,pre,55
e4_t56,2578.46,584.39,0.2667,FZ,4,pre,56
e4_t57,2578.82,586.32,0.4,FZ,4,pre,57
e4_t58,2579.13,588.26,0.2667,FZ,4,pre,58
e4_t59,2579.4,590.21,0.2667,FZ,4,pre,59
e4_t60,2579.61,592.16,0.2667,FZ,4,pre,60
e4_t61,2579.78,594.11,0.1333,FZ,4,pre,61
e4_t62,2579.9,596.07,0.1333,FZ,4,pre,62
e4_t63,2579.98,598.04,0.1333,FZ,4,pre,63
e4_t64,2580.0,600.0,0.4,FZ,4,pre,64
e4_t65,2579.98,601.96,0.2667,FZ,4,pre,65
e4_t66,2579.9,603.93,0.1333,FZ,4,pre,66
e4_t67,2579.78,605.89,0.0,FZ,4,pre,67
e4_t68,2579.61,607.84,0.1333,FZ,4,pre,68
e4_t69,2579.4,609.79,0.2667,FZ,4,pre,69
e4_t70,2579.13,611.74,0.2667,FZ,4,pre,70
e4_t71,2578.82,613.68,0.4,FZ,4,pre,71
e4_t72,2578.46,615.61,0.4,FZ,4,pre,72
e4_t73,2578.06,617.53,0.1333,FZ,4,pre,73
e4_t74,2577.6,619.44,0.1333,FZ,4,pre,74
e4_t75,2577.1,621.34,0.0,FZ,4,pre,75
e4_t76,2576.56,623.22,0.1333,FZ,4,pre,76
e4_t77,2575.96,625.09,0.2667,FZ,4,pre,77
e4_t78,2575.32,626.95,0.5333,FZ,4,pre,78
e4_t79,2574.64,628.79,0.4,FZ,4,pre,79
e4_t80,2573.91,630.61,0.2667,FZ,4,pre,80
e4_t81,2573.14,632.42,0.1333,FZ,4,pre,81
e4_t82,2572.32,634.2,0.0,FZ,4,pre,82
e4_t83,2571.46,635.97,0.1333,FZ,4,pre,83
e4_t84,2570.55,637.71,0.4,FZ,4,pre,84
e4_t85,2569.61,639.43,0.4,FZ,4,pre,85
e4_t86,2568.62,641.13,0.5333,FZ,4,pre,86
e4_t87,2567.59,642.8,0.8,FZ,4,pre,87
e4_t88,2566.52,644.45,0.8,FZ,4,pre,88
e4_t89,2565.41,646.06,0.5333,FZ,4,pre,89
e4_t90,2564.26,647.66,0.2667,FZ,4,pre,90
e4_t91,2563.07,649.22,0.1333,FZ,4,pre,91
e4_t92,2561.84,650.75,0.1333,FZ,4,pre,92
e4_t93,2560.58,652.25,0.2667,FZ,4,pre,93
e4_t94,2559.28,653.72,0.2667,FZ,4,pre,94
e4_t95,2557.94,655.16,0.2667,FZ,4,pre,95
e4_t96,2556.57,656.57,0.1333,FZ,4,pre,96
e4_t97,2555.16,657.94,0.1333,FZ,4,pre,97
e4_t98,2553.72,659.28,0.1333,FZ,4,pre,98
e4_t99,2552.25,660.58,0.2667,FZ,4,pre,99
e4_t100,2550.75,661.84,0.4,FZ,4,pre,100
e4_t101,2549.22,663.07,0.4,FZ,4,pre,101
e4_t102,2547.66,664.26,0.2667,FZ,4,pre,102
e4_t103,2546.06,665.41,0.1333,FZ,4,pre,103
e4_t104,2544.45,666.52,0.0,FZ,4,pre,104
e4_t105,2542.8,667.59,0.0,FZ,4,pre,105
e4_t106,2541.13,668.62,0.0,FZ,4,pre,106
e4_t107,2539.43,669.61,0.0,FZ,4,pre,107
e4_t108,2537.71,670.55,0.0,FZ,4,pre,108
e4_t109,2535.97,671.46,0.0,FZ,4,pre,109
e4_t110,2534.2,672.32,0.1333,FZ,4,pre,110
e4_t111,2532.42,673.14,0.2667,FZ,4,pre,111
e4_t112,2530.61,673.91,0.4,FZ,4,pre,112
e4_t113,2528.79,674.64,0.1333,FZ,4,pre,113
e4_t114,2526.95,675.32,0.0,FZ,4,pre,114
e4_t115,2525.09,675.96,0.0,FZ,4,pre,115
e4_t116,2523.22,676.56,0.0,FZ,4,pre,116
e4_t117,2521.34,677.1,0.0,FZ,4,pre,117
e4_t118,2519.44,677.6,0.0,FZ,4,pre,118
e4_t119,2517.53,678.06,0.0,FZ,4,pre,119
e4_t120,2515.61,678.46,0.0,FZ,4,pre,120
e4_t121,2513.68,678.82,0.0,FZ,4,pre,121
e4_t122,2511.74,679.13,0.0,FZ,4,pre,122
e4_t123,2509.79,679.4,0.0,FZ,4,pre,123
e4_t124,2507.84,679.61,0.0,FZ,4,pre,124
e4_t125,2505.89,679.78,0.0,FZ,4,pre,125
e4_t126,2503.93,679.9,0.1333,FZ,4,pre,126
e4_t127,2501.96,679.98,0.1333,FZ,4,pre,127
e4_t128,2500.0,680.0,0.2667,FZ,4,pre,128
e4_t129,2498.04,679.98,0.1333,FZ,4,pre,129
e4_t130,2496.07,679.9,0.0,FZ,4,pre,130
e4_t131,2494.11,679.78,0.1333,FZ,4,pre,131
e4_t132,2492.16,679.61,0.2667,FZ,4,pre,132
e4_t133,2490.21,679.4,0.1333,FZ,4,pre,133
e4_t134,2488.26,679.13,0.0,FZ,4,pre,134
e4_t135,2486.32,678.82,0.0,FZ,4,pre,135
e4_t136,2484.39,678.46,0.0,FZ,4,pre,136
e4_t137,2482.47,678.06,0.1333,FZ,4,pre,137
e4_t138,2480.56,677.6,0.2667,FZ,4,pre,138
e4_t139,2478.66,677.1,0.1333,FZ,4,pre,139
e4_t140,2476.78,676.56,0.0,FZ,4,pre,140
e4_t141,2474.91,675.96,0.1333,FZ,4,pre,141
e4_t142,2473.05,675.32,0.1333,FZ,4,pre,142
e4_t143,2471.21,674.64,0.1333,FZ,4,pre,143
e4_t144,2469.39,673.91,0.4,FZ,4,pre,144
e4_t145,2467.58,673.14,0.2667,FZ,4,pre,145
e4_t146,2465.8,672.32,0.1333,FZ,4,pre,146
e4_t147,2464.03,671.46,0.0,FZ,4,pre,147
e4_t148,2462.29,670.55,0.0,FZ,4,pre,148
e4_t149,2460.57,669.61,0.0,FZ,4,pre,149
e4_t150,2458.87,668.62,0.0,FZ,4,pre,150
e4_t151,2457.2,667.59,0.0,FZ,4,pre,151
e4_t152,2455.55,666.52,0.1333,FZ,4,pre,152
e4_t153,2453.94,665.41,0.0,FZ,4,pre,153
e4_t154,2452.34,664.26,0.0,FZ,4,pre,154
e4_t155,2450.78,663.07,0.1333,FZ,4,pre,155
e4_t156,2449.25,661.84,0.0,FZ,4,pre,156
e4_t157,2447.75,660.58,0.0,FZ,4,pre,157
e4_t158,2446.28,659.28,0.0,FZ,4,pre,158
e4_t159,2444.84,657.94,0.0,FZ,4,pre,159
e4_t160,2443.43,656.57,0.0,FZ,4,pre,160
e4_t161,2442.06,655.16,0.0,FZ,4,pre,161
e4_t162,2440.72,653.72,0.0,FZ,4,pre,162
e4_t163,2439.42,652.25,0.0,FZ,4,pre,163
e4_t164,2438.16,650.75,0.0,FZ,4,pre,164
e4_t165,2436.93,649.22,0.0,FZ,4,pre,165
e4_t166,2435.74,647.66,0.0,FZ,4,pre,166
e4_t167,2434.59,646.06,0.1333,FZ,4,pre,167
e4_t168,2433.48,644.45,0.4,FZ,4,pre,168
e4_t169,2432.41,642.8,0.2667,FZ,4,pre,169
e4_t170,2431.38,641.13,0.1333,FZ,4,pre,170
e4_t171,2430.39,639.43,0.1333,FZ,4,pre,171
e4_t172,2429.45,637.71,0.4,FZ,4,pre,172
e4_t173,2428.54,635.97,0.2667,FZ,4,pre,173
e4_t174,2427.68,634.2,0.0,FZ,4,pre,174
e4_t175,2426.86,632.42,0.0,FZ,4,pre,175
e4_t176,2426.09,630.61,0.0,FZ,4,pre,176
e4_t177,2425.36,628.79,0.2667,FZ,4,pre,177
e4_t178,2424.68,626.95,0.6667,FZ,4,pre,178
e4_t179,2424.04,625.09,0.8,FZ,4,pre,179
e4_t180,2423.44,623.22,0.5333,FZ,4,pre,180
e4_t181,2422.9,621.34,0.8,FZ,4,pre,181
e4_t182,2422.4,619.44,0.5333,FZ,4,pre,182
e4_t183,2421.94,617.53,0.2667,FZ,4,pre,183
e4_t184,2421.54,615.61,0.1333,FZ,4,pre,184
e4_t185,2421.18,613.68,0.0,FZ,4,pre,185
e4_t186,2420.87,611.74,0.1333,FZ,4,pre,186
e4_t187,2420.6,609.79,0.0,FZ,4,pre,187
e4_t188,2420.39,607.84,0.1333,FZ,4,pre,188
e4_t189,2420.22,605.89,0.4,FZ,4,pre,189
e4_t190,2420.1,603.93,0.8,FZ,4,pre,190
e4_t191,2420.02,601.96,0.6667,FZ,4,pre,191
e4_t192,2420.0,600.0,0.6667,FZ,4,pre,192
e4_t193,2420.02,598.04,0.8,FZ,4,pre,193
e4_t194,2420.1,596.07,0.4,FZ,4,pre,194
e4_t195,2420.22,594.11,0.1333,FZ,4,pre,195
e4_t196,2420.39,592.16,0.0,FZ,4,pre,196
e4_t197,2420.6,590.21,0.0,FZ,4,pre,197
e4_t198,2420.87,588.26,0.0,FZ,4,pre,198
e4_t199,2421.18,586.32,0.1333,FZ,4,pre,199
e4_t200,2421.54,584.39,0.4,FZ,4,pre,200
e4_t201,2421.94,582.47,0.8,FZ,4,pre,201
e4_t202,2422.4,580.56,0.5333,FZ,4,pre,202
e4_t203,2422.9,578.66,0.4,FZ,4,pre,203
e4_t204,2423.44,576.78,0.2667,FZ,4,pre,204
e4_t205,2424.04,574.91,0.0,FZ,4,pre,205
e4_t206,2424.68,573.05,0.0,FZ,4,pre,206
e4_t207,2425.36,571.21,0.0,FZ,4,pre,207
e4_t208,2426.09,569.39,0.0,FZ,4,pre,208
e4_t209,2426.86,567.58,0.0,FZ,4,pre,209
e4_t210,2427.68,565.8,0.1333,FZ,4,pre,210
e4_t211,2428.54,564.03,0.4,FZ,4,pre,211
e4_t212,2429.45,562.29,0.2667,FZ,4,pre,212
e4_t213,2430.39,560.57,0.2667,FZ,4,pre,213
e4_t214,2431.38,558.87,0.6667,FZ,4,pre,214
e4_t215,2432.41,557.2,0.4,FZ,4,pre,215
e4_t216,2433.48,555.55,0.4,FZ,4,pre,216
e4_t217,2434.59,553.94,0.1333,FZ,4,pre,217
e4_t218,2435.74,552.34,0.0,FZ,4,pre,218
e4_t219,2436.93,550.78,0.2667,FZ,4,pre,219
e4_t220,2438.16,549.25,0.4,FZ,4,pre,220
e4_t221,2439.42,547.75,0.6667,FZ,4,pre,221
e4_t222,2440.72,546.28,0.8,FZ,4,pre,222
e4_t223,2442.06,544.84,1.0667,FZ,4,pre,223
e4_t224,2443.43,543.43,0.9333,FZ,4,pre,224
e4_t225,2444.84,542.06,0.6667,FZ,4,pre,225
e4_t226,2446.28,540.72,0.1333,FZ,4,pre,226
e4_t227,2447.75,539.42,0.0,FZ,4,pre,227
e4_t228,2449.25,538.16,0.0,FZ,4,pre,228
e4_t229,2450.78,536.93,0.0,FZ,4,pre,229
e4_t230,2452.34,535.74,0.0,FZ,4,pre,230
e4_t231,2453.94,534.59,0.1333,FZ,4,pre,231
e4_t232,2455.55,533.48,0.2667,FZ,4,pre,232
e4_t233,2457.2,532.41,0.5333,FZ,4,pre,233
e4_t234,2458.87,531.38,0.8,FZ,4,pre,234
e4_t235,2460.57,530.39,0.8,FZ,4,pre,235
e4_t236,2462.29,529.45,0.8,FZ,4,pre,236
e4_t237,2464.03,528.54,0.5333,FZ,4,pre,237
e4_t238,2465.8,527.68,0.2667,FZ,4,pre,238
e4_t239,2467.58,526.86,0.0,FZ,4,pre,239
e4_t240,2469.39,526.09,0.0,FZ,4,pre,240
e4_t241,2471.21,525.36,0.0,FZ,4,pre,241
e4_t242,2473.05,524.68,0.0,FZ,4,pre,242
e4_t243,2474.91,524.04,0.0,FZ,4,pre,243
e4_t244,2476.78,523.44,0.0,FZ,4,pre,244
e4_t245,2478.66,522.9,0.0,FZ,4,pre,245
e4_t246,2480.56,522.4,0.1333,FZ,4,pre,246
e4_t247,2482.47,521.94,0.0,FZ,4,pre,247
e4_t248,2484.39,521.54,0.0,FZ,4,pre,248
e4_t249,2486.32,521.18,0.0,FZ,4,pre,249
e4_t250,2488.26,520.87,0.0,FZ,4,pre,250
e4_t251,2490.21,520.6,0.0,FZ,4,pre,251
e4_t252,2492.16,520.39,0.2667,FZ,4,pre,252
e4_t253,2494.11,520.22,0.4,FZ,4,pre,253
e4_t254,2496.07,520.1,0.2667,FZ,4,pre,254
e4_t255,2498.04,520.02,0.1333,FZ,4,pre,255
e5_t0,3250.0,670.0,0.2667,F4,5,pre,0
e5_t1,3251.96,670.02,0.5333,F4,5,pre,1
e5_t2,3253.93,670.1,0.4,F4,5,pre,2
e5_t3,3255.89,670.22,0.4,F4,5,pre,3
e5_t4,3257.84,670.39,0.1333,F4,5,pre,4
e5_t5,3259.79,670.6,0.1333,F4,5,pre,5
e5_t6,3261.74,670.87,0.0,F4,5,pre,6
e5_t7,3263.68,671.18,0.1333,F4,5,pre,7
e5_t8,3265.61,671.54,0.0,F4,5,pre,8
e5_t9,3267.53,671.94,0.1333,F4,5,pre,9
e5_t10,3269.44,672.4,0.1333,F4,5,pre,10
e5_t11,3271.34,672.9,0.4,F4,5,pre,11
e5_t12,3273.22,673.44,0.5333,F4,5,pre,12
e5_t13,3275.09,674.04,0.6667,F4,5,pre,13
e5_t14,3276.95,674.68,0.1333,F4,5,pre,14
e5_t15,3278.79,675.36,0.0,F4,5,pre,15
e5_t16,3280.61,676.09,0.0,F4,5,pre,16
e5_t17,3282.42,676.86,0.0,F4,5,pre,17
e5_t18,3284.2,677.68,0.0,F4,5,pre,18
e5_t19,3285.97,678.54,0.0,F4,5,pre,19
e5_t20,3287.71,679.45,0.0,F4,5,pre,20
e5_t21,3289.43,680.39,0.0,F4,5,pre,21
e5_t22,3291.13,681.38,0.0,F4,5,pre,22
e5_t23,3292.8,682.41,0.1333,F4,5,pre,23
e5_t24,3294.45,683.48,0.4,F4,5,pre,24
e5_t25,3296.06,684.59,0.4,F4,5,pre,25
e5_t26,3297.66,685.74,0.1333,F4,5,pre,26
e5_t27,3299.22,686.93,0.1333,F4,5,pre,27
e5_t28,3300.75,688.16,0.2667,F4,5,pre,28
e5_t29,3302.25,689.42,0.2667,F4,5,pre,29
e5_t30,3303.72,690.72,0.0,F4,5,pre,30
e5_t31,3305.16,692.06,0.1333,F4,5,pre,31
e5_t32,3306.57,693.43,0.0,F4,5,pre,32
e5_t33,3307.94,694.84,0.0,F4,5,pre,33
e5_t34,3309.28,696.28,0.0,F4,5,pre,34
e5_t35,3310.58,697.75,0.0,F4,5,pre,35
e5_t36,3311.84,699.25,0.0,F4,5,pre,36
e5_t37,3313.07,700.78,0.0,F4,5,pre,37
e5_t38,3314.26,702.34,0.0,F4,5,pre,38
e5_t39,3315.41,703.94,0.1333,F4,5,pre,39
e5_t40,3316.52,705.55,0.1333,F4,5,pre,40
e5_t41,3317.59,707.2,0.5333,F4,5,pre,41
e5_t42,3318.62,708.87,0.2667,F4,5,pre,42
e5_t43,3319.61,710.57,0.0,F4,5,pre,43
e5_t44,3320.55,712.29,0.4,F4,5,pre,44
e5_t45,3321.46,714.03,0.4,F4,5,pre,45
e5_t46,3322.32,715.8,0.0,F4,5,pre,46
e5_t47,3323.14,717.58,0.0,F4,5,pre,47
e5_t48,3323.91,719.39,0.1333,F4,5,pre,48
e5_t49,3324.64,721.21,0.1333,F4,5,pre,49
e5_t50,3325.32,723.05,0.0,F4,5,pre,50
e5_t51,3325.96,724.91,0.0,F4,5,pre,51
e5_t52,3326.56,726.78,0.0,F4,5,pre,52
e5_t53,3327.1,728.66,0.0,F4,5,pre,53
e5_t54,3327.6,730.56,0.0,F4,5,pre,54
e5_t55,3328.06,732.47,0.2667,F4,5,pre,55
e5_t56,3328.46,734.39,0.5333,F4,5,pre,56
e5_t57,3328.82,736.32,0.6667,F4,5,pre,57
e5_t58,3329.13,738.26,0.4,F4,5,pre,58
e5_t59,3329.4,740.21,0.2667,F4,5,pre,59
e5_t60,3329.61,742.16,0.1333,F4,5,pre,60
e5_t61,3329.78,744.11,0.0,F4,5,pre,61
e5_t62,3329.9,746.07,0.0,F4,5,pre,62
e5_t63,3329.98,748.04,0.0,F4,5,pre,63
e5_t64,3330.0,750.0,0.1333,F4,5,pre,64
e5_t65,3329.98,751.96,0.1333,F4,5,pre,65
e5_t66,3329.9,753.93,0.0,F4,5,pre,66
e5_t67,3329.78,755.89,0.0,F4,5,pre,67
e5_t68,3329.61,757.84,0.0,F4,5,pre,68
e5_t69,3329.4,759.79,0.1333,F4,5,pre,69
e5_t70,3329.13,761.74,0.4,F4,5,pre,70
e5_t71,3328.82,763.68,0.4,F4,5,pre,71
e5_t72,3328.46,765.61,0.5333,F4,5,pre,72
e5_t73,3328.06,767.53,0.4,F4,5,pre,73
e5_t74,3327.6,769.44,0.2667,F4,5,pre,74
e5_t75,3327.1,771.34,0.0,F4,5,pre,75
e5_t76,3326.56,773.22,0.2667,F4,5,pre,76
e5_t77,3325.96,775.09,0.4,F4,5,pre,77
e5_t78,3325.32,776.95,0.5333,F4,5,pre,78
e5_t79,3324.64,778.79,0.4,F4,5,pre,79
e5_t80,3323.91,780.61,0.5333,F4,5,pre,80
e5_t81,3323.14,782.42,0.5333,F4,5,pre,81
e5_t82,3322.32,784.2,0.5333,F4,5,pre,82
e5_t83,3321.46,785.97,0.1333,F4,5,pre,83
e5_t84,3320.55,787.71,0.0,F4,5,pre,84
e5_t85,3319.61,789.43,0.1333,F4,5,pre,85
e5_t86,3318.62,791.13,0.1333,F4,5,pre,86
e5_t87,3317.59,792.8,0.5333,F4,5,pre,87
e5_t88,3316.52,794.45,0.8,F4,5,pre,88
e5_t89,3315.41,796.06,0.4,F4,5,pre,89
e5_t90,3314.26,797.66,0.4,F4,5,pre,90
e5_t91,3313.07,799.22,0.4,F4,5,pre,91
e5_t92,3311.84,800.75,1.2,F4,5,pre,92
e5_t93,3310.58,802.25,0.6667,F4,5,pre,93
e5_t94,3309.28,803.72,0.6667,F4,5,pre,94
e5_t95,3307.94,805.16,0.2667,F4,5,pre,95
e5_t96,3306.57,806.57,0.0,F4,5,pre,96
e5_t97,3305.16,807.94,0.0,F4,5,pre,97
e5_t98,3303.72,809.28,0.1333,F4,5,pre,98
e5_t99,3302.25,810.58,0.4,F4,5,pre,99
e5_t100,3300.75,811.84,0.4,F4,5,pre,100
e5_t101,3299.22,813.07,0.2667,F4,5,pre,101
e5_t102,3297.66,814.26,0.4,F4,5,pre,102
e5_t103,3296.06,815.41,0.5333,F4,5,pre,103
e5_t104,3294.45,816.52,1.0667,F4,5,pre,104
e5_t105,3292.8,817.59,0.5333,F4,5,pre,105
e5_t106,3291.13,818.62,0.4,F4,5,pre,106
e5_t107,3289.43,819.61,0.2667,F4,5,pre,107
e5_t108,3287.71,820.55,0.2667,F4,5,pre,108
e5_t109,3285.97,821.46,0.4,F4,5,pre,109
e5_t110,3284.2,822.32,0.6667,F4,5,pre,110
e5_t111,3282.42,823.14,0.2667,F4,5,pre,111
e5_t112,3280.61,823.91,0.6667,F4,5,pre,112
e5_t113,3278.79,824.64,0.6667,F4,5,pre,113
e5_t114,3276.95,825.32,0.4,F4,5,pre,114
e5_t115,3275.09,825.96,0.5333,F4,5,pre,115
e5_t116,3273.22,826.56,0.5333,F4,5,pre,116
e5_t117,3271.34,827.1,0.1333,F4,5,pre,117
e5_t118,3269.44,827.6,0.1333,F4,5,pre,118
e5_t119,3267.53,828.06,0.4,F4,5,pre,119
e5_t120,3265.61,828.46,0.2667,F4,5,pre,120
e5_t121,3263.68,828.82,0.5333,F4,5,pre,121
e5_t122,3261.74,829.13,0.2667,F4,5,pre,122
e5_t123,3259.79,829.4,0.2667,F4,5,pre,123
e5_t124,3257.84,829.61,0.4,F4,5,pre,124
e5_t125,3255.89,829.78,0.5333,F4,5,pre,125
e5_t126,3253.93,829.9,0.5333,F4,5,pre,126
e5_t127,3251.96,829.98,0.4,F4,5,pre,127
e5_t128,3250.0,830.0,0.2667,F4,5,pre,128
e5_t129,3248.04,829.98,0.1333,F4,5,pre,129
e5_t130,3246.07,829.9,0.0,F4,5,pre,130
e5_t131,3244.11,829.78,0.2667,F4,5,pre,131
e5_t132,3242.16,829.61,0.5333,F4,5,pre,132
e5_t133,3240.21,829.4,0.5333,F4,5,pre,133
e5_t134,3238.26,829.13,0.4,F4,5,pre,134
e5_t135,3236.32,828.82,0.6667,F4,5,pre,135
e5_t136,3234.39,828.46,0.5333,F4,5,pre,136
e5_t137,3232.47,828.06,0.4,F4,5,pre,137
e5_t138,3230.56,827.6,0.2667,F4,5,pre,138
e5_t139,3228.66,827.1,0.4,F4,5,pre,139
e5_t140,3226.78,826.56,0.2667,F4,5,pre,140
e5_t141,3224.91,825.96,0.4,F4,5,pre,141
e5_t142,3223.05,825.32,0.2667,F4,5,pre,142
e5_t143,3221.21,824.64,0.0,F4,5,pre,143
e5_t144,3219.39,823.91,0.1333,F4,5,pre,144
e5_t145,3217.58,823.14,0.1333,F4,5,pre,145
e5_t146,3215.8,822.32,0.2667,F4,5,pre,146
e5_t147,3214.03,821.46,0.4,F4,5,pre,147
e5_t148,3212.29,820.55,0.0,F4,5,pre,148
e5_t149,3210.57,819.61,0.1333,F4,5,pre,149
e5_t150,3208.87,818.62,0.1333,F4,5,pre,150
e5_t151,3207.2,817.59,0.5333,F4,5,pre,151
e5_t152,3205.55,816.52,0.4,F4,5,pre,152
e5_t153,3203.94,815.41,0.5333,F4,5,pre,153
e5_t154,3202.34,814.26,0.2667,F4,5,pre,154
e5_t155,3200.78,813.07,0.1333,F4,5,pre,155
e5_t156,3199.25,811.84,0.5333,F4,5,pre,156
e5_t157,3197.75,810.58,0.9333,F4,5,pre,157
e5_t158,3196.28,809.28,0.8,F4,5,pre,158
e5_t159,3194.84,807.94,0.6667,F4,5,pre,159
e5_t160,3193.43,806.57,0.2667,F4,5,pre,160
e5_t161,3192.06,805.16,0.2667,F4,5,pre,161
e5_t162,3190.72,803.72,0.2667,F4,5,pre,162
e5_t163,3189.42,802.25,0.0,F4,5,pre,163
e5_t164,3188.16,800.75,0.1333,F4,5,pre,164
e5_t165,3186.93,799.22,0.0,F4,5,pre,165
e5_t166,3185.74,797.66,0.0,F4,5,pre,166
e5_t167,3184.59,796.06,0.0,F4,5,pre,167
e5_t168,3183.48,794.45,0.0,F4,5,pre,168
e5_t169,3182.41,792.8,0.5333,F4,5,pre,169
e5_t170,3181.38,791.13,0.5333,F4,5,pre,170
e5_t171,3180.39,789.43,0.1333,F4,5,pre,171
e5_t172,3179.45,787.71,0.1333,F4,5,pre,172
e5_t173,3178.54,785.97,0.1333,F4,5,pre,173
e5_t174,3177.68,784.2,0.0,F4,5,pre,174
e5_t175,3176.86,782.42,0.1333,F4,5,pre,175
e5_t176,3176.09,780.61,0.1333,F4,5,pre,176
e5_t177,3175.36,778.79,0.1333,F4,5,pre,177
e5_t178,3174.68,776.95,0.0,F4,5,pre,178
e5_t179,3174.04,775.09,0.0,F4,5,pre,179
e5_t180,3173.44,773.22,0.1333,F4,5,pre,180
e5_t181,3172.9,771.34,0.2667,F4,5,pre,181
e5_t182,3172.4,769.44,0.1333,F4,5,pre,182
e5_t183,3171.94,767.53,0.0,F4,5,pre,183
e5_t184,3171.54,765.61,0.0,F4,5,pre,184
e5_t185,3171.18,763.68,0.1333,F4,5,pre,185
e5_t186,3170.87,761.74,0.0,F4,5,pre,186
e5_t187,3170.6,759.79,0.1333,F4,5,pre,187
e5_t188,3170.39,757.84,0.4,F4,5,pre,188
e5_t189,3170.22,755.89,0.6667,F4,5,pre,189
e5_t190,3170.1,753.93,0.1333,F4,5,pre,190
e5_t191,3170.02,751.96,0.0,F4,5,pre,191
e5_t192,3170.0,750.0,0.0,F4,5,pre,192
e5_t193,3170.02,748.04,0.1333,F4,5,pre,193
e5_t194,3170.1,746.07,0.0,F4,5,pre,194
e5_t195,3170.22,744.11,0.0,F4,5,pre,195
e5_t196,3170.39,742.16,0.0,F4,5,pre,196
e5_t197,3170.6,740.21,0.0,F4,5,pre,197
e5_t198,3170.87,738.26,0.1333,F4,5,pre,198
e5_t199,3171.18,736.32,0.1333,F4,5,pre,199
e5_t200,3171.54,734.39,0.0,F4,5,pre,200
e5_t201,3171.94,732.47,0.0,F4,5,pre,201
e5_t202,3172.4,730.56,0.1333,F4,5,pre,202
e5_t203,3172.9,728.66,0.0,F4,5,pre,203
e5_t204,3173.44,726.78,0.4,F4,5,pre,204
e5_t205,3174.04,724.91,1.0667,F4,5,pre,205
e5_t206,3174.68,723.05,0.8,F4,5,pre,206
e5_t207,3175.36,721.21,0.4,F4,5,pre,207
e5_t208,3176.09,719.39,0.1333,F4,5,pre,208
e5_t209,3176.86,717.58,0.0,F4,5,pre,209
e5_t210,3177.68,715.8,0.0,F4,5,pre,210
e5_t211,3178.54,714.03,0.0,F4,5,pre,211
e5_t212,3179.45,712.29,0.1333,F4,5,pre,212
e5_t213,3180.39,710.57,0.2667,F4,5,pre,213
e5_t214,3181.38,708.87,0.4,F4,5,pre,214
e5_t215,3182.41,707.2,0.6667,F4,5,pre,215
e5_t216,3183.48,705.55,2.0,F4,5,pre,216
e5_t217,3184.59,703.94,1.6,F4,5,pre,217
e5_t218,3185.74,702.34,0.9333,F4,5,pre,218
e5_t219,3186.93,700.78,0.4,F4,5,pre,219
e5_t220,3188.16,699.25,0.4,F4,5,pre,220
e5_t221,3189.42,697.75,0.5333,F4,5,pre,221
e5_t222,3190.72,696.28,0.4,F4,5,pre,222
e5_t223,3192.06,694.84,0.4,F4,5,pre,223
e5_t224,3193.43,693.43,0.6667,F4,5,pre,224
e5_t225,3194.84,692.06,0.5333,F4,5,pre,225
e5_t226,3196.28,690.72,0.1333,F4,5,pre,226
e5_t227,3197.75,689.42,0.0,F4,5,pre,227
e5_t228,3199.25,688.16,0.2667,F4,5,pre,228
e5_t229,3200.78,686.93,0.2667,F4,5,pre,229
e5_t230,3202.34,685.74,0.2667,F4,5,pre,230
e5_t231,3203.94,684.59,0.6667,F4,5,pre,231
e5_t232,3205.55,683.48,0.5333,F4,5,pre,232
e5_t233,3207.2,682.41,0.8,F4,5,pre,233
e5_t234,3208.87,681.38,0.4,F4,5,pre,234
e5_t235,3210.57,680.39,0.1333,F4,5,pre,235
e5_t236,3212.29,679.45,0.2667,F4,5,pre,236
e5_t237,3214.03,678.54,0.4,F4,5,pre,237
e5_t238,3215.8,677.68,0.2667,F4,5,pre,238
e5_t239,3217.58,676.86,0.0,F4,5,pre,239
e5_t240,3219.39,676.09,0.2667,F4,5,pre,240
e5_t241,3221.21,675.36,0.0,F4,5,pre,241
e5_t242,3223.05,674.68,0.0,F4,5,pre,242
e5_t243,3224.91,674.04,0.1333,F4,5,pre,243
e5_t244,3226.78,673.44,0.1333,F4,5,pre,244
e5_t245,3228.66,672.9,0.2667,F4,5,pre,245
e5_t246,3230.56,672.4,0.4,F4,5,pre,246
e5_t247,3232.47,671.94,0.2667,F4,5,pre,247
e5_t248,3234.39,671.54,0.0,F4,5,pre,248
e5_t249,3236.32,671.18,0.2667,F4,5,pre,249
e5_t250,3238.26,670.87,0.5333,F4,5,pre,250
e5_t251,3240.21,670.6,0.4,F4,5,pre,251
e5_t252,3242.16,670.39,0.4,F4,5,pre,252
e5_t253,3244.11,670.22,0.1333,F4,5,pre,253
e5_t254,3246.07,670.1,0.1333,F4,5,pre,254
e5_t255,3248.04,670.02,0.6667,F4,5,pre,255
e6_t0,4250.0,820.0,0.0,F8,6,pre,0
e6_t1,4251.96,820.02,0.0,F8,6,pre,1
e6_t2,4253.93,820.1,0.0,F8,6,pre,2
e6_t3,4255.89,820.22,0.0,F8,6,pre,3
e6_t4,4257.84,820.39,0.6667,F8,6,pre,4
e6_t5,4259.79,820.6,0.8,F8,6,pre,5
e6_t6,4261.74,820.87,0.5333,F8,6,pre,6
e6_t7,4263.68,821.18,0.5333,F8,6,pre,7
e6_t8,4265.61,821.54,0.4,F8,6,pre,8
e6_t9,4267.53,821.94,1.0667,F8,6,pre,9
e6_t10,4269.44,822.4,0.9333,F8,6,pre,10
e6_t11,4271.34,822.9,0.2667,F8,6,pre,11
e6_t12,4273.22,823.44,0.6667,F8,6,pre,12
e6_t13,4275.09,824.04,0.9333,F8,6,pre,13
e6_t14,4276.95,824.68,1.0667,F8,6,pre,14
e6_t15,4278.79,825.36,0.5333,F8,6,pre,15
e6_t16,4280.61,826.09,0.1333,F8,6,pre,16
e6_t17,4282.42,826.86,0.2667,F8,6,pre,17
e6_t18,4284.2,827.68,0.0,F8,6,pre,18
e6_t19,4285.97,828.54,0.1333,F8,6,pre,19
e6_t20,4287.71,829.45,0.4,F8,6,pre,20
e6_t21,4289.43,830.39,0.5333,F8,6,pre,21
e6_t22,4291.13,831.38,0.2667,F8,6,pre,22
e6_t23,4292.8,832.41,0.1333,F8,6,pre,23
e6_t24,4294.45,833.48,0.5333,F8,6,pre,24
e6_t25,4296.06,834.59,1.0667,F8,6,pre,25
e6_t26,4297.66,835.74,1.3333,F8,6,pre,26
e6_t27,4299.22,836.93,1.0667,F8,6,pre,27
e6_t28,4300.75,838.16,0.4,F8,6,pre,28
e6_t29,4302.25,839.42,0.4,F8,6,pre,29
e6_t30,4303.72,840.72,0.2667,F8,6,pre,30
e6_t31,4305.16,842.06,0.0,F8,6,pre,31
e6_t32,4306.57,843.43,0.0,F8,6,pre,32
e6_t33,4307.94,844.84,0.0,F8,6,pre,33
e6_t34,4309.28,846.28,0.0,F8,6,pre,34
e6_t35,4310.58,847.75,0.0,F8,6,pre,35
e6_t36,4311.84,849.25,0.0,F8,6,pre,36
e6_t37,4313.07,850.78,0.0,F8,6,pre,37
e6_t38,4314.26,852.34,0.2667,F8,6,pre,38
e6_t39,4315.41,853.94,0.0,F8,6,pre,39
e6_t40,4316.52,855.55,0.0,F8,6,pre,40
e6_t41,4317.59,857.2,0.1333,F8,6,pre,41
e6_t42,4318.62,858.87,0.2667,F8,6,pre,42
e6_t43,4319.61,860.57,0.1333,F8,6,pre,43
e6_t44,4320.55,862.29,0.1333,F8,6,pre,44
e6_t45,4321.46,864.03,0.4,F8,6,pre,45
e6_t46,4322.32,865.8,0.2667,F8,6,pre,46
e6_t47,4323.14,867.58,0.2667,F8,6,pre,47
e6_t48,4323.91,869.39,0.4,F8,6,pre,48
e6_t49,4324.64,871.21,0.2667,F8,6,pre,49
e6_t50,4325.32,873.05,0.1333,F8,6,pre,50
e6_t51,4325.96,874.91,0.0,F8,6,pre,51
e6_t52,4326.56,876.78,0.1333,F8,6,pre,52
e6_t53,4327.1,878.66,0.2667,F8,6,pre,53
e6_t54,4327.6,880.56,0.6667,F8,6,pre,54
e6_t55,4328.06,882.47,0.2667,F8,6,pre,55
e6_t56,4328.46,884.39,0.4,F8,6,pre,56
e6_t57,4328.82,886.32,0.4,F8,6,pre,57
e6_t58,4329.13,888.26,0.2667,F8,6,pre,58
e6_t59,4329.4,890.21,0.1333,F8,6,pre,59
e6_t60,4329.61,892.16,0.8,F8,6,pre,60
e6_t61,4329.78,894.11,0.9333,F8,6,pre,61
e6_t62,4329.9,896.07,0.2667,F8,6,pre,62
e6_t63,4329.98,898.04,0.0,F8,6,pre,63
e6_t64,4330.0,900.0,0.0,F8,6,pre,64
e6_t65,4329.98,901.96,0.1333,F8,6,pre,65
e6_t66,4329.9,903.93,0.0,F8,6,pre,66
e6_t67,4329.78,905.89,0.1333,F8,6,pre,67
e6_t68,4329.61,907.84,0.5333,F8,6,pre,68
e6_t69,4329.4,909.79,0.9333,F8,6,pre,69
e6_t70,4329.13,911.74,0.6667,F8,6,pre,70
e6_t71,4328.82,913.68,0.4,F8,6,pre,71
e6_t72,4328.46,915.61,0.1333,F8,6,pre,72
e6_t73,4328.06,917.53,0.1333,F8,6,pre,73
e6_t74,4327.6,919.44,0.1333,F8,6,pre,74
e6_t75,4327.1,921.34,0.1333,F8,6,pre,75
e6_t76,4326.56,923.22,0.6667,F8,6,pre,76
e6_t77,4325.96,925.09,0.5333,F8,6,pre,77
e6_t78,4325.32,926.95,0.5333,F8,6,pre,78
e6_t79,4324.64,928.79,0.1333,F8,6,pre,79
e6_t80,4323.91,930.61,0.0,F8,6,pre,80
e6_t81,4323.14,932.42,0.0,F8,6,pre,81
e6_t82,4322.32,934.2,0.0,F8,6,pre,82
e6_t83,4321.46,935.97,0.1333,F8,6,pre,83
e6_t84,4320.55,937.71,0.0,F8,6,pre,84
e6_t85,4319.61,939.43,0.1333,F8,6,pre,85
e6_t86,4318.62,941.13,0.1333,F8,6,pre,86
e6_t87,4317.59,942.8,0.1333,F8,6,pre,87
e6_t88,4316.52,944.45,0.1333,F8,6,pre,88
e6_t89,4315.41,946.06,0.1333,F8,6,pre,89
e6_t90,4314.26,947.66,0.6667,F8,6,pre,90
e6_t91,4313.07,949.22,0.4,F8,6,pre,91
e6_t92,4311.84,950.75,0.9333,F8,6,pre,92
e6_t93,4310.58,952.25,1.2,F8,6,pre,93
e6_t94,4309.28,953.72,0.9333,F8,6,pre,94
e6_t95,4307.94,955.16,0.2667,F8,6,pre,95
e6_t96,4306.57,956.57,0.0,F8,6,pre,96
e6_t97,4305.16,957.94,0.1333,F8,6,pre,97
e6_t98,4303.72,959.28,0.0,F8,6,pre,98
e6_t99,4302.25,960.58,0.0,F8,6,pre,99
e6_t100,4300.75,961.84,0.1333,F8,6,pre,100
e6_t101,4299.22,963.07,0.0,F8,6,pre,101
e6_t102,4297.66,964.26,0.1333,F8,6,pre,102
e6_t103,4296.06,965.41,0.1333,F8,6,pre,103
e6_t104,4294.45,966.52,0.0,F8,6,pre,104
e6_t105,4292.8,967.59,0.1333,F8,6,pre,105
e6_t106,4291.13,968.62,0.4,F8,6,pre,106
e6_t107,4289.43,969.61,0.0,F8,6,pre,107
e6_t108,4287.71,970.55,0.4,F8,6,pre,108
e6_t109,4285.97,971.46,0.4,F8,6,pre,109
e6_t110,4284.2,972.32,0.1333,F8,6,pre,110
e6_t111,4282.42,973.14,0.1333,F8,6,pre,111
e6_t112,4280.61,973.91,0.0,F8,6,pre,112
e6_t113,4278.79,974.64,0.0,F8,6,pre,113
e6_t114,4276.95,975.32,0.0,F8,6,pre,114
e6_t115,4275.09,975.96,0.1333,F8,6,pre,115
e6_t116,4273.22,976.56,0.0,F8,6,pre,116
e6_t117,4271.34,977.1,0.1333,F8,6,pre,117
e6_t118,4269.44,977.6,0.0,F8,6,pre,118
e6_t119,4267.53,978.06,0.0,F8,6,pre,119
e6_t120,4265.61,978.46,0.0,F8,6,pre,120
e6_t121,4263.68,978.82,0.1333,F8,6,pre,121
e6_t122,4261.74,979.13,0.1333,F8,6,pre,122
e6_t123,4259.79,979.4,0.0,F8,6,pre,123
e6_t124,4257.84,979.61,0.9333,F8,6,pre,124
e6_t125,4255.89,979.78,1.7333,F8,6,pre,125
e6_t126,4253.93,979.9,0.5333,F8,6,pre,126
e6_t127,4251.96,979.98,0.0,F8,6,pre,127
e6_t128,4250.0,980.0,0.0,F8,6,pre,128
e6_t129,4248.04,979.98,0.0,F8,6,pre,129
e6_t130,4246.07,979.9,0.0,F8,6,pre,130
e6_t131,4244.11,979.78,0.0,F8,6,pre,131
e6_t132,4242.16,979.61,0.0,F8,6,pre,132
e6_t133,4240.21,979.4,0.0,F8,6,pre,133
e6_t134,4238.26,979.13,0.1333,F8,6,pre,134
e6_t135,4236.32,978.82,0.1333,F8,6,pre,135
e6_t136,4234.39,978.46,0.1333,F8,6,pre,136
e6_t137,4232.47,978.06,0.1333,F8,6,pre,137
e6_t138,4230.56,977.6,0.1333,F8,6,pre,138
e6_t139,4228.66,977.1,0.0,F8,6,pre,139
e6_t140,4226.78,976.56,0.1333,F8,6,pre,140
e6_t141,4224.91,975.96,0.2667,F8,6,pre,141
e6_t142,4223.05,975.32,0.1333,F8,6,pre,142
e6_t143,4221.21,974.64,0.1333,F8,6,pre,143
e6_t144,4219.39,973.91,0.0,F8,6,pre,144
e6_t145,4217.58,973.14,0.1333,F8,6,pre,145
e6_t146,4215.8,972.32,0.1333,F8,6,pre,146
e6_t147,4214.03,971.46,0.0,F8,6,pre,147
e6_t148,4212.29,970.55,0.1333,F8,6,pre,148
e6_t149,4210.57,969.61,0.5333,F8,6,pre,149
e6_t150,4208.87,968.62,0.6667,F8,6,pre,150
e6_t151,4207.2,967.59,0.1333,F8,6,pre,151
e6_t152,4205.55,966.52,0.0,F8,6,pre,152
e6_t153,4203.94,965.41,0.5333,F8,6,pre,153
e6_t154,4202.34,964.26,1.0667,F8,6,pre,154
e6_t155,4200.78,963.07,0.2667,F8,6,pre,155
e6_t156,4199.25,961.84,0.2667,F8,6,pre,156
e6_t157,4197.75,960.58,0.2667,F8,6,pre,157
e6_t158,4196.28,959.28,0.2667,F8,6,pre,158
e6_t159,4194.84,957.94,0.0,F8,6,pre,159
e6_t160,4193.43,956.57,0.0,F8,6,pre,160
e6_t161,4192.06,955.16,0.0,F8,6,pre,161
e6_t162,4190.72,953.72,0.0,F8,6,pre,162
e6_t163,4189.42,952.25,0.0,F8,6,pre,163
e6_t164,4188.16,950.75,0.0,F8,6,pre,164
e6_t165,4186.93,949.22,0.1333,F8,6,pre,165
e6_t166,4185.74,947.66,0.6667,F8,6,pre,166
e6_t167,4184.59,946.06,0.2667,F8,6,pre,167
e6_t168,4183.48,944.45,0.2667,F8,6,pre,168
e6_t169,4182.41,942.8,0.2667,F8,6,pre,169
e6_t170,4181.38,941.13,0.6667,F8,6,pre,170
e6_t171,4180.39,939.43,0.8,F8,6,pre,171
e6_t172,4179.45,937.71,0.8,F8,6,pre,172
e6_t173,4178.54,935.97,0.9333,F8,6,pre,173
e6_t174,4177.68,934.2,0.9333,F8,6,pre,174
e6_t175,4176.86,932.42,0.4,F8,6,pre,175
e6_t176,4176.09,930.61,0.5333,F8,6,pre,176
e6_t177,4175.36,928.79,0.6667,F8,6,pre,177
e6_t178,4174.68,926.95,0.8,F8,6,pre,178
e6_t179,4174.04,925.09,0.8,F8,6,pre,179
e6_t180,4173.44,923.22,0.8,F8,6,pre,180
e6_t181,4172.9,921.34,0.8,F8,6,pre,181
e6_t182,4172.4,919.44,0.5333,F8,6,pre,182
e6_t183,4171.94,917.53,0.4,F8,6,pre,183
e6_t184,4171.54,915.61,0.5333,F8,6,pre,184
e6_t185,4171.18,913.68,0.9333,F8,6,pre,185
e6_t186,4170.87,911.74,1.2,F8,6,pre,186
e6_t187,4170.6,909.79,0.4,F8,6,pre,187
e6_t188,4170.39,907.84,1.7333,F8,6,pre,188
e6_t189,4170.22,905.89,1.6,F8,6,pre,189
e6_t190,4170.1,903.93,1.0667,F8,6,pre,190
e6_t191,4170.02,901.96,1.0667,F8,6,pre,191
e6_t192,4170.0,900.0,0.9333,F8,6,pre,192
e6_t193,4170.02,898.04,1.8667,F8,6,pre,193
e6_t194,4170.1,896.07,1.2,F8,6,pre,194
e6_t195,4170.22,894.11,0.6667,F8,6,pre,195
e6_t196,4170.39,892.16,0.1333,F8,6,pre,196
e6_t197,4170.6,890.21,0.0,F8,6,pre,197
e6_t198,4170.87,888.26,0.1333,F8,6,pre,198
e6_t199,4171.18,886.32,0.2667,F8,6,pre,199
e6_t200,4171.54,884.39,0.9333,F8,6,pre,200
e6_t201,4171.94,882.47,1.4667,F8,6,pre,201
e6_t202,4172.4,880.56,1.7333,F8,6,pre,202
e6_t203,4172.9,878.66,1.2,F8,6,pre,203
e6_t204,4173.44,876.78,1.3333,F8,6,pre,204
e6_t205,4174.04,874.91,1.3333,F8,6,pre,205
e6_t206,4174.68,873.05,1.2,F8,6,pre,206
e6_t207,4175.36,871.21,0.5333,F8,6,pre,207
e6_t208,4176.09,869.39,0.1333,F8,6,pre,208
e6_t209,4176.86,867.58,0.1333,F8,6,pre,209
e6_t210,4177.68,865.8,0.4,F8,6,pre,210
e6_t211,4178.54,864.03,0.6667,F8,6,pre,211
e6_t212,4179.45,862.29,0.8,F8,6,pre,212
e6_t213,4180.39,860.57,0.8,F8,6,pre,213
e6_t214,4181.38,858.87,0.8,F8,6,pre,214
e6_t215,4182.41,857.2,0.4,F8,6,pre,215
e6_t216,4183.48,855.55,0.9333,F8,6,pre,216
e6_t217,4184.59,853.94,0.8,F8,6,pre,217
e6_t218,4185.74,852.34,0.2667,F8,6,pre,218
e6_t219,4186.93,850.78,0.4,F8,6,pre,219
e6_t220,4188.16,849.25,0.2667,F8,6,pre,220
e6_t221,4189.42,847.75,0.6667,F8,6,pre,221
e6_t222,4190.72,846.28,0.8,F8,6,pre,222
e6_t223,4192.06,844.84,0.8,F8,6,pre,223
e6_t224,4193.43,843.43,0.6667,F8,6,pre,224
e6_t225,4194.84,842.06,0.5333,F8,6,pre,225
e6_t226,4196.28,840.72,0.4,F8,6,pre,226
e6_t227,4197.75,839.42,0.2667,F8,6,pre,227
e6_t228,4199.25,838.16,0.1333,F8,6,pre,228
e6_t229,4200.78,836.93,0.1333,F8,6,pre,229
e6_t230,4202.34,835.74,0.6667,F8,6,pre,230
e6_t231,4203.94,834.59,0.9333,F8,6,pre,231
e6_t232,4205.55,833.48,0.6667,F8,6,pre,232
e6_t233,4207.2,832.41,0.9333,F8,6,pre,233
e6_t234,4208.87,831.38,1.0667,F8,6,pre,234
e6_t235,4210.57,830.39,1.2,F8,6,pre,235
e6_t236,4212.29,829.45,0.8,F8,6,pre,236
e6_t237,4214.03,828.54,0.4,F8,6,pre,237
e6_t238,4215.8,827.68,0.1333,F8,6,pre,238
e6_t239,4217.58,826.86,0.1333,F8,6,pre,239
e6_t240,4219.39,826.09,0.4,F8,6,pre,240
e6_t241,4221.21,825.36,0.5333,F8,6,pre,241
e6_t242,4223.05,824.68,0.8,F8,6,pre,242
e6_t243,4224.91,824.04,0.8,F8,6,pre,243
e6_t244,4226.78,823.44,0.5333,F8,6,pre,244
e6_t245,4228.66,822.9,0.4,F8,6,pre,245
e6_t246,4230.56,822.4,0.1333,F8,6,pre,246
e6_t247,4232.47,821.94,0.0,F8,6,pre,247
e6_t248,4234.39,821.54,0.0,F8,6,pre,248
e6_t249,4236.32,821.18,0.2667,F8,6,pre,249
e6_t250,4238.26,820.87,0.6667,F8,6,pre,250
e6_t251,4240.21,820.6,0.6667,F8,6,pre,251
e6_t252,4242.16,820.39,1.6,F8,6,pre,252
e6_t253,4244.11,820.22,2.9333,F8,6,pre,253
e6_t254,4246.07,820.1,2.0,F8,6,pre,254
e6_t255,4248.04,820.02,0.5333,F8,6,pre,255
e7_t0,500.0,2170.0,0.4,T7,7,pre,0
e7_t1,501.96,2170.02,0.0,T7,7,pre,1
e7_t2,503.93,2170.1,0.0,T7,7,pre,2
e7_t3,505.89,2170.22,0.0,T7,7,pre,3
e7_t4,507.84,2170.39,0.2667,T7,7,pre,4
e7_t5,509.79,2170.6,0.2667,T7,7,pre,5
e7_t6,511.74,2170.87,0.1333,T7,7,pre,6
e7_t7,513.68,2171.18,0.2667,T7,7,pre,7
e7_t8,515.61,2171.54,1.2,T7,7,pre,8
e7_t9,517.53,2171.94,2.0,T7,7,pre,9
e7_t10,519.44,2172.4,0.8,T7,7,pre,10
e7_t11,521.34,2172.9,0.5333,T7,7,pre,11
e7_t12,523.22,2173.44,0.9333,T7,7,pre,12
e7_t13,525.09,2174.04,0.8,T7,7,pre,13
e7_t14,526.95,2174.68,0.4,T7,7,pre,14
e7_t15,528.79,2175.36,0.2667,T7,7,pre,15
e7_t16,530.61,2176.09,0.2667,T7,7,pre,16
e7_t17,532.42,2176.86,0.0,T7,7,pre,17
e7_t18,534.2,2177.68,0.2667,T7,7,pre,18
e7_t19,535.97,2178.54,0.1333,T7,7,pre,19
e7_t20,537.71,2179.45,0.1333,T7,7,pre,20
e7_t21,539.43,2180.39,0.0,T7,7,pre,21
e7_t22,541.13,2181.38,0.0,T7,7,pre,22
e7_t23,542.8,2182.41,0.2667,T7,7,pre,23
e7_t24,544.45,2183.48,0.8,T7,7,pre,24
e7_t25,546.06,2184.59,0.8,T7,7,pre,25
e7_t26,547.66,2185.74,0.4,T7,7,pre,26
e7_t27,549.22,2186.93,0.9333,T7,7,pre,27
e7_t28,550.75,2188.16,1.6,T7,7,pre,28
e7_t29,552.25,2189.42,1.6,T7,7,pre,29
e7_t30,553.72,2190.72,1.0667,T7,7,pre,30
e7_t31,555.16,2192.06,0.4,T7,7,pre,31
e7_t32,556.57,2193.43,0.1333,T7,7,pre,32
e7_t33,557.94,2194.84,0.2667,T7,7,pre,33
e7_t34,559.28,2196.28,0.1333,T7,7,pre,34
e7_t35,560.58,2197.75,0.1333,T7,7,pre,35
e7_t36,561.84,2199.25,0.2667,T7,7,pre,36
e7_t37,563.07,2200.78,0.2667,T7,7,pre,37
e7_t38,564.26,2202.34,0.1333,T7,7,pre,38
e7_t39,565.41,2203.94,0.4,T7,7,pre,39
e7_t40,566.52,2205.55,1.2,T7,7,pre,40
e7_t41,567.59,2207.2,1.4667,T7,7,pre,41
e7_t42,568.62,2208.87,0.9333,T7,7,pre,42
e7_t43,569.61,2210.57,0.4,T7,7,pre,43
e7_t44,570.55,2212.29,0.4,T7,7,pre,44
e7_t45,571.46,2214.03,0.1333,T7,7,pre,45
e7_t46,572.32,2215.8,0.1333,T7,7,pre,46
e7_t47,573.14,2217.58,0.2667,T7,7,pre,47
e7_t48,573.91,2219.39,0.5333,T7,7,pre,48
e7_t49,574.64,2221.21,0.6667,T7,7,pre,49
e7_t50,575.32,2223.05,0.6667,T7,7,pre,50
e7_t51,575.96,2224.91,0.5333,T7,7,pre,51
e7_t52,576.56,2226.78,0.4,T7,7,pre,52
e7_t53,577.1,2228.66,0.9333,T7,7,pre,53
e7_t54,577.6,2230.56,0.6667,T7,7,pre,54
e7_t55,578.06,2232.47,0.4,T7,7,pre,55
e7_t56,578.46,2234.39,0.4,T7,7,pre,56
e7_t57,578.82,2236.32,0.6667,T7,7,pre,57
e7_t58,579.13,2238.26,0.5333,T7,7,pre,58
e7_t59,579.4,2240.21,1.0667,T7,7,pre,59
e7_t60,579.61,2242.16,1.4667,T7,7,pre,60
e7_t61,579.78,2244.11,1.0667,T7,7,pre,61
e7_t62,579.9,2246.07,0.4,T7,7,pre,62
e7_t63,579.98,2248.04,0.4,T7,7,pre,63
e7_t64,580.0,2250.0,0.4,T7,7,pre,64
e7_t65,579.98,2251.96,0.1333,T7,7,pre,65
e7_t66,579.9,2253.93,0.1333,T7,7,pre,66
e7_t67,579.78,2255.89,0.1333,T7,7,pre,67
e7_t68,579.61,2257.84,0.2667,T7,7,pre,68
e7_t69,579.4,2259.79,0.0,T7,7,pre,69
e7_t70,579.13,2261.74,0.0,T7,7,pre,70
e7_t71,578.82,2263.68,0.2667,T7,7,pre,71
e7_t72,578.46,2265.61,0.8,T7,7,pre,72
e7_t73,578.06,2267.53,1.3333,T7,7,pre,73
e7_t74,577.6,2269.44,0.8,T7,7,pre,74
e7_t75,577.1,2271.34,0.8,T7,7,pre,75
e7_t76,576.56,2273.22,1.7333,T7,7,pre,76
e7_t77,575.96,2275.09,0.6667,T7,7,pre,77
e7_t78,575.32,2276.95,0.1333,T7,7,pre,78
e7_t79,574.64,2278.79,0.4,T7,7,pre,79
e7_t80,573.91,2280.61,0.6667,T7,7,pre,80
e7_t81,573.14,2282.42,0.6667,T7,7,pre,81
e7_t82,572.32,2284.2,0.4,T7,7,pre,82
e7_t83,571.46,2285.97,0.0,T7,7,pre,83
e7_t84,570.55,2287.71,0.0,T7,7,pre,84
e7_t85,569.61,2289.43,0.1333,T7,7,pre,85
e7_t86,568.62,2291.13,0.2667,T7,7,pre,86
e7_t87,567.59,2292.8,0.5333,T7,7,pre,87
e7_t88,566.52,2294.45,0.9333,T7,7,pre,88
e7_t89,565.41,2296.06,1.6,T7,7,pre,89
e7_t90,564.26,2297.66,1.3333,T7,7,pre,90
e7_t91,563.07,2299.22,1.3333,T7,7,pre,91
e7_t92,561.84,2300.75,2.2667,T7,7,pre,92
e7_t93,560.58,2302.25,1.2,T7,7,pre,93
e7_t94,559.28,2303.72,0.6667,T7,7,pre,94
e7_t95,557.94,2305.16,0.4,T7,7,pre,95
e7_t96,556.57,2306.57,0.8,T7,7,pre,96
e7_t97,555.16,2307.94,0.0,T7,7,pre,97
e7_t98,553.72,2309.28,0.2667,T7,7,pre,98
e7_t99,552.25,2310.58,0.8,T7,7,pre,99
e7_t100,550.75,2311.84,0.6667,T7,7,pre,100
e7_t101,549.22,2313.07,0.8,T7,7,pre,101
e7_t102,547.66,2314.26,0.4,T7,7,pre,102
e7_t103,546.06,2315.41,0.4,T7,7,pre,103
e7_t104,544.45,2316.52,0.2667,T7,7,pre,104
e7_t105,542.8,2317.59,0.6667,T7,7,pre,105
e7_t106,541.13,2318.62,0.1333,T7,7,pre,106
e7_t107,539.43,2319.61,0.0,T7,7,pre,107
e7_t108,537.71,2320.55,0.1333,T7,7,pre,108
e7_t109,535.97,2321.46,0.2667,T7,7,pre,109
e7_t110,534.2,2322.32,0.4,T7,7,pre,110
e7_t111,532.42,2323.14,0.6667,T7,7,pre,111
e7_t112,530.61,2323.91,0.8,T7,7,pre,112
e7_t113,528.79,2324.64,0.5333,T7,7,pre,113
e7_t114,526.95,2325.32,0.5333,T7,7,pre,114
e7_t115,525.09,2325.96,0.1333,T7,7,pre,115
e7_t116,523.22,2326.56,0.1333,T7,7,pre,116
e7_t117,521.34,2327.1,0.4,T7,7,pre,117
e7_t118,519.44,2327.6,0.1333,T7,7,pre,118
e7_t119,517.53,2328.06,0.1333,T7,7,pre,119
e7_t120,515.61,2328.46,1.0667,T7,7,pre,120
e7_t121,513.68,2328.82,1.2,T7,7,pre,121
e7_t122,511.74,2329.13,0.5333,T7,7,pre,122
e7_t123,509.79,2329.4,0.9333,T7,7,pre,123
e7_t124,507.84,2329.61,1.0667,T7,7,pre,124
e7_t125,505.89,2329.78,0.6667,T7,7,pre,125
e7_t126,503.93,2329.9,0.2667,T7,7,pre,126
e7_t127,501.96,2329.98,0.2667,T7,7,pre,127
e7_t128,500.0,2330.0,0.5333,T7,7,pre,128
e7_t129,498.04,2329.98,0.4,T7,7,pre,129
e7_t130,496.07,2329.9,0.4,T7,7,pre,130
e7_t131,494.11,2329.78,0.1333,T7,7,pre,131
e7_t132,492.16,2329.61,0.0,T7,7,pre,132
e7_t133,490.21,2329.4,0.1333,T7,7,pre,133
e7_t134,488.26,2329.13,0.1333,T7,7,pre,134
e7_t135,486.32,2328.82,0.1333,T7,7,pre,135
e7_t136,484.39,2328.46,0.2667,T7,7,pre,136
e7_t137,482.47,2328.06,0.1333,T7,7,pre,137
e7_t138,480.56,2327.6,0.1333,T7,7,pre,138
e7_t139,478.66,2327.1,0.8,T7,7,pre,139
e7_t140,476.78,2326.56,1.0667,T7,7,pre,140
e7_t141,474.91,2325.96,0.5333,T7,7,pre,141
e7_t142,473.05,2325.32,0.1333,T7,7,pre,142
e7_t143,471.21,2324.64,0.0,T7,7,pre,143
e7_t144,469.39,2323.91,0.1333,T7,7,pre,144
e7_t145,467.58,2323.14,0.0,T7,7,pre,145
e7_t146,465.8,2322.32,0.1333,T7,7,pre,146
e7_t147,464.03,2321.46,0.1333,T7,7,pre,147
e7_t148,462.29,2320.55,0.2667,T7,7,pre,148
e7_t149,460.57,2319.61,0.4,T7,7,pre,149
e7_t150,458.87,2318.62,0.4,T7,7,pre,150
e7_t151,457.2,2317.59,0.4,T7,7,pre,151
e7_t152,455.55,2316.52,0.9333,T7,7,pre,152
e7_t153,453.94,2315.41,1.0667,T7,7,pre,153
e7_t154,452.34,2314.26,0.6667,T7,7,pre,154
e7_t155,450.78,2313.07,0.9333,T7,7,pre,155
e7_t156,449.25,2311.84,1.8667,T7,7,pre,156
e7_t157,447.75,2310.58,1.0667,T7,7,pre,157
e7_t158,446.28,2309.28,0.5333,T7,7,pre,158
e7_t159,444.84,2307.94,0.1333,T7,7,pre,159
e7_t160,443.43,2306.57,0.1333,T7,7,pre,160
e7_t161,442.06,2305.16,0.2667,T7,7,pre,161
e7_t162,440.72,2303.72,0.1333,T7,7,pre,162
e7_t163,439.42,2302.25,0.0,T7,7,pre,163
e7_t164,438.16,2300.75,0.1333,T7,7,pre,164
e7_t165,436.93,2299.22,0.1333,T7,7,pre,165
e7_t166,435.74,2297.66,0.1333,T7,7,pre,166
e7_t167,434.59,2296.06,0.5333,T7,7,pre,167
e7_t168,433.48,2294.45,1.0667,T7,7,pre,168
e7_t169,432.41,2292.8,1.3333,T7,7,pre,169
e7_t170,431.38,2291.13,0.5333,T7,7,pre,170
e7_t171,430.39,2289.43,0.2667,T7,7,pre,171
e7_t172,429.45,2287.71,0.6667,T7,7,pre,172
e7_t173,428.54,2285.97,0.2667,T7,7,pre,173
e7_t174,427.68,2284.2,0.0,T7,7,pre,174
e7_t175,426.86,2282.42,0.2667,T7,7,pre,175
e7_t176,426.09,2280.61,0.5333,T7,7,pre,176
e7_t177,425.36,2278.79,0.6667,T7,7,pre,177
e7_t178,424.68,2276.95,0.4,T7,7,pre,178
e7_t179,424.04,2275.09,0.8,T7,7,pre,179
e7_t180,423.44,2273.22,0.6667,T7,7,pre,180
e7_t181,422.9,2271.34,0.9333,T7,7,pre,181
e7_t182,422.4,2269.44,1.0667,T7,7,pre,182
e7_t183,421.94,2267.53,0.9333,T7,7,pre,183
e7_t184,421.54,2265.61,0.8,T7,7,pre,184
e7_t185,421.18,2263.68,0.9333,T7,7,pre,185
e7_t186,420.87,2261.74,0.4,T7,7,pre,186
e7_t187,420.6,2259.79,1.0667,T7,7,pre,187
e7_t188,420.39,2257.84,1.4667,T7,7,pre,188
e7_t189,420.22,2255.89,0.9333,T7,7,pre,189
e7_t190,420.1,2253.93,0.6667,T7,7,pre,190
e7_t191,420.02,2251.96,0.5333,T7,7,pre,191
e7_t192,420.0,2250.0,0.4,T7,7,pre,192
e7_t193,420.02,2248.04,0.4,T7,7,pre,193
e7_t194,420.1,2246.07,0.2667,T7,7,pre,194
e7_t195,420.22,2244.11,0.2667,T7,7,pre,195
e7_t196,420.39,2242.16,0.1333,T7,7,pre,196
e7_t197,420.6,2240.21,0.0,T7,7,pre,197
e7_t198,420.87,2238.26,0.0,T7,7,pre,198
e7_t199,421.18,2236.32,0.4,T7,7,pre,199
e7_t200,421.54,2234.39,1.0667,T7,7,pre,200
e7_t201,421.94,2232.47,1.8667,T7,7,pre,201
e7_t202,422.4,2230.56,1.0667,T7,7,pre,202
e7_t203,422.9,2228.66,0.5333,T7,7,pre,203
e7_t204,423.44,2226.78,1.3333,T7,7,pre,204
e7_t205,424.04,2224.91,0.8,T7,7,pre,205
e7_t206,424.68,2223.05,0.2667,T7,7,pre,206
e7_t207,425.36,2221.21,0.9333,T7,7,pre,207
e7_t208,426.09,2219.39,0.4,T7,7,pre,208
e7_t209,426.86,2217.58,0.2667,T7,7,pre,209
e7_t210,427.68,2215.8,0.8,T7,7,pre,210
e7_t211,428.54,2214.03,0.2667,T7,7,pre,211
e7_t212,429.45,2212.29,0.5333,T7,7,pre,212
e7_t213,430.39,2210.57,0.6667,T7,7,pre,213
e7_t214,431.38,2208.87,0.1333,T7,7,pre,214
e7_t215,432.41,2207.2,0.0,T7,7,pre,215
e7_t216,433.48,2205.55,0.6667,T7,7,pre,216
e7_t217,434.59,2203.94,1.4667,T7,7,pre,217
e7_t218,435.74,2202.34,1.0667,T7,7,pre,218
e7_t219,436.93,2200.78,1.0667,T7,7,pre,219
e7_t220,438.16,2199.25,1.0667,T7,7,pre,220
e7_t221,439.42,2197.75,0.9333,T7,7,pre,221
e7_t222,440.72,2196.28,0.6667,T7,7,pre,222
e7_t223,442.06,2194.84,0.4,T7,7,pre,223
e7_t224,443.43,2193.43,0.8,T7,7,pre,224
e7_t225,444.84,2192.06,0.5333,T7,7,pre,225
e7_t226,446.28,2190.72,0.1333,T7,7,pre,226
e7_t227,447.75,2189.42,0.2667,T7,7,pre,227
e7_t228,449.25,2188.16,0.1333,T7,7,pre,228
e7_t229,450.78,2186.93,0.0,T7,7,pre,229
e7_t230,452.34,2185.74,0.0,T7,7,pre,230
e7_t231,453.94,2184.59,0.0,T7,7,pre,231
e7_t232,455.55,2183.48,0.5333,T7,7,pre,232
e7_t233,457.2,2182.41,0.9333,T7,7,pre,233
e7_t234,458.87,2181.38,0.4,T7,7,pre,234
e7_t235,460.57,2180.39,0.4,T7,7,pre,235
e7_t236,462.29,2179.45,0.2667,T7,7,pre,236
e7_t237,464.03,2178.54,0.4,T7,7,pre,237
e7_t238,465.8,2177.68,0.2667,T7,7,pre,238
e7_t239,467.58,2176.86,0.1333,T7,7,pre,239
e7_t240,469.39,2176.09,0.1333,T7,7,pre,240
e7_t241,471.21,2175.36,0.0,T7,7,pre,241
e7_t242,473.05,2174.68,0.1333,T7,7,pre,242
e7_t243,474.91,2174.04,0.1333,T7,7,pre,243
e7_t244,476.78,2173.44,0.0,T7,7,pre,244
e7_t245,478.66,2172.9,0.0,T7,7,pre,245
e7_t246,480.56,2172.4,0.0,T7,7,pre,246
e7_t247,482.47,2171.94,0.4,T7,7,pre,247
e7_t248,484.39,2171.54,1.4667,T7,7,pre,248
e7_t249,486.32,2171.18,1.4667,T7,7,pre,249
e7_t250,488.26,2170.87,0.5333,T7,7,pre,250
e7_t251,490.21,2170.6,0.6667,T7,7,pre,251
e7_t252,492.16,2170.39,1.6,T7,7,pre,252
e7_t253,494.11,2170.22,0.9333,T7,7,pre,253
e7_t254,496.07,2170.1,0.2667,T7,7,pre,254
e7_t255,498.04,2170.02,0.2667,T7,7,pre,255
e8_t0,1500.0,1820.0,0.0,C3,8,pre,0
e8_t1,1501.96,1820.02,0.0,C3,8,pre,1
e8_t2,1503.93,1820.1,0.0,C3,8,pre,2
e8_t3,1505.89,1820.22,0.0,C3,8,pre,3
e8_t4,1507.84,1820.39,0.0,C3,8,pre,4
e8_t5,1509.79,1820.6,0.0,C3,8,pre,5
e8_t6,1511.74,1820.87,0.0,C3,8,pre,6
e8_t7,1513.68,1821.18,0.0,C3,8,pre,7
e8_t8,1515.61,1821.54,0.0,C3,8,pre,8
e8_t9,1517.53,1821.94,0.0,C3,8,pre,9
e8_t10,1519.44,1822.4,0.0,C3,8,pre,10
e8_t11,1521.34,1822.9,0.0,C3,8,pre,11
e8_t12,1523.22,1823.44,0.0,C3,8,pre,12
e8_t13,1525.09,1824.04,0.0,C3,8,pre,13
e8_t14,1526.95,1824.68,0.0,C3,8,pre,14
e8_t15,1528.79,1825.36,0.0,C3,8,pre,15
e8_t16,1530.61,1826.09,0.0,C3,8,pre,16
e8_t17,1532.42,1826.86,0.0,C3,8,pre,17
e8_t18,1534.2,1827.68,0.0,C3,8,pre,18
e8_t19,1535.97,1828.54,0.1333,C3,8,pre,19
e8_t20,1537.71,1829.45,0.2667,C3,8,pre,20
e8_t21,1539.43,1830.39,0.2667,C3,8,pre,21
e8_t22,1541.13,1831.38,0.2667,C3,8,pre,22
e8_t23,1542.8,1832.41,0.2667,C3,8,pre,23
e8_t24,1544.45,1833.48,0.0,C3,8,pre,24
e8_t25,1546.06,1834.59,0.0,C3,8,pre,25
e8_t26,1547.66,1835.74,0.0,C3,8,pre,26
e8_t27,1549.22,1836.93,0.0,C3,8,pre,27
e8_t28,1550.75,1838.16,0.0,C3,8,pre,28
e8_t29,1552.25,1839.42,0.0,C3,8,pre,29
e8_t30,1553.72,1840.72,0.0,C3,8,pre,30
e8_t31,1555.16,1842.06,0.0,C3,8,pre,31
e8_t32,1556.57,1843.43,0.0,C3,8,pre,32
e8_t33,1557.94,1844.84,0.0,C3,8,pre,33
e8_t34,1559.28,1846.28,0.0,C3,8,pre,34
e8_t35,1560.58,1847.75,0.0,C3,8,pre,35
e8_t36,1561.84,1849.25,0.0,C3,8,pre,36
e8_t37,1563.07,1850.78,0.0,C3,8,pre,37
e8_t38,1564.26,1852.34,0.0,C3,8,pre,38
e8_t39,1565.41,1853.94,0.0,C3,8,pre,39
e8_t40,1566.52,1855.55,0.0,C3,8,pre,40
e8_t41,1567.59,1857.2,0.0,C3,8,pre,41
e8_t42,1568.62,1858.87,0.0,C3,8,pre,42
e8_t43,1569.61,1860.57,0.0,C3,8,pre,43
e8_t44,1570.55,1862.29,0.0,C3,8,pre,44
e8_t45,1571.46,1864.03,0.0,C3,8,pre,45
e8_t46,1572.32,1865.8,0.0,C3,8,pre,46
e8_t47,1573.14,1867.58,0.0,C3,8,pre,47
e8_t48,1573.91,1869.39,0.0,C3,8,pre,48
e8_t49,1574.64,1871.21,0.0,C3,8,pre,49
e8_t50,1575.32,1873.05,0.0,C3,8,pre,50
e8_t51,1575.96,1874.91,0.0,C3,8,pre,51
e8_t52,1576.56,1876.78,0.0,C3,8,pre,52
e8_t53,1577.1,1878.66,0.0,C3,8,pre,53
e8_t54,1577.6,1880.56,0.0,C3,8,pre,54
e8_t55,1578.06,1882.47,0.0,C3,8,pre,55
e8_t56,1578.46,1884.39,0.0,C3,8,pre,56
e8_t57,1578.82,1886.32,0.0,C3,8,pre,57
e8_t58,1579.13,1888.26,0.0,C3,8,pre,58
e8_t59,1579.4,1890.21,0.0,C3,8,pre,59
e8_t60,1579.61,1892.16,0.0,C3,8,pre,60
e8_t61,1579.78,1894.11,0.0,C3,8,pre,61
e8_t62,1579.9,1896.07,0.1333,C3,8,pre,62
e8_t63,1579.98,1898.04,0.1333,C3,8,pre,63
e8_t64,1580.0,1900.0,0.0,C3,8,pre,64
e8_t65,1579.98,1901.96,0.0,C3,8,pre,65
e8_t66,1579.9,1903.93,0.0,C3,8,pre,66
e8_t67,1579.78,1905.89,0.0,C3,8,pre,67
e8_t68,1579.61,1907.84,0.0,C3,8,pre,68
e8_t69,1579.4,1909.79,0.0,C3,8,pre,69
e8_t70,1579.13,1911.74,0.0,C3,8,pre,70
e8_t71,1578.82,1913.68,0.2667,C3,8,pre,71
e8_t72,1578.46,1915.61,0.4,C3,8,pre,72
e8_t73,1578.06,1917.53,0.4,C3,8,pre,73
e8_t74,1577.6,1919.44,0.4,C3,8,pre,74
e8_t75,1577.1,1921.34,0.2667,C3,8,pre,75
e8_t76,1576.56,1923.22,0.1333,C3,8,pre,76
e8_t77,1575.96,1925.09,0.0,C3,8,pre,77
e8_t78,1575.32,1926.95,0.0,C3,8,pre,78
e8_t79,1574.64,1928.79,0.0,C3,8,pre,79
e8_t80,1573.91,1930.61,0.0,C3,8,pre,80
e8_t81,1573.14,1932.42,0.0,C3,8,pre,81
e8_t82,1572.32,1934.2,0.0,C3,8,pre,82
e8_t83,1571.46,1935.97,0.1333,C3,8,pre,83
e8_t84,1570.55,1937.71,0.4,C3,8,pre,84
e8_t85,1569.61,1939.43,0.1333,C3,8,pre,85
e8_t86,1568.62,1941.13,0.1333,C3,8,pre,86
e8_t87,1567.59,1942.8,0.0,C3,8,pre,87
e8_t88,1566.52,1944.45,0.0,C3,8,pre,88
e8_t89,1565.41,1946.06,0.0,C3,8,pre,89
e8_t90,1564.26,1947.66,0.0,C3,8,pre,90
e8_t91,1563.07,1949.22,0.0,C3,8,pre,91
e8_t92,1561.84,1950.75,0.0,C3,8,pre,92
e8_t93,1560.58,1952.25,0.0,C3,8,pre,93
e8_t94,1559.28,1953.72,0.0,C3,8,pre,94
e8_t95,1557.94,1955.16,0.0,C3,8,pre,95
e8_t96,1556.57,1956.57,0.0,C3,8,pre,96
e8_t97,1555.16,1957.94,0.0,C3,8,pre,97
e8_t98,1553.72,1959.28,0.0,C3,8,pre,98
e8_t99,1552.25,1960.58,0.0,C3,8,pre,99
e8_t100,1550.75,1961.84,0.0,C3,8,pre,100
e8_t101,1549.22,1963.07,0.0,C3,8,pre,101
e8_t102,1547.66,1964.26,0.0,C3,8,pre,102
e8_t103,1546.06,1965.41,0.1333,C3,8,pre,103
e8_t104,1544.45,1966.52,0.1333,C3,8,pre,104
e8_t105,1542.8,1967.59,0.1333,C3,8,pre,105
e8_t106,1541.13,1968.62,0.0,C3,8,pre,106
e8_t107,1539.43,1969.61,0.1333,C3,8,pre,107
e8_t108,1537.71,1970.55,0.0,C3,8,pre,108
e8_t109,1535.97,1971.46,0.0,C3,8,pre,109
e8_t110,1534.2,1972.32,0.0,C3,8,pre,110
e8_t111,1532.42,1973.14,0.0,C3,8,pre,111
e8_t112,1530.61,1973.91,0.1333,C3,8,pre,112
e8_t113,1528.79,1974.64,0.1333,C3,8,pre,113
e8_t114,1526.95,1975.32,0.4,C3,8,pre,114
e8_t115,1525.09,1975.96,0.2667,C3,8,pre,115
e8_t116,1523.22,1976.56,0.1333,C3,8,pre,116
e8_t117,1521.34,1977.1,0.0,C3,8,pre,117
e8_t118,1519.44,1977.6,0.0,C3,8,pre,118
e8_t119,1517.53,1978.06,0.0,C3,8,pre,119
e8_t120,1515.61,1978.46,0.0,C3,8,pre,120
e8_t121,1513.68,1978.82,0.0,C3,8,pre,121
e8_t122,1511.74,1979.13,0.0,C3,8,pre,122
e8_t123,1509.79,1979.4,0.2667,C3,8,pre,123
e8_t124,1507.84,1979.61,0.2667,C3,8,pre,124
e8_t125,1505.89,1979.78,0.2667,C3,8,pre,125
e8_t126,1503.93,1979.9,0.1333,C3,8,pre,126
e8_t127,1501.96,1979.98,0.0,C3,8,pre,127
e8_t128,1500.0,1980.0,0.0,C3,8,pre,128
e8_t129,1498.04,1979.98,0.0,C3,8,pre,129
e8_t130,1496.07,1979.9,0.0,C3,8,pre,130
e8_t131,1494.11,1979.78,0.0,C3,8,pre,131
e8_t132,1492.16,1979.61,0.0,C3,8,pre,132
e8_t133,1490.21,1979.4,0.0,C3,8,pre,133
e8_t134,1488.26,1979.13,0.0,C3,8,pre,134
e8_t135,1486.32,1978.82,0.0,C3,8,pre,135
e8_t136,1484.39,1978.46,0.0,C3,8,pre,136
e8_t137,1482.47,1978.06,0.0,C3,8,pre,137
e8_t138,1480.56,1977.6,0.0,C3,8,pre,138
e8_t139,1478.66,1977.1,0.0,C3,8,pre,139
e8_t140,1476.78,1976.56,0.0,C3,8,pre,140
e8_t141,1474.91,1975.96,0.0,C3,8,pre,141
e8_t142,1473.05,1975.32,0.0,C3,8,pre,142
e8_t143,1471.21,1974.64,0.0,C3,8,pre,143
e8_t144,1469.39,1973.91,0.0,C3,8,pre,144
e8_t145,1467.58,1973.14,0.0,C3,8,pre,145
e8_t146,1465.8,1972.32,0.0,C3,8,pre,146
e8_t147,1464.03,1971.46,0.0,C3,8,pre,147
e8_t148,1462.29,1970.55,0.0,C3,8,pre,148
e8_t149,1460.57,1969.61,0.0,C3,8,pre,149
e8_t150,1458.87,1968.62,0.0,C3,8,pre,150
e8_t151,1457.2,1967.59,0.0,C3,8,pre,151
e8_t152,1455.55,1966.52,0.0,C3,8,pre,152
e8_t153,1453.94,1965.41,0.0,C3,8,pre,153
e8_t154,1452.34,1964.26,0.0,C3,8,pre,154
e8_t155,1450.78,1963.07,0.0,C3,8,pre,155
e8_t156,1449.25,1961.84,0.0,C3,8,pre,156
e8_t157,1447.75,1960.58,0.0,C3,8,pre,157
e8_t158,1446.28,1959.28,0.0,C3,8,pre,158
e8_t159,1444.84,1957.94,0.0,C3,8,pre,159
e8_t160,1443.43,1956.57,0.0,C3,8,pre,160
e8_t161,1442.06,1955.16,0.0,C3,8,pre,161
e8_t162,1440.72,1953.72,0.0,C3,8,pre,162
e8_t163,1439.42,1952.25,0.0,C3,8,pre,163
e8_t164,1438.16,1950.75,0.0,C3,8,pre,164
e8_t165,1436.93,1949.22,0.0,C3,8,pre,165
e8_t166,1435.74,1947.66,0.0,C3,8,pre,166
e8_t167,1434.59,1946.06,0.0,C3,8,pre,167
e8_t168,1433.48,1944.45,0.0,C3,8,pre,168
e8_t169,1432.41,1942.8,0.0,C3,8,pre,169
e8_t170,1431.38,1941.13,0.0,C3,8,pre,170
e8_t171,1430.39,1939.43,0.0,C3,8,pre,171
e8_t172,1429.45,1937.71,0.0,C3,8,pre,172
e8_t173,1428.54,1935.97,0.0,C3,8,pre,173
e8_t174,1427.68,1934.2,0.0,C3,8,pre,174
e8_t175,1426.86,1932.42,0.0,C3,8,pre,175
e8_t176,1426.09,1930.61,0.0,C3,8,pre,176
e8_t177,1425.36,1928.79,0.0,C3,8,pre,177
e8_t178,1424.68,1926.95,0.0,C3,8,pre,178
e8_t179,1424.04,1925.09,0.0,C3,8,pre,179
e8_t180,1423.44,1923.22,0.0,C3,8,pre,180
e8_t181,1422.9,1921.34,0.0,C3,8,pre,181
e8_t182,1422.4,1919.44,0.0,C3,8,pre,182
e8_t183,1421.94,1917.53,0.0,C3,8,pre,183
e8_t184,1421.54,1915.61,0.0,C3,8,pre,184
e8_t185,1421.18,1913.68,0.0,C3,8,pre,185
e8_t186,1420.87,1911.74,0.0,C3,8,pre,186
e8_t187,1420.6,1909.79,0.0,C3,8,pre,187
e8_t188,1420.39,1907.84,0.0,C3,8,pre,188
e8_t189,1420.22,1905.89,0.0,C3,8,pre,189
e8_t190,1420.1,1903.93,0.0,C3,8,pre,190
e8_t191,1420.02,1901.96,0.0,C3,8,pre,191
e8_t192,1420.0,1900.0,0.0,C3,8,pre,192
e8_t193,1420.02,1898.04,0.0,C3,8,pre,193
e8_t194,1420.1,1896.07,0.0,C3,8,pre,194
e8_t195,1420.22,1894.11,0.0,C3,8,pre,195
e8_t196,1420.39,1892.16,0.0,C3,8,pre,196
e8_t197,1420.6,1890.21,0.0,C3,8,pre,197
e8_t198,1420.87,1888.26,0.0,C3,8,pre,198
e8_t199,1421.18,1886.32,0.0,C3,8,pre,199
e8_t200,1421.54,1884.39,0.0,C3,8,pre,200
e8_t201,1421.94,1882.47,0.0,C3,8,pre,201
e8_t202,1422.4,1880.56,0.0,C3,8,pre,202
e8_t203,1422.9,1878.66,0.0,C3,8,pre,203
e8_t204,1423.44,1876.78,0.0,C3,8,pre,204
e8_t205,1424.04,1874.91,0.0,C3,8,pre,205
e8_t206,1424.68,1873.05,0.0,C3,8,pre,206
e8_t207,1425.36,1871.21,0.0,C3,8,pre,207
e8_t208,1426.09,1869.39,0.0,C3,8,pre,208
e8_t209,1426.86,1867.58,0.0,C3,8,pre,209
e8_t210,1427.68,1865.8,0.0,C3,8,pre,210
e8_t211,1428.54,1864.03,0.0,C3,8,pre,211
e8_t212,1429.45,1862.29,0.0,C3,8,pre,212
e8_t213,1430.39,1860.57,0.0,C3,8,pre,213
e8_t214,1431.38,1858.87,0.1333,C3,8,pre,214
e8_t215,1432.41,1857.2,0.2667,C3,8,pre,215
e8_t216,1433.48,1855.55,0.1333,C3,8,pre,216
e8_t217,1434.59,1853.94,0.0,C3,8,pre,217
e8_t218,1435.74,1852.34,0.0,C3,8,pre,218
e8_t219,1436.93,1850.78,0.0,C3,8,pre,219
e8_t220,1438.16,1849.25,0.0,C3,8,pre,220
e8_t221,1439.42,1847.75,0.0,C3,8,pre,221
e8_t222,1440.72,1846.28,0.0,C3,8,pre,222
e8_t223,1442.06,1844.84,0.0,C3,8,pre,223
e8_t224,1443.43,1843.43,0.0,C3,8,pre,224
e8_t225,1444.84,1842.06,0.0,C3,8,pre,225
e8_t226,1446.28,1840.72,0.0,C3,8,pre,226
e8_t227,1447.75,1839.42,0.0,C3,8,pre,227
e8_t228,1449.25,1838.16,0.0,C3,8,pre,228
e8_t229,1450.78,1836.93,0.0,C3,8,pre,229
e8_t230,1452.34,1835.74,0.0,C3,8,pre,230
e8_t231,1453.94,1834.59,0.0,C3,8,pre,231
e8_t232,1455.55,1833.48,0.0,C3,8,pre,232
e8_t233,1457.2,1832.41,0.0,C3,8,pre,233
e8_t234,1458.87,1831.38,0.0,C3,8,pre,234
e8_t235,1460.57,1830.39,0.0,C3,8,pre,235
e8_t236,1462.29,1829.45,0.0,C3,8,pre,236
e8_t237,1464.03,1828.54,0.0,C3,8,pre,237
e8_t238,1465.8,1827.68,0.0,C3,8,pre,238
e8_t239,1467.58,1826.86,0.0,C3,8,pre,239
e8_t240,1469.39,1826.09,0.0,C3,8,pre,240
e8_t241,1471.21,1825.36,0.0,C3,8,pre,241
e8_t242,1473.05,1824.68,0.0,C3,8,pre,242
e8_t243,1474.91,1824.04,0.0,C3,8,pre,243
e8_t244,1476.78,1823.44,0.0,C3,8,pre,244
e8_t245,1478.66,1822.9,0.0,C3,8,pre,245
e8_t246,1480.56,1822.4,0.0,C3,8,pre,246
e8_t247,1482.47,1821.94,0.0,C3,8,pre,247
e8_t248,1484.39,1821.54,0.0,C3,8,pre,248
e8_t249,1486.32,1821.18,0.0,C3,8,pre,249
e8_t250,1488.26,1820.87,0.0,C3,8,pre,250
e8_t251,1490.21,1820.6,0.0,C3,8,pre,251
e8_t252,1492.16,1820.39,0.0,C3,8,pre,252
e8_t253,1494.11,1820.22,0.0,C3,8,pre,253
e8_t254,1496.07,1820.1,0.0,C3,8,pre,254
e8_t255,1498.04,1820.02,0.0,C3,8,pre,255
e9_t0,2500.0,1670.0,0.0,CZ,9,pre,0
e9_t1,2501.96,1670.02,0.0,CZ,9,pre,1
e9_t2,2503.93,1670.1,0.1333,CZ,9,pre,2
e9_t3,2505.89,1670.22,0.4,CZ,9,pre,3
e9_t4,2507.84,1670.39,0.1333,CZ,9,pre,4
e9_t5,2509.79,1670.6,0.0,CZ,9,pre,5
e9_t6,2511.74,1670.87,0.0,CZ,9,pre,6
e9_t7,2513.68,1671.18,0.0,CZ,9,pre,7
e9_t8,2515.61,1671.54,0.0,CZ,9,pre,8
e9_t9,2517.53,1671.94,0.0,CZ,9,pre,9
e9_t10,2519.44,1672.4,0.1333,CZ,9,pre,10
e9_t11,2521.34,1672.9,0.2667,CZ,9,pre,11
e9_t12,2523.22,1673.44,0.4,CZ,9,pre,12
e9_t13,2525.09,1674.04,0.2667,CZ,9,pre,13
e9_t14,2526.95,1674.68,0.1333,CZ,9,pre,14
e9_t15,2528.79,1675.36,0.0,CZ,9,pre,15
e9_t16,2530.61,1676.09,0.0,CZ,9,pre,16
e9_t17,2532.42,1676.86,0.0,CZ,9,pre,17
e9_t18,2534.2,1677.68,0.0,CZ,9,pre,18
e9_t19,2535.97,1678.54,0.0,CZ,9,pre,19
e9_t20,2537.71,1679.45,0.0,CZ,9,pre,20
e9_t21,2539.43,1680.39,0.1333,CZ,9,pre,21
e9_t22,2541.13,1681.38,0.4,CZ,9,pre,22
e9_t23,2542.8,1682.41,0.4,CZ,9,pre,23
e9_t24,2544.45,1683.48,0.2667,CZ,9,pre,24
e9_t25,2546.06,1684.59,0.2667,CZ,9,pre,25
e9_t26,2547.66,1685.74,0.2667,CZ,9,pre,26
e9_t27,2549.22,1686.93,0.4,CZ,9,pre,27
e9_t28,2550.75,1688.16,0.4,CZ,9,pre,28
e9_t29,2552.25,1689.42,0.1333,CZ,9,pre,29
e9_t30,2553.72,1690.72,0.0,CZ,9,pre,30
e9_t31,2555.16,1692.06,0.0,CZ,9,pre,31
e9_t32,2556.57,1693.43,0.0,CZ,9,pre,32
e9_t33,2557.94,1694.84,0.0,CZ,9,pre,33
e9_t34,2559.28,1696.28,0.0,CZ,9,pre,34
e9_t35,2560.58,1697.75,0.0,CZ,9,pre,35
e9_t36,2561.84,1699.25,0.0,CZ,9,pre,36
e9_t37,2563.07,1700.78,0.0,CZ,9,pre,37
e9_t38,2564.26,1702.34,0.0,CZ,9,pre,38
e9_t39,2565.41,1703.94,0.1333,CZ,9,pre,39
e9_t40,2566.52,1705.55,0.1333,CZ,9,pre,40
e9_t41,2567.59,1707.2,0.0,CZ,9,pre,41
e9_t42,2568.62,1708.87,0.0,CZ,9,pre,42
e9_t43,2569.61,1710.57,0.0,CZ,9,pre,43
e9_t44,2570.55,1712.29,0.0,CZ,9,pre,44
e9_t45,2571.46,1714.03,0.0,CZ,9,pre,45
e9_t46,2572.32,1715.8,0.0,CZ,9,pre,46
e9_t47,2573.14,1717.58,0.0,CZ,9,pre,47
e9_t48,2573.91,1719.39,0.0,CZ,9,pre,48
e9_t49,2574.64,1721.21,0.1333,CZ,9,pre,49
e9_t50,2575.32,1723.05,0.0,CZ,9,pre,50
e9_t51,2575.96,1724.91,0.1333,CZ,9,pre,51
e9_t52,2576.56,1726.78,0.0,CZ,9,pre,52
e9_t53,2577.1,1728.66,0.1333,CZ,9,pre,53
e9_t54,2577.6,1730.56,0.2667,CZ,9,pre,54
e9_t55,2578.06,1732.47,0.2667,CZ,9,pre,55
e9_t56,2578.46,1734.39,0.5333,CZ,9,pre,56
e9_t57,2578.82,1736.32,0.6667,CZ,9,pre,57
e9_t58,2579.13,1738.26,0.2667,CZ,9,pre,58
e9_t59,2579.4,1740.21,0.0,CZ,9,pre,59
e9_t60,2579.61,1742.16,0.0,CZ,9,pre,60
e9_t61,2579.78,1744.11,0.0,CZ,9,pre,61
e9_t62,2579.9,1746.07,0.0,CZ,9,pre,62
e9_t63,2579.98,1748.04,0.0,CZ,9,pre,63
e9_t64,2580.0,1750.0,0.0,CZ,9,pre,64
e9_t65,2579.98,1751.96,0.0,CZ,9,pre,65
e9_t66,2579.9,1753.93,0.1333,CZ,9,pre,66
e9_t67,2579.78,1755.89,0.0,CZ,9,pre,67
e9_t68,2579.61,1757.84,0.0,CZ,9,pre,68
e9_t69,2579.4,1759.79,0.0,CZ,9,pre,69
e9_t70,2579.13,1761.74,0.0,CZ,9,pre,70
e9_t71,2578.82,1763.68,0.0,CZ,9,pre,71
e9_t72,2578.46,1765.61,0.0,CZ,9,pre,72
e9_t73,2578.06,1767.53,0.1333,CZ,9,pre,73
e9_t74,2577.6,1769.44,0.2667,CZ,9,pre,74
e9_t75,2577.1,1771.34,0.4,CZ,9,pre,75
e9_t76,2576.56,1773.22,0.2667,CZ,9,pre,76
e9_t77,2575.96,1775.09,0.1333,CZ,9,pre,77
e9_t78,2575.32,1776.95,0.0,CZ,9,pre,78
e9_t79,2574.64,1778.79,0.0,CZ,9,pre,79
e9_t80,2573.91,1780.61,0.0,CZ,9,pre,80
e9_t81,2573.14,1782.42,0.0,CZ,9,pre,81
e9_t82,2572.32,1784.2,0.0,CZ,9,pre,82
e9_t83,2571.46,1785.97,0.0,CZ,9,pre,83
e9_t84,2570.55,1787.71,0.0,CZ,9,pre,84
e9_t85,2569.61,1789.43,0.0,CZ,9,pre,85
e9_t86,2568.62,1791.13,0.0,CZ,9,pre,86
e9_t87,2567.59,1792.8,0.0,CZ,9,pre,87
e9_t88,2566.52,1794.45,0.0,CZ,9,pre,88
e9_t89,2565.41,1796.06,0.0,CZ,9,pre,89
e9_t90,2564.26,1797.66,0.0,CZ,9,pre,90
e9_t91,2563.07,1799.22,0.0,CZ,9,pre,91
e9_t92,2561.84,1800.75,0.0,CZ,9,pre,92
e9_t93,2560.58,1802.25,0.0,CZ,9,pre,93
e9_t94,2559.28,1803.72,0.0,CZ,9,pre,94
e9_t95,2557.94,1805.16,0.0,CZ,9,pre,95
e9_t96,2556.57,1806.57,0.0,CZ,9,pre,96
e9_t97,2555.16,1807.94,0.0,CZ,9,pre,97
e9_t98,2553.72,1809.28,0.0,CZ,9,pre,98
e9_t99,2552.25,1810.58,0.0,CZ,9,pre,99
e9_t100,2550.75,1811.84,0.0,CZ,9,pre,100
e9_t101,2549.22,1813.07,0.0,CZ,9,pre,101
e9_t102,2547.66,1814.26,0.0,CZ,9,pre,102
e9_t103,2546.06,1815.41,0.0,CZ,9,pre,103
e9_t104,2544.45,1816.52,0.0,CZ,9,pre,104
e9_t105,2542.8,1817.59,0.0,CZ,9,pre,105
e9_t106,2541.13,1818.62,0.1333,CZ,9,pre,106
e9_t107,2539.43,1819.61,0.4,CZ,9,pre,107
e9_t108,2537.71,1820.55,0.2667,CZ,9,pre,108
e9_t109,2535.97,1821.46,0.2667,CZ,9,pre,109
e9_t110,2534.2,1822.32,0.1333,CZ,9,pre,110
e9_t111,2532.42,1823.14,0.0,CZ,9,pre,111
e9_t112,2530.61,1823.91,0.0,CZ,9,pre,112
e9_t113,2528.79,1824.64,0.0,CZ,9,pre,113
e9_t114,2526.95,1825.32,0.0,CZ,9,pre,114
e9_t115,2525.09,1825.96,0.0,CZ,9,pre,115
e9_t116,2523.22,1826.56,0.0,CZ,9,pre,116
e9_t117,2521.34,1827.1,0.0,CZ,9,pre,117
e9_t118,2519.44,1827.6,0.0,CZ,9,pre,118
e9_t119,2517.53,1828.06,0.1333,CZ,9,pre,119
e9_t120,2515.61,1828.46,0.0,CZ,9,pre,120
e9_t121,2513.68,1828.82,0.0,CZ,9,pre,121
e9_t122,2511.74,1829.13,0.0,CZ,9,pre,122
e9_t123,2509.79,1829.4,0.1333,CZ,9,pre,123
e9_t124,2507.84,1829.61,0.2667,CZ,9,pre,124
e9_t125,2505.89,1829.78,0.2667,CZ,9,pre,125
e9_t126,2503.93,1829.9,0.0,CZ,9,pre,126
e9_t127,2501.96,1829.98,0.0,CZ,9,pre,127
e9_t128,2500.0,1830.0,0.0,CZ,9,pre,128
e9_t129,2498.04,1829.98,0.0,CZ,9,pre,129
e9_t130,2496.07,1829.9,0.0,CZ,9,pre,130
e9_t131,2494.11,1829.78,0.1333,CZ,9,pre,131
e9_t132,2492.16,1829.61,0.2667,CZ,9,pre,132
e9_t133,2490.21,1829.4,0.2667,CZ,9,pre,133
e9_t134,2488.26,1829.13,0.1333,CZ,9,pre,134
e9_t135,2486.32,1828.82,0.0,CZ,9,pre,135
e9_t136,2484.39,1828.46,0.1333,CZ,9,pre,136
e9_t137,2482.47,1828.06,0.2667,CZ,9,pre,137
e9_t138,2480.56,1827.6,0.2667,CZ,9,pre,138
e9_t139,2478.66,1827.1,0.0,CZ,9,pre,139
e9_t140,2476.78,1826.56,0.1333,CZ,9,pre,140
e9_t141,2474.91,1825.96,0.0,CZ,9,pre,141
e9_t142,2473.05,1825.32,0.1333,CZ,9,pre,142
e9_t143,2471.21,1824.64,0.2667,CZ,9,pre,143
e9_t144,2469.39,1823.91,0.2667,CZ,9,pre,144
e9_t145,2467.58,1823.14,0.1333,CZ,9,pre,145
e9_t146,2465.8,1822.32,0.0,CZ,9,pre,146
e9_t147,2464.03,1821.46,0.0,CZ,9,pre,147
e9_t148,2462.29,1820.55,0.0,CZ,9,pre,148
e9_t149,2460.57,1819.61,0.0,CZ,9,pre,149
e9_t150,2458.87,1818.62,0.0,CZ,9,pre,150
e9_t151,2457.2,1817.59,0.0,CZ,9,pre,151
e9_t152,2455.55,1816.52,0.1333,CZ,9,pre,152
e9_t153,2453.94,1815.41,0.2667,CZ,9,pre,153
e9_t154,2452.34,1814.26,0.2667,CZ,9,pre,154
e9_t155,2450.78,1813.07,0.0,CZ,9,pre,155
e9_t156,2449.25,1811.84,0.1333,CZ,9,pre,156
e9_t157,2447.75,1810.58,0.1333,CZ,9,pre,157
e9_t158,2446.28,1809.28,0.0,CZ,9,pre,158
e9_t159,2444.84,1807.94,0.0,CZ,9,pre,159
e9_t160,2443.43,1806.57,0.0,CZ,9,pre,160
e9_t161,2442.06,1805.16,0.0,CZ,9,pre,161
e9_t162,2440.72,1803.72,0.0,CZ,9,pre,162
e9_t163,2439.42,1802.25,0.0,CZ,9,pre,163
e9_t164,2438.16,1800.75,0.0,CZ,9,pre,164
e9_t165,2436.93,1799.22,0.0,CZ,9,pre,165
e9_t166,2435.74,1797.66,0.0,CZ,9,pre,166
e9_t167,2434.59,1796.06,0.0,CZ,9,pre,167
e9_t168,2433.48,1794.45,0.0,CZ,9,pre,168
e9_t169,2432.41,1792.8,0.0,CZ,9,pre,169
e9_t170,2431.38,1791.13,0.1333,CZ,9,pre,170
e9_t171,2430.39,1789.43,0.1333,CZ,9,pre,171
e9_t172,2429.45,1787.71,0.0,CZ,9,pre,172
e9_t173,2428.54,1785.97,0.0,CZ,9,pre,173
e9_t174,2427.68,1784.2,0.0,CZ,9,pre,174
e9_t175,2426.86,1782.42,0.0,CZ,9,pre,175
e9_t176,2426.09,1780.61,0.0,CZ,9,pre,176
e9_t177,2425.36,1778.79,0.0,CZ,9,pre,177
e9_t178,2424.68,1776.95,0.0,CZ,9,pre,178
e9_t179,2424.04,1775.09,0.0,CZ,9,pre,179
e9_t180,2423.44,1773.22,0.0,CZ,9,pre,180
e9_t181,2422.9,1771.34,0.0,CZ,9,pre,181
e9_t182,2422.4,1769.44,0.0,CZ,9,pre,182
e9_t183,2421.94,1767.53,0.0,CZ,9,pre,183
e9_t184,2421.54,1765.61,0.0,CZ,9,pre,184
e9_t185,2421.18,1763.68,0.0,CZ,9,pre,185
e9_t186,2420.87,1761.74,0.0,CZ,9,pre,186
e9_t187,2420.6,1759.79,0.0,CZ,9,pre,187
e9_t188,2420.39,1757.84,0.0,CZ,9,pre,188
e9_t189,2420.22,1755.89,0.2667,CZ,9,pre,189
e9_t190,2420.1,1753.93,0.2667,CZ,9,pre,190
e9_t191,2420.02,1751.96,0.1333,CZ,9,pre,191
e9_t192,2420.0,1750.0,0.0,CZ,9,pre,192
e9_t193,2420.02,1748.04,0.0,CZ,9,pre,193
e9_t194,2420.1,1746.07,0.0,CZ,9,pre,194
e9_t195,2420.22,1744.11,0.0,CZ,9,pre,195
e9_t196,2420.39,1742.16,0.0,CZ,9,pre,196
e9_t197,2420.6,1740.21,0.0,CZ,9,pre,197
e9_t198,2420.87,1738.26,0.0,CZ,9,pre,198
e9_t199,2421.18,1736.32,0.0,CZ,9,pre,199
e9_t200,2421.54,1734.39,0.0,CZ,9,pre,200
e9_t201,2421.94,1732.47,0.0,CZ,9,pre,201
e9_t202,2422.4,1730.56,0.1333,CZ,9,pre,202
e9_t203,2422.9,1728.66,0.0,CZ,9,pre,203
e9_t204,2423.44,1726.78,0.0,CZ,9,pre,204
e9_t205,2424.04,1724.91,0.0,CZ,9,pre,205
e9_t206,2424.68,1723.05,0.0,CZ,9,pre,206
e9_t207,2425.36,1721.21,0.0,CZ,9,pre,207
e9_t208,2426.09,1719.39,0.0,CZ,9,pre,208
e9_t209,2426.86,1717.58,0.0,CZ,9,pre,209
e9_t210,2427.68,1715.8,0.0,CZ,9,pre,210
e9_t211,2428.54,1714.03,0.0,CZ,9,pre,211
e9_t212,2429.45,1712.29,0.0,CZ,9,pre,212
e9_t213,2430.39,1710.57,0.0,CZ,9,pre,213
e9_t214,2431.38,1708.87,0.0,CZ,9,pre,214
e9_t215,2432.41,1707.2,0.0,CZ,9,pre,215
e9_t216,2433.48,1705.55,0.1333,CZ,9,pre,216
e9_t217,2434.59,1703.94,0.2667,CZ,9,pre,217
e9_t218,2435.74,1702.34,0.1333,CZ,9,pre,218
e9_t219,2436.93,1700.78,0.0,CZ,9,pre,219
e9_t220,2438.16,1699.25,0.0,CZ,9,pre,220
e9_t221,2439.42,1697.75,0.0,CZ,9,pre,221
e9_t222,2440.72,1696.28,0.0,CZ,9,pre,222
e9_t223,2442.06,1694.84,0.0,CZ,9,pre,223
e9_t224,2443.43,1693.43,0.0,CZ,9,pre,224
e9_t225,2444.84,1692.06,0.0,CZ,9,pre,225
e9_t226,2446.28,1690.72,0.0,CZ,9,pre,226
e9_t227,2447.75,1689.42,0.0,CZ,9,pre,227
e9_t228,2449.25,1688.16,0.0,CZ,9,pre,228
e9_t229,2450.78,1686.93,0.0,CZ,9,pre,229
e9_t230,2452.34,1685.74,0.1333,CZ,9,pre,230
e9_t231,2453.94,1684.59,0.2667,CZ,9,pre,231
e9_t232,2455.55,1683.48,0.1333,CZ,9,pre,232
e9_t233,2457.2,1682.41,0.0,CZ,9,pre,233
e9_t234,2458.87,1681.38,0.0,CZ,9,pre,234
e9_t235,2460.57,1680.39,0.0,CZ,9,pre,235
e9_t236,2462.29,1679.45,0.0,CZ,9,pre,236
e9_t237,2464.03,1678.54,0.0,CZ,9,pre,237
e9_t238,2465.8,1677.68,0.0,CZ,9,pre,238
e9_t239,2467.58,1676.86,0.1333,CZ,9,pre,239
e9_t240,2469.39,1676.09,0.2667,CZ,9,pre,240
e9_t241,2471.21,1675.36,0.1333,CZ,9,pre,241
e9_t242,2473.05,1674.68,0.0,CZ,9,pre,242
e9_t243,2474.91,1674.04,0.0,CZ,9,pre,243
e9_t244,2476.78,1673.44,0.0,CZ,9,pre,244
e9_t245,2478.66,1672.9,0.0,CZ,9,pre,245
e9_t246,2480.56,1672.4,0.0,CZ,9,pre,246
e9_t247,2482.47,1671.94,0.0,CZ,9,pre,247
e9_t248,2484.39,1671.54,0.0,CZ,9,pre,248
e9_t249,2486.32,1671.18,0.0,CZ,9,pre,249
e9_t250,2488.26,1670.87,0.0,CZ,9,pre,250
e9_t251,2490.21,1670.6,0.0,CZ,9,pre,251
e9_t252,2492.16,1670.39,0.1333,CZ,9,pre,252
e9_t253,2494.11,1670.22,0.2667,CZ,9,pre,253
e9_t254,2496.07,1670.1,0.1333,CZ,9,pre,254
e9_t255,2498.04,1670.02,0.0,CZ,9,pre,255
e10_t0,3500.0,1820.0,0.0,C4,10,pre,0
e10_t1,3501.96,1820.02,0.0,C4,10,pre,1
e10_t2,3503.93,1820.1,0.0,C4,10,pre,2
e10_t3,3505.89,1820.22,0.0,C4,10,pre,3
e10_t4,3507.84,1820.39,0.0,C4,10,pre,4
e10_t5,3509.79,1820.6,0.0,C4,10,pre,5
e10_t6,3511.74,1820.87,0.0,C4,10,pre,6
e10_t7,3513.68,1821.18,0.1333,C4,10,pre,7
e10_t8,3515.61,1821.54,0.2667,C4,10,pre,8
e10_t9,3517.53,1821.94,0.4,C4,10,pre,9
e10_t10,3519.44,1822.4,0.1333,C4,10,pre,10
e10_t11,3521.34,1822.9,0.1333,C4,10,pre,11
e10_t12,3523.22,1823.44,0.1333,C4,10,pre,12
e10_t13,3525.09,1824.04,0.1333,C4,10,pre,13
e10_t14,3526.95,1824.68,0.2667,C4,10,pre,14
e10_t15,3528.79,1825.36,0.2667,C4,10,pre,15
e10_t16,3530.61,1826.09,0.2667,C4,10,pre,16
e10_t17,3532.42,1826.86,0.0,C4,10,pre,17
e10_t18,3534.2,1827.68,0.1333,C4,10,pre,18
e10_t19,3535.97,1828.54,0.4,C4,10,pre,19
e10_t20,3537.71,1829.45,0.2667,C4,10,pre,20
e10_t21,3539.43,1830.39,0.4,C4,10,pre,21
e10_t22,3541.13,1831.38,0.2667,C4,10,pre,22
e10_t23,3542.8,1832.41,0.2667,C4,10,pre,23
e10_t24,3544.45,1833.48,0.4,C4,10,pre,24
e10_t25,3546.06,1834.59,0.2667,C4,10,pre,25
e10_t26,3547.66,1835.74,0.0,C4,10,pre,26
e10_t27,3549.22,1836.93,0.1333,C4,10,pre,27
e10_t28,3550.75,1838.16,0.6667,C4,10,pre,28
e10_t29,3552.25,1839.42,0.6667,C4,10,pre,29
e10_t30,3553.72,1840.72,0.2667,C4,10,pre,30
e10_t31,3555.16,1842.06,0.0,C4,10,pre,31
e10_t32,3556.57,1843.43,0.0,C4,10,pre,32
e10_t33,3557.94,1844.84,0.1333,C4,10,pre,33
e10_t34,3559.28,1846.28,0.0,C4,10,pre,34
e10_t35,3560.58,1847.75,0.0,C4,10,pre,35
e10_t36,3561.84,1849.25,0.0,C4,10,pre,36
e10_t37,3563.07,1850.78,0.0,C4,10,pre,37
e10_t38,3564.26,1852.34,0.0,C4,10,pre,38
e10_t39,3565.41,1853.94,0.0,C4,10,pre,39
e10_t40,3566.52,1855.55,0.1333,C4,10,pre,40
e10_t41,3567.59,1857.2,0.1333,C4,10,pre,41
e10_t42,3568.62,1858.87,0.0,C4,10,pre,42
e10_t43,3569.61,1860.57,0.1333,C4,10,pre,43
e10_t44,3570.55,1862.29,0.4,C4,10,pre,44
e10_t45,3571.46,1864.03,0.2667,C4,10,pre,45
e10_t46,3572.32,1865.8,0.1333,C4,10,pre,46
e10_t47,3573.14,1867.58,0.0,C4,10,pre,47
e10_t48,3573.91,1869.39,0.0,C4,10,pre,48
e10_t49,3574.64,1871.21,0.0,C4,10,pre,49
e10_t50,3575.32,1873.05,0.0,C4,10,pre,50
e10_t51,3575.96,1874.91,0.0,C4,10,pre,51
e10_t52,3576.56,1876.78,0.0,C4,10,pre,52
e10_t53,3577.1,1878.66,0.0,C4,10,pre,53
e10_t54,3577.6,1880.56,0.0,C4,10,pre,54
e10_t55,3578.06,1882.47,0.0,C4,10,pre,55
e10_t56,3578.46,1884.39,0.0,C4,10,pre,56
e10_t57,3578.82,1886.32,0.0,C4,10,pre,57
e10_t58,3579.13,1888.26,0.0,C4,10,pre,58
e10_t59,3579.4,1890.21,0.0,C4,10,pre,59
e10_t60,3579.61,1892.16,0.0,C4,10,pre,60
e10_t61,3579.78,1894.11,0.0,C4,10,pre,61
e10_t62,3579.9,1896.07,0.1333,C4,10,pre,62
e10_t63,3579.98,1898.04,0.0,C4,10,pre,63
e10_t64,3580.0,1900.0,0.0,C4,10,pre,64
e10_t65,3579.98,1901.96,0.0,C4,10,pre,65
e10_t66,3579.9,1903.93,0.0,C4,10,pre,66
e10_t67,3579.78,1905.89,0.0,C4,10,pre,67
e10_t68,3579.61,1907.84,0.0,C4,10,pre,68
e10_t69,3579.4,1909.79,0.0,C4,10,pre,69
e10_t70,3579.13,1911.74,0.1333,C4,10,pre,70
e10_t71,3578.82,1913.68,0.2667,C4,10,pre,71
e10_t72,3578.46,1915.61,0.4,C4,10,pre,72
e10_t73,3578.06,1917.53,0.1333,C4,10,pre,73
e10_t74,3577.6,1919.44,0.0,C4,10,pre,74
e10_t75,3577.1,1921.34,0.0,C4,10,pre,75
e10_t76,3576.56,1923.22,0.0,C4,10,pre,76
e10_t77,3575.96,1925.09,0.0,C4,10,pre,77
e10_t78,3575.32,1926.95,0.0,C4,10,pre,78
e10_t79,3574.64,1928.79,0.0,C4,10,pre,79
e10_t80,3573.91,1930.61,0.0,C4,10,pre,80
e10_t81,3573.14,1932.42,0.1333,C4,10,pre,81
e10_t82,3572.32,1934.2,0.4,C4,10,pre,82
e10_t83,3571.46,1935.97,0.4,C4,10,pre,83
e10_t84,3570.55,1937.71,0.1333,C4,10,pre,84
e10_t85,3569.61,1939.43,0.1333,C4,10,pre,85
e10_t86,3568.62,1941.13,0.0,C4,10,pre,86
e10_t87,3567.59,1942.8,0.1333,C4,10,pre,87
e10_t88,3566.52,1944.45,0.0,C4,10,pre,88
e10_t89,3565.41,1946.06,0.0,C4,10,pre,89
e10_t90,3564.26,1947.66,0.0,C4,10,pre,90
e10_t91,3563.07,1949.22,0.4,C4,10,pre,91
e10_t92,3561.84,1950.75,1.0667,C4,10,pre,92
e10_t93,3560.58,1952.25,1.0667,C4,10,pre,93
e10_t94,3559.28,1953.72,0.5333,C4,10,pre,94
e10_t95,3557.94,1955.16,0.4,C4,10,pre,95
e10_t96,3556.57,1956.57,0.2667,C4,10,pre,96
e10_t97,3555.16,1957.94,0.0,C4,10,pre,97
e10_t98,3553.72,1959.28,0.0,C4,10,pre,98
e10_t99,3552.25,1960.58,0.1333,C4,10,pre,99
e10_t100,3550.75,1961.84,0.4,C4,10,pre,100
e10_t101,3549.22,1963.07,0.4,C4,10,pre,101
e10_t102,3547.66,1964.26,0.1333,C4,10,pre,102
e10_t103,3546.06,1965.41,0.1333,C4,10,pre,103
e10_t104,3544.45,1966.52,0.2667,C4,10,pre,104
e10_t105,3542.8,1967.59,0.4,C4,10,pre,105
e10_t106,3541.13,1968.62,0.1333,C4,10,pre,106
e10_t107,3539.43,1969.61,0.0,C4,10,pre,107
e10_t108,3537.71,1970.55,0.0,C4,10,pre,108
e10_t109,3535.97,1971.46,0.0,C4,10,pre,109
e10_t110,3534.2,1972.32,0.0,C4,10,pre,110
e10_t111,3532.42,1973.14,0.0,C4,10,pre,111
e10_t112,3530.61,1973.91,0.0,C4,10,pre,112
e10_t113,3528.79,1974.64,0.0,C4,10,pre,113
e10_t114,3526.95,1975.32,0.0,C4,10,pre,114
e10_t115,3525.09,1975.96,0.1333,C4,10,pre,115
e10_t116,3523.22,1976.56,0.0,C4,10,pre,116
e10_t117,3521.34,1977.1,0.1333,C4,10,pre,117
e10_t118,3519.44,1977.6,0.1333,C4,10,pre,118
e10_t119,3517.53,1978.06,0.0,C4,10,pre,119
e10_t120,3515.61,1978.46,0.4,C4,10,pre,120
e10_t121,3513.68,1978.82,0.4,C4,10,pre,121
e10_t122,3511.74,1979.13,0.1333,C4,10,pre,122
e10_t123,3509.79,1979.4,0.1333,C4,10,pre,123
e10_t124,3507.84,1979.61,0.2667,C4,10,pre,124
e10_t125,3505.89,1979.78,0.1333,C4,10,pre,125
e10_t126,3503.93,1979.9,0.0,C4,10,pre,126
e10_t127,3501.96,1979.98,0.0,C4,10,pre,127
e10_t128,3500.0,1980.0,0.0,C4,10,pre,128
e10_t129,3498.04,1979.98,0.0,C4,10,pre,129
e10_t130,3496.07,1979.9,0.0,C4,10,pre,130
e10_t131,3494.11,1979.78,0.0,C4,10,pre,131
e10_t132,3492.16,1979.61,0.0,C4,10,pre,132
e10_t133,3490.21,1979.4,0.0,C4,10,pre,133
e10_t134,3488.26,1979.13,0.0,C4,10,pre,134
e10_t135,3486.32,1978.82,0.1333,C4,10,pre,135
e10_t136,3484.39,1978.46,0.1333,C4,10,pre,136
e10_t137,3482.47,1978.06,0.0,C4,10,pre,137
e10_t138,3480.56,1977.6,0.0,C4,10,pre,138
e10_t139,3478.66,1977.1,0.0,C4,10,pre,139
e10_t140,3476.78,1976.56,0.1333,C4,10,pre,140
e10_t141,3474.91,1975.96,0.1333,C4,10,pre,141
e10_t142,3473.05,1975.32,0.0,C4,10,pre,142
e10_t143,3471.21,1974.64,0.0,C4,10,pre,143
e10_t144,3469.39,1973.91,0.0,C4,10,pre,144
e10_t145,3467.58,1973.14,0.0,C4,10,pre,145
e10_t146,3465.8,1972.32,0.1333,C4,10,pre,146
e10_t147,3464.03,1971.46,0.0,C4,10,pre,147
e10_t148,3462.29,1970.55,0.1333,C4,10,pre,148
e10_t149,3460.57,1969.61,0.1333,C4,10,pre,149
e10_t150,3458.87,1968.62,0.1333,C4,10,pre,150
e10_t151,3457.2,1967.59,0.0,C4,10,pre,151
e10_t152,3455.55,1966.52,0.1333,C4,10,pre,152
e10_t153,3453.94,1965.41,0.1333,C4,10,pre,153
e10_t154,3452.34,1964.26,0.0,C4,10,pre,154
e10_t155,3450.78,1963.07,0.2667,C4,10,pre,155
e10_t156,3449.25,1961.84,0.6667,C4,10,pre,156
e10_t157,3447.75,1960.58,0.6667,C4,10,pre,157
e10_t158,3446.28,1959.28,0.2667,C4,10,pre,158
e10_t159,3444.84,1957.94,0.0,C4,10,pre,159
e10_t160,3443.43,1956.57,0.0,C4,10,pre,160
e10_t161,3442.06,1955.16,0.0,C4,10,pre,161
e10_t162,3440.72,1953.72,0.0,C4,10,pre,162
e10_t163,3439.42,1952.25,0.0,C4,10,pre,163
e10_t164,3438.16,1950.75,0.0,C4,10,pre,164
e10_t165,3436.93,1949.22,0.0,C4,10,pre,165
e10_t166,3435.74,1947.66,0.0,C4,10,pre,166
e10_t167,3434.59,1946.06,0.0,C4,10,pre,167
e10_t168,3433.48,1944.45,0.0,C4,10,pre,168
e10_t169,3432.41,1942.8,0.0,C4,10,pre,169
e10_t170,3431.38,1941.13,0.0,C4,10,pre,170
e10_t171,3430.39,1939.43,0.0,C4,10,pre,171
e10_t172,3429.45,1937.71,0.0,C4,10,pre,172
e10_t173,3428.54,1935.97,0.0,C4,10,pre,173
e10_t174,3427.68,1934.2,0.0,C4,10,pre,174
e10_t175,3426.86,1932.42,0.1333,C4,10,pre,175
e10_t176,3426.09,1930.61,0.0,C4,10,pre,176
e10_t177,3425.36,1928.79,0.1333,C4,10,pre,177
e10_t178,3424.68,1926.95,0.0,C4,10,pre,178
e10_t179,3424.04,1925.09,0.0,C4,10,pre,179
e10_t180,3423.44,1923.22,0.0,C4,10,pre,180
e10_t181,3422.9,1921.34,0.0,C4,10,pre,181
e10_t182,3422.4,1919.44,0.0,C4,10,pre,182
e10_t183,3421.94,1917.53,0.0,C4,10,pre,183
e10_t184,3421.54,1915.61,0.0,C4,10,pre,184
e10_t185,3421.18,1913.68,0.0,C4,10,pre,185
e10_t186,3420.87,1911.74,0.0,C4,10,pre,186
e10_t187,3420.6,1909.79,0.1333,C4,10,pre,187
e10_t188,3420.39,1907.84,0.4,C4,10,pre,188
e10_t189,3420.22,1905.89,0.4,C4,10,pre,189
e10_t190,3420.1,1903.93,0.1333,C4,10,pre,190
e10_t191,3420.02,1901.96,0.0,C4,10,pre,191
e10_t192,3420.0,1900.0,0.0,C4,10,pre,192
e10_t193,3420.02,1898.04,0.0,C4,10,pre,193
e10_t194,3420.1,1896.07,0.0,C4,10,pre,194
e10_t195,3420.22,1894.11,0.0,C4,10,pre,195
e10_t196,3420.39,1892.16,0.0,C4,10,pre,196
e10_t197,3420.6,1890.21,0.0,C4,10,pre,197
e10_t198,3420.87,1888.26,0.1333,C4,10,pre,198
e10_t199,3421.18,1886.32,0.2667,C4,10,pre,199
e10_t200,3421.54,1884.39,0.4,C4,10,pre,200
e10_t201,3421.94,1882.47,0.4,C4,10,pre,201
e10_t202,3422.4,1880.56,0.1333,C4,10,pre,202
e10_t203,3422.9,1878.66,0.0,C4,10,pre,203
e10_t204,3423.44,1876.78,0.0,C4,10,pre,204
e10_t205,3424.04,1874.91,0.1333,C4,10,pre,205
e10_t206,3424.68,1873.05,0.0,C4,10,pre,206
e10_t207,3425.36,1871.21,0.2667,C4,10,pre,207
e10_t208,3426.09,1869.39,0.1333,C4,10,pre,208
e10_t209,3426.86,1867.58,0.1333,C4,10,pre,209
e10_t210,3427.68,1865.8,0.2667,C4,10,pre,210
e10_t211,3428.54,1864.03,0.1333,C4,10,pre,211
e10_t212,3429.45,1862.29,0.0,C4,10,pre,212
e10_t213,3430.39,1860.57,0.0,C4,10,pre,213
e10_t214,3431.38,1858.87,0.1333,C4,10,pre,214
e10_t215,3432.41,1857.2,0.1333,C4,10,pre,215
e10_t216,3433.48,1855.55,0.0,C4,10,pre,216
e10_t217,3434.59,1853.94,0.0,C4,10,pre,217
e10_t218,3435.74,1852.34,0.1333,C4,10,pre,218
e10_t219,3436.93,1850.78,0.2667,C4,10,pre,219
e10_t220,3438.16,1849.25,0.6667,C4,10,pre,220
e10_t221,3439.42,1847.75,0.5333,C4,10,pre,221
e10_t222,3440.72,1846.28,0.0,C4,10,pre,222
e10_t223,3442.06,1844.84,0.0,C4,10,pre,223
e10_t224,3443.43,1843.43,0.0,C4,10,pre,224
e10_t225,3444.84,1842.06,0.0,C4,10,pre,225
e10_t226,3446.28,1840.72,0.0,C4,10,pre,226
e10_t227,3447.75,1839.42,0.0,C4,10,pre,227
e10_t228,3449.25,1838.16,0.0,C4,10,pre,228
e10_t229,3450.78,1836.93,0.1333,C4,10,pre,229
e10_t230,3452.34,1835.74,0.2667,C4,10,pre,230
e10_t231,3453.94,1834.59,0.1333,C4,10,pre,231
e10_t232,3455.55,1833.48,0.1333,C4,10,pre,232
e10_t233,3457.2,1832.41,0.2667,C4,10,pre,233
e10_t234,3458.87,1831.38,0.1333,C4,10,pre,234
e10_t235,3460.57,1830.39,0.0,C4,10,pre,235
e10_t236,3462.29,1829.45,0.0,C4,10,pre,236
e10_t237,3464.03,1828.54,0.1333,C4,10,pre,237
e10_t238,3465.8,1827.68,0.1333,C4,10,pre,238
e10_t239,3467.58,1826.86,0.0,C4,10,pre,239
e10_t240,3469.39,1826.09,0.0,C4,10,pre,240
e10_t241,3471.21,1825.36,0.0,C4,10,pre,241
e10_t242,3473.05,1824.68,0.0,C4,10,pre,242
e10_t243,3474.91,1824.04,0.0,C4,10,pre,243
e10_t244,3476.78,1823.44,0.0,C4,10,pre,244
e10_t245,3478.66,1822.9,0.0,C4,10,pre,245
e10_t246,3480.56,1822.4,0.0,C4,10,pre,246
e10_t247,3482.47,1821.94,0.0,C4,10,pre,247
e10_t248,3484.39,1821.54,0.1333,C4,10,pre,248
e10_t249,3486.32,1821.18,0.2667,C4,10,pre,249
e10_t250,3488.26,1820.87,0.2667,C4,10,pre,250
e10_t251,3490.21,1820.6,0.1333,C4,10,pre,251
e10_t252,3492.16,1820.39,0.2667,C4,10,pre,252
e10_t253,3494.11,1820.22,0.2667,C4,10,pre,253
e10_t254,3496.07,1820.1,0.0,C4,10,pre,254
e10_t255,3498.04,1820.02,0.0,C4,10,pre,255
e11_t0,4500.0,2170.0,0.5333,T8,11,pre,0
e11_t1,4501.96,2170.02,0.0,T8,11,pre,1
e11_t2,4503.93,2170.1,0.1333,T8,11,pre,2
e11_t3,4505.89,2170.22,0.1333,T8,11,pre,3
e11_t4,4507.84,2170.39,0.1333,T8,11,pre,4
e11_t5,4509.79,2170.6,0.1333,T8,11,pre,5
e11_t6,4511.74,2170.87,0.0,T8,11,pre,6
e11_t7,4513.68,2171.18,0.4,T8,11,pre,7
e11_t8,4515.61,2171.54,0.9333,T8,11,pre,8
e11_t9,4517.53,2171.94,0.6667,T8,11,pre,9
e11_t10,4519.44,2172.4,0.2667,T8,11,pre,10
e11_t11,4521.34,2172.9,0.2667,T8,11,pre,11
e11_t12,4523.22,2173.44,0.2667,T8,11,pre,12
e11_t13,4525.09,2174.04,0.5333,T8,11,pre,13
e11_t14,4526.95,2174.68,0.2667,T8,11,pre,14
e11_t15,4528.79,2175.36,0.0,T8,11,pre,15
e11_t16,4530.61,2176.09,0.1333,T8,11,pre,16
e11_t17,4532.42,2176.86,0.2667,T8,11,pre,17
e11_t18,4534.2,2177.68,0.1333,T8,11,pre,18
e11_t19,4535.97,2178.54,0.0,T8,11,pre,19
e11_t20,4537.71,2179.45,0.0,T8,11,pre,20
e11_t21,4539.43,2180.39,0.1333,T8,11,pre,21
e11_t22,4541.13,2181.38,0.1333,T8,11,pre,22
e11_t23,4542.8,2182.41,0.0,T8,11,pre,23
e11_t24,4544.45,2183.48,0.1333,T8,11,pre,24
e11_t25,4546.06,2184.59,0.5333,T8,11,pre,25
e11_t26,4547.66,2185.74,0.5333,T8,11,pre,26
e11_t27,4549.22,2186.93,0.5333,T8,11,pre,27
e11_t28,4550.75,2188.16,0.4,T8,11,pre,28
e11_t29,4552.25,2189.42,0.2667,T8,11,pre,29
e11_t30,4553.72,2190.72,0.4,T8,11,pre,30
e11_t31,4555.16,2192.06,0.4,T8,11,pre,31
e11_t32,4556.57,2193.43,0.1333,T8,11,pre,32
e11_t33,4557.94,2194.84,0.0,T8,11,pre,33
e11_t34,4559.28,2196.28,0.0,T8,11,pre,34
e11_t35,4560.58,2197.75,0.0,T8,11,pre,35
e11_t36,4561.84,2199.25,0.1333,T8,11,pre,36
e11_t37,4563.07,2200.78,0.0,T8,11,pre,37
e11_t38,4564.26,2202.34,0.2667,T8,11,pre,38
e11_t39,4565.41,2203.94,0.5333,T8,11,pre,39
e11_t40,4566.52,2205.55,0.9333,T8,11,pre,40
e11_t41,4567.59,2207.2,0.9333,T8,11,pre,41
e11_t42,4568.62,2208.87,0.4,T8,11,pre,42
e11_t43,4569.61,2210.57,0.5333,T8,11,pre,43
e11_t44,4570.55,2212.29,0.2667,T8,11,pre,44
e11_t45,4571.46,2214.03,0.1333,T8,11,pre,45
e11_t46,4572.32,2215.8,0.2667,T8,11,pre,46
e11_t47,4573.14,2217.58,0.2667,T8,11,pre,47
e11_t48,4573.91,2219.39,0.5333,T8,11,pre,48
e11_t49,4574.64,2221.21,0.8,T8,11,pre,49
e11_t50,4575.32,2223.05,0.4,T8,11,pre,50
e11_t51,4575.96,2224.91,0.1333,T8,11,pre,51
e11_t52,4576.56,2226.78,0.1333,T8,11,pre,52
e11_t53,4577.1,2228.66,0.0,T8,11,pre,53
e11_t54,4577.6,2230.56,0.0,T8,11,pre,54
e11_t55,4578.06,2232.47,0.1333,T8,11,pre,55
e11_t56,4578.46,2234.39,0.1333,T8,11,pre,56
e11_t57,4578.82,2236.32,0.0,T8,11,pre,57
e11_t58,4579.13,2238.26,0.4,T8,11,pre,58
e11_t59,4579.4,2240.21,0.1333,T8,11,pre,59
e11_t60,4579.61,2242.16,0.1333,T8,11,pre,60
e11_t61,4579.78,2244.11,0.4,T8,11,pre,61
e11_t62,4579.9,2246.07,0.2667,T8,11,pre,62
e11_t63,4579.98,2248.04,0.4,T8,11,pre,63
e11_t64,4580.0,2250.0,0.4,T8,11,pre,64
e11_t65,4579.98,2251.96,0.6667,T8,11,pre,65
e11_t66,4579.9,2253.93,0.5333,T8,11,pre,66
e11_t67,4579.78,2255.89,0.5333,T8,11,pre,67
e11_t68,4579.61,2257.84,0.4,T8,11,pre,68
e11_t69,4579.4,2259.79,0.1333,T8,11,pre,69
e11_t70,4579.13,2261.74,0.0,T8,11,pre,70
e11_t71,4578.82,2263.68,0.0,T8,11,pre,71
e11_t72,4578.46,2265.61,0.2667,T8,11,pre,72
e11_t73,4578.06,2267.53,0.4,T8,11,pre,73
e11_t74,4577.6,2269.44,0.6667,T8,11,pre,74
e11_t75,4577.1,2271.34,0.6667,T8,11,pre,75
e11_t76,4576.56,2273.22,0.5333,T8,11,pre,76
e11_t77,4575.96,2275.09,0.2667,T8,11,pre,77
e11_t78,4575.32,2276.95,0.2667,T8,11,pre,78
e11_t79,4574.64,2278.79,0.9333,T8,11,pre,79
e11_t80,4573.91,2280.61,0.4,T8,11,pre,80
e11_t81,4573.14,2282.42,0.4,T8,11,pre,81
e11_t82,4572.32,2284.2,0.6667,T8,11,pre,82
e11_t83,4571.46,2285.97,0.4,T8,11,pre,83
e11_t84,4570.55,2287.71,0.6667,T8,11,pre,84
e11_t85,4569.61,2289.43,0.6667,T8,11,pre,85
e11_t86,4568.62,2291.13,0.8,T8,11,pre,86
e11_t87,4567.59,2292.8,0.8,T8,11,pre,87
e11_t88,4566.52,2294.45,0.9333,T8,11,pre,88
e11_t89,4565.41,2296.06,0.4,T8,11,pre,89
e11_t90,4564.26,2297.66,0.2667,T8,11,pre,90
e11_t91,4563.07,2299.22,0.6667,T8,11,pre,91
e11_t92,4561.84,2300.75,0.6667,T8,11,pre,92
e11_t93,4560.58,2302.25,0.4,T8,11,pre,93
e11_t94,4559.28,2303.72,0.5333,T8,11,pre,94
e11_t95,4557.94,2305.16,0.2667,T8,11,pre,95
e11_t96,4556.57,2306.57,0.2667,T8,11,pre,96
e11_t97,4555.16,2307.94,0.6667,T8,11,pre,97
e11_t98,4553.72,2309.28,0.9333,T8,11,pre,98
e11_t99,4552.25,2310.58,0.8,T8,11,pre,99
e11_t100,4550.75,2311.84,0.4,T8,11,pre,100
e11_t101,4549.22,2313.07,0.4,T8,11,pre,101
e11_t102,4547.66,2314.26,0.1333,T8,11,pre,102
e11_t103,4546.06,2315.41,0.1333,T8,11,pre,103
e11_t104,4544.45,2316.52,0.4,T8,11,pre,104
e11_t105,4542.8,2317.59,0.9333,T8,11,pre,105
e11_t106,4541.13,2318.62,0.9333,T8,11,pre,106
e11_t107,4539.43,2319.61,0.8,T8,11,pre,107
e11_t108,4537.71,2320.55,0.2667,T8,11,pre,108
e11_t109,4535.97,2321.46,0.0,T8,11,pre,109
e11_t110,4534.2,2322.32,0.1333,T8,11,pre,110
e11_t111,4532.42,2323.14,0.1333,T8,11,pre,111
e11_t112,4530.61,2323.91,0.2667,T8,11,pre,112
e11_t113,4528.79,2324.64,0.4,T8,11,pre,113
e11_t114,4526.95,2325.32,0.8,T8,11,pre,114
e11_t115,4525.09,2325.96,0.8,T8,11,pre,115
e11_t116,4523.22,2326.56,0.6667,T8,11,pre,116
e11_t117,4521.34,2327.1,0.6667,T8,11,pre,117
e11_t118,4519.44,2327.6,0.5333,T8,11,pre,118
e11_t119,4517.53,2328.06,0.2667,T8,11,pre,119
e11_t120,4515.61,2328.46,0.2667,T8,11,pre,120
e11_t121,4513.68,2328.82,0.1333,T8,11,pre,121
e11_t122,4511.74,2329.13,0.2667,T8,11,pre,122
e11_t123,4509.79,2329.4,0.5333,T8,11,pre,123
e11_t124,4507.84,2329.61,0.9333,T8,11,pre,124
e11_t125,4505.89,2329.78,0.5333,T8,11,pre,125
e11_t126,4503.93,2329.9,0.4,T8,11,pre,126
e11_t127,4501.96,2329.98,0.4,T8,11,pre,127
e11_t128,4500.0,2330.0,0.0,T8,11,pre,128
e11_t129,4498.04,2329.98,0.0,T8,11,pre,129
e11_t130,4496.07,2329.9,0.0,T8,11,pre,130
e11_t131,4494.11,2329.78,0.0,T8,11,pre,131
e11_t132,4492.16,2329.61,0.0,T8,11,pre,132
e11_t133,4490.21,2329.4,0.0,T8,11,pre,133
e11_t134,4488.26,2329.13,0.1333,T8,11,pre,134
e11_t135,4486.32,2328.82,0.6667,T8,11,pre,135
e11_t136,4484.39,2328.46,0.2667,T8,11,pre,136
e11_t137,4482.47,2328.06,0.0,T8,11,pre,137
e11_t138,4480.56,2327.6,0.1333,T8,11,pre,138
e11_t139,4478.66,2327.1,0.1333,T8,11,pre,139
e11_t140,4476.78,2326.56,0.0,T8,11,pre,140
e11_t141,4474.91,2325.96,0.1333,T8,11,pre,141
e11_t142,4473.05,2325.32,0.0,T8,11,pre,142
e11_t143,4471.21,2324.64,0.0,T8,11,pre,143
e11_t144,4469.39,2323.91,0.1333,T8,11,pre,144
e11_t145,4467.58,2323.14,0.0,T8,11,pre,145
e11_t146,4465.8,2322.32,0.0,T8,11,pre,146
e11_t147,4464.03,2321.46,0.1333,T8,11,pre,147
e11_t148,4462.29,2320.55,0.0,T8,11,pre,148
e11_t149,4460.57,2319.61,0.1333,T8,11,pre,149
e11_t150,4458.87,2318.62,0.1333,T8,11,pre,150
e11_t151,4457.2,2317.59,0.2667,T8,11,pre,151
e11_t152,4455.55,2316.52,0.6667,T8,11,pre,152
e11_t153,4453.94,2315.41,0.5333,T8,11,pre,153
e11_t154,4452.34,2314.26,0.6667,T8,11,pre,154
e11_t155,4450.78,2313.07,1.8667,T8,11,pre,155
e11_t156,4449.25,2311.84,1.4667,T8,11,pre,156
e11_t157,4447.75,2310.58,0.5333,T8,11,pre,157
e11_t158,4446.28,2309.28,0.1333,T8,11,pre,158
e11_t159,4444.84,2307.94,0.4,T8,11,pre,159
e11_t160,4443.43,2306.57,0.4,T8,11,pre,160
e11_t161,4442.06,2305.16,0.5333,T8,11,pre,161
e11_t162,4440.72,2303.72,0.1333,T8,11,pre,162
e11_t163,4439.42,2302.25,0.0,T8,11,pre,163
e11_t164,4438.16,2300.75,0.1333,T8,11,pre,164
e11_t165,4436.93,2299.22,0.4,T8,11,pre,165
e11_t166,4435.74,2297.66,0.1333,T8,11,pre,166
e11_t167,4434.59,2296.06,0.2667,T8,11,pre,167
e11_t168,4433.48,2294.45,0.6667,T8,11,pre,168
e11_t169,4432.41,2292.8,0.5333,T8,11,pre,169
e11_t170,4431.38,2291.13,0.0,T8,11,pre,170
e11_t171,4430.39,2289.43,0.0,T8,11,pre,171
e11_t172,4429.45,2287.71,0.0,T8,11,pre,172
e11_t173,4428.54,2285.97,0.0,T8,11,pre,173
e11_t174,4427.68,2284.2,0.0,T8,11,pre,174
e11_t175,4426.86,2282.42,0.1333,T8,11,pre,175
e11_t176,4426.09,2280.61,0.4,T8,11,pre,176
e11_t177,4425.36,2278.79,0.0,T8,11,pre,177
e11_t178,4424.68,2276.95,0.0,T8,11,pre,178
e11_t179,4424.04,2275.09,0.0,T8,11,pre,179
e11_t180,4423.44,2273.22,0.0,T8,11,pre,180
e11_t181,4422.9,2271.34,0.2667,T8,11,pre,181
e11_t182,4422.4,2269.44,0.2667,T8,11,pre,182
e11_t183,4421.94,2267.53,0.2667,T8,11,pre,183
e11_t184,4421.54,2265.61,0.2667,T8,11,pre,184
e11_t185,4421.18,2263.68,0.1333,T8,11,pre,185
e11_t186,4420.87,2261.74,0.0,T8,11,pre,186
e11_t187,4420.6,2259.79,0.0,T8,11,pre,187
e11_t188,4420.39,2257.84,0.1333,T8,11,pre,188
e11_t189,4420.22,2255.89,0.0,T8,11,pre,189
e11_t190,4420.1,2253.93,0.1333,T8,11,pre,190
e11_t191,4420.02,2251.96,0.2667,T8,11,pre,191
e11_t192,4420.0,2250.0,0.2667,T8,11,pre,192
e11_t193,4420.02,2248.04,0.1333,T8,11,pre,193
e11_t194,4420.1,2246.07,0.0,T8,11,pre,194
e11_t195,4420.22,2244.11,0.0,T8,11,pre,195
e11_t196,4420.39,2242.16,0.0,T8,11,pre,196
e11_t197,4420.6,2240.21,0.0,T8,11,pre,197
e11_t198,4420.87,2238.26,0.0,T8,11,pre,198
e11_t199,4421.18,2236.32,0.1333,T8,11,pre,199
e11_t200,4421.54,2234.39,0.1333,T8,11,pre,200
e11_t201,4421.94,2232.47,0.1333,T8,11,pre,201
e11_t202,4422.4,2230.56,0.0,T8,11,pre,202
e11_t203,4422.9,2228.66,0.1333,T8,11,pre,203
e11_t204,4423.44,2226.78,0.4,T8,11,pre,204
e11_t205,4424.04,2224.91,0.5333,T8,11,pre,205
e11_t206,4424.68,2223.05,0.4,T8,11,pre,206
e11_t207,4425.36,2221.21,0.0,T8,11,pre,207
e11_t208,4426.09,2219.39,0.1333,T8,11,pre,208
e11_t209,4426.86,2217.58,0.4,T8,11,pre,209
e11_t210,4427.68,2215.8,0.0,T8,11,pre,210
e11_t211,4428.54,2214.03,0.0,T8,11,pre,211
e11_t212,4429.45,2212.29,0.2667,T8,11,pre,212
e11_t213,4430.39,2210.57,0.2667,T8,11,pre,213
e11_t214,4431.38,2208.87,0.2667,T8,11,pre,214
e11_t215,4432.41,2207.2,0.4,T8,11,pre,215
e11_t216,4433.48,2205.55,0.4,T8,11,pre,216
e11_t217,4434.59,2203.94,0.4,T8,11,pre,217
e11_t218,4435.74,2202.34,0.4,T8,11,pre,218
e11_t219,4436.93,2200.78,0.4,T8,11,pre,219
e11_t220,4438.16,2199.25,0.4,T8,11,pre,220
e11_t221,4439.42,2197.75,0.9333,T8,11,pre,221
e11_t222,4440.72,2196.28,1.6,T8,11,pre,222
e11_t223,4442.06,2194.84,1.2,T8,11,pre,223
e11_t224,4443.43,2193.43,0.8,T8,11,pre,224
e11_t225,4444.84,2192.06,0.2667,T8,11,pre,225
e11_t226,4446.28,2190.72,0.0,T8,11,pre,226
e11_t227,4447.75,2189.42,0.0,T8,11,pre,227
e11_t228,4449.25,2188.16,0.1333,T8,11,pre,228
e11_t229,4450.78,2186.93,0.1333,T8,11,pre,229
e11_t230,4452.34,2185.74,0.2667,T8,11,pre,230
e11_t231,4453.94,2184.59,0.5333,T8,11,pre,231
e11_t232,4455.55,2183.48,0.5333,T8,11,pre,232
e11_t233,4457.2,2182.41,0.5333,T8,11,pre,233
e11_t234,4458.87,2181.38,0.0,T8,11,pre,234
e11_t235,4460.57,2180.39,0.5333,T8,11,pre,235
e11_t236,4462.29,2179.45,0.5333,T8,11,pre,236
e11_t237,4464.03,2178.54,0.1333,T8,11,pre,237
e11_t238,4465.8,2177.68,0.0,T8,11,pre,238
e11_t239,4467.58,2176.86,0.2667,T8,11,pre,239
e11_t240,4469.39,2176.09,0.2667,T8,11,pre,240
e11_t241,4471.21,2175.36,0.2667,T8,11,pre,241
e11_t242,4473.05,2174.68,0.1333,T8,11,pre,242
e11_t243,4474.91,2174.04,0.2667,T8,11,pre,243
e11_t244,4476.78,2173.44,0.1333,T8,11,pre,244
e11_t245,4478.66,2172.9,0.2667,T8,11,pre,245
e11_t246,4480.56,2172.4,0.1333,T8,11,pre,246
e11_t247,4482.47,2171.94,0.0,T8,11,pre,247
e11_t248,4484.39,2171.54,0.0,T8,11,pre,248
e11_t249,4486.32,2171.18,0.1333,T8,11,pre,249
e11_t250,4488.26,2170.87,0.2667,T8,11,pre,250
e11_t251,4490.21,2170.6,0.2667,T8,11,pre,251
e11_t252,4492.16,2170.39,0.2667,T8,11,pre,252
e11_t253,4494.11,2170.22,0.1333,T8,11,pre,253
e11_t254,4496.07,2170.1,0.8,T8,11,pre,254
e11_t255,4498.04,2170.02,0.9333,T8,11,pre,255
e12_t0,500.0,3420.0,0.0,P7,12,pre,0
e12_t1,501.96,3420.02,0.0,P7,12,pre,1
e12_t2,503.93,3420.1,0.0,P7,12,pre,2
e12_t3,505.89,3420.22,0.0,P7,12,pre,3
e12_t4,507.84,3420.39,0.0,P7,12,pre,4
e12_t5,509.79,3420.6,0.0,P7,12,pre,5
e12_t6,511.74,3420.87,0.0,P7,12,pre,6
e12_t7,513.68,3421.18,0.0,P7,12,pre,7
e12_t8,515.61,3421.54,0.0,P7,12,pre,8
e12_t9,517.53,3421.94,0.0,P7,12,pre,9
e12_t10,519.44,3422.4,0.0,P7,12,pre,10
e12_t11,521.34,3422.9,0.0,P7,12,pre,11
e12_t12,523.22,3423.44,0.0,P7,12,pre,12
e12_t13,525.09,3424.04,0.0,P7,12,pre,13
e12_t14,526.95,3424.68,0.0,P7,12,pre,14
e12_t15,528.79,3425.36,0.0,P7,12,pre,15
e12_t16,530.61,3426.09,0.0,P7,12,pre,16
e12_t17,532.42,3426.86,0.0,P7,12,pre,17
e12_t18,534.2,3427.68,0.0,P7,12,pre,18
e12_t19,535.97,3428.54,0.0,P7,12,pre,19
e12_t20,537.71,3429.45,0.0,P7,12,pre,20
e12_t21,539.43,3430.39,0.0,P7,12,pre,21
e12_t22,541.13,3431.38,0.0,P7,12,pre,22
e12_t23,542.8,3432.41,0.0,P7,12,pre,23
e12_t24,544.45,3433.48,0.0,P7,12,pre,24
e12_t25,546.06,3434.59,0.0,P7,12,pre,25
e12_t26,547.66,3435.74,0.0,P7,12,pre,26
e12_t27,549.22,3436.93,0.0,P7,12,pre,27
e12_t28,550.75,3438.16,0.0,P7,12,pre,28
e12_t29,552.25,3439.42,0.0,P7,12,pre,29
e12_t30,553.72,3440.72,0.0,P7,12,pre,30
e12_t31,555.16,3442.06,0.0,P7,12,pre,31
e12_t32,556.57,3443.43,0.0,P7,12,pre,32
e12_t33,557.94,3444.84,0.0,P7,12,pre,33
e12_t34,559.28,3446.28,0.0,P7,12,pre,34
e12_t35,560.58,3447.75,0.0,P7,12,pre,35
e12_t36,561.84,3449.25,0.0,P7,12,pre,36
e12_t37,563.07,3450.78,0.0,P7,12,pre,37
e12_t38,564.26,3452.34,0.0,P7,12,pre,38
e12_t39,565.41,3453.94,0.0,P7,12,pre,39
e12_t40,566.52,3455.55,0.0,P7,12,pre,40
e12_t41,567.59,3457.2,0.0,P7,12,pre,41
e12_t42,568.62,3458.87,0.0,P7,12,pre,42
e12_t43,569.61,3460.57,0.0,P7,12,pre,43
e12_t44,570.55,3462.29,0.0,P7,12,pre,44
e12_t45,571.46,3464.03,0.0,P7,12,pre,45
e12_t46,572.32,3465.8,0.0,P7,12,pre,46
e12_t47,573.14,3467.58,0.0,P7,12,pre,47
e12_t48,573.91,3469.39,0.0,P7,12,pre,48
e12_t49,574.64,3471.21,0.0,P7,12,pre,49
e12_t50,575.32,3473.05,0.0,P7,12,pre,50
e12_t51,575.96,3474.91,0.0,P7,12,pre,51
e12_t52,576.56,3476.78,0.0,P7,12,pre,52
e12_t53,577.1,3478.66,0.0,P7,12,pre,53
e12_t54,577.6,3480.56,0.0,P7,12,pre,54
e12_t55,578.06,3482.47,0.0,P7,12,pre,55
e12_t56,578.46,3484.39,0.0,P7,12,pre,56
e12_t57,578.82,3486.32,0.0,P7,12,pre,57
e12_t58,579.13,3488.26,0.0,P7,12,pre,58
e12_t59,579.4,3490.21,0.0,P7,12,pre,59
e12_t60,579.61,3492.16,0.0,P7,12,pre,60
e12_t61,579.78,3494.11,0.0,P7,12,pre,61
e12_t62,579.9,3496.07,0.0,P7,12,pre,62
e12_t63,579.98,3498.04,0.0,P7,12,pre,63
e12_t64,580.0,3500.0,0.0,P7,12,pre,64
e12_t65,579.98,3501.96,0.0,P7,12,pre,65
e12_t66,579.9,3503.93,0.0,P7,12,pre,66
e12_t67,579.78,3505.89,0.0,P7,12,pre,67
e12_t68,579.61,3507.84,0.0,P7,12,pre,68
e12_t69,579.4,3509.79,0.0,P7,12,pre,69
e12_t70,579.13,3511.74,0.0,P7,12,pre,70
e12_t71,578.82,3513.68,0.0,P7,12,pre,71
e12_t72,578.46,3515.61,0.0,P7,12,pre,72
e12_t73,578.06,3517.53,0.0,P7,12,pre,73
e12_t74,577.6,3519.44,0.0,P7,12,pre,74
e12_t75,577.1,3521.34,0.0,P7,12,pre,75
e12_t76,576.56,3523.22,0.0,P7,12,pre,76
e12_t77,575.96,3525.09,0.0,P7,12,pre,77
e12_t78,575.32,3526.95,0.0,P7,12,pre,78
e12_t79,574.64,3528.79,0.0,P7,12,pre,79
e12_t80,573.91,3530.61,0.0,P7,12,pre,80
e12_t81,573.14,3532.42,0.0,P7,12,pre,81
e12_t82,572.32,3534.2,0.0,P7,12,pre,82
e12_t83,571.46,3535.97,0.0,P7,12,pre,83
e12_t84,570.55,3537.71,0.0,P7,12,pre,84
e12_t85,569.61,3539.43,0.0,P7,12,pre,85
e12_t86,568.62,3541.13,0.0,P7,12,pre,86
e12_t87,567.59,3542.8,0.0,P7,12,pre,87
e12_t88,566.52,3544.45,0.0,P7,12,pre,88
e12_t89,565.41,3546.06,0.0,P7,12,pre,89
e12_t90,564.26,3547.66,0.0,P7,12,pre,90
e12_t91,563.07,3549.22,0.0,P7,12,pre,91
e12_t92,561.84,3550.75,0.0,P7,12,pre,92
e12_t93,560.58,3552.25,0.0,P7,12,pre,93
e12_t94,559.28,3553.72,0.0,P7,12,pre,94
e12_t95,557.94,3555.16,0.0,P7,12,pre,95
e12_t96,556.57,3556.57,0.0,P7,12,pre,96
e12_t97,555.16,3557.94,0.0,P7,12,pre,97
e12_t98,553.72,3559.28,0.0,P7,12,pre,98
e12_t99,552.25,3560.58,0.0,P7,12,pre,99
e12_t100,550.75,3561.84,0.0,P7,12,pre,100
e12_t101,549.22,3563.07,0.0,P7,12,pre,101
e12_t102,547.66,3564.26,0.0,P7,12,pre,102
e12_t103,546.06,3565.41,0.0,P7,12,pre,103
e12_t104,544.45,3566.52,0.0,P7,12,pre,104
e12_t105,542.8,3567.59,0.0,P7,12,pre,105
e12_t106,541.13,3568.62,0.0,P7,12,pre,106
e12_t107,539.43,3569.61,0.0,P7,12,pre,107
e12_t108,537.71,3570.55,0.0,P7,12,pre,108
e12_t109,535.97,3571.46,0.0,P7,12,pre,109
e12_t110,534.2,3572.32,0.0,P7,12,pre,110
e12_t111,532.42,3573.14,0.0,P7,12,pre,111
e12_t112,530.61,3573.91,0.0,P7,12,pre,112
e12_t113,528.79,3574.64,0.0,P7,12,pre,113
e12_t114,526.95,3575.32,0.0,P7,12,pre,114
e12_t115,525.09,3575.96,0.0,P7,12,pre,115
e12_t116,523.22,3576.56,0.0,P7,12,pre,116
e12_t117,521.34,3577.1,0.0,P7,12,pre,117
e12_t118,519.44,3577.6,0.0,P7,12,pre,118
e12_t119,517.53,3578.06,0.0,P7,12,pre,119
e12_t120,515.61,3578.46,0.0,P7,12,pre,120
e12_t121,513.68,3578.82,0.0,P7,12,pre,121
e12_t122,511.74,3579.13,0.0,P7,12,pre,122
e12_t123,509.79,3579.4,0.0,P7,12,pre,123
e12_t124,507.84,3579.61,0.0,P7,12,pre,124
e12_t125,505.89,3579.78,0.0,P7,12,pre,125
e12_t126,503.93,3579.9,0.0,P7,12,pre,126
e12_t127,501.96,3579.98,0.0,P7,12,pre,127
e12_t128,500.0,3580.0,0.0,P7,12,pre,128
e12_t129,498.04,3579.98,0.0,P7,12,pre,129
e12_t130,496.07,3579.9,0.0,P7,12,pre,130
e12_t131,494.11,3579.78,0.0,P7,12,pre,131
e12_t132,492.16,3579.61,0.0,P7,12,pre,132
e12_t133,490.21,3579.4,0.0,P7,12,pre,133
e12_t134,488.26,3579.13,0.0,P7,12,pre,134
e12_t135,486.32,3578.82,0.0,P7,12,pre,135
e12_t136,484.39,3578.46,0.0,P7,12,pre,136
e12_t137,482.47,3578.06,0.0,P7,12,pre,137
e12_t138,480.56,3577.6,0.0,P7,12,pre,138
e12_t139,478.66,3577.1,0.0,P7,12,pre,139
e12_t140,476.78,3576.56,0.0,P7,12,pre,140
e12_t141,474.91,3575.96,0.0,P7,12,pre,141
e12_t142,473.05,3575.32,0.0,P7,12,pre,142
e12_t143,471.21,3574.64,0.0,P7,12,pre,143
e12_t144,469.39,3573.91,0.0,P7,12,pre,144
e12_t145,467.58,3573.14,0.0,P7,12,pre,145
e12_t146,465.8,3572.32,0.0,P7,12,pre,146
e12_t147,464.03,3571.46,0.0,P7,12,pre,147
e12_t148,462.29,3570.55,0.0,P7,12,pre,148
e12_t149,460.57,3569.61,0.0,P7,12,pre,149
e12_t150,458.87,3568.62,0.0,P7,12,pre,150
e12_t151,457.2,3567.59,0.0,P7,12,pre,151
e12_t152,455.55,3566.52,0.0,P7,12,pre,152
e12_t153,453.94,3565.41,0.0,P7,12,pre,153
e12_t154,452.34,3564.26,0.0,P7,12,pre,154
e12_t155,450.78,3563.07,0.0,P7,12,pre,155
e12_t156,449.25,3561.84,0.0,P7,12,pre,156
e12_t157,447.75,3560.58,0.0,P7,12,pre,157
e12_t158,446.28,3559.28,0.0,P7,12,pre,158
e12_t159,444.84,3557.94,0.0,P7,12,pre,159
e12_t160,443.43,3556.57,0.0,P7,12,pre,160
e12_t161,442.06,3555.16,0.0,P7,12,pre,161
e12_t162,440.72,3553.72,0.0,P7,12,pre,162
e12_t163,439.42,3552.25,0.0,P7,12,pre,163
e12_t164,438.16,3550.75,0.0,P7,12,pre,164
e12_t165,436.93,3549.22,0.0,P7,12,pre,165
e12_t166,435.74,3547.66,0.0,P7,12,pre,166
e12_t167,434.59,3546.06,0.0,P7,12,pre,167
e12_t168,433.48,3544.45,0.0,P7,12,pre,168
e12_t169,432.41,3542.8,0.0,P7,12,pre,169
e12_t170,431.38,3541.13,0.0,P7,12,pre,170
e12_t171,430.39,3539.43,0.0,P7,12,pre,171
e12_t172,429.45,3537.71,0.0,P7,12,pre,172
e12_t173,428.54,3535.97,0.0,P7,12,pre,173
e12_t174,427.68,3534.2,0.0,P7,12,pre,174
e12_t175,426.86,3532.42,0.0,P7,12,pre,175
e12_t176,426.09,3530.61,0.0,P7,12,pre,176
e12_t177,425.36,3528.79,0.0,P7,12,pre,177
e12_t178,424.68,3526.95,0.0,P7,12,pre,178
e12_t179,424.04,3525.09,0.0,P7,12,pre,179
e12_t180,423.44,3523.22,0.0,P7,12,pre,180
e12_t181,422.9,3521.34,0.0,P7,12,pre,181
e12_t182,422.4,3519.44,0.0,P7,12,pre,182
e12_t183,421.94,3517.53,0.0,P7,12,pre,183
e12_t184,421.54,3515.61,0.0,P7,12,pre,184
e12_t185,421.18,3513.68,0.0,P7,12,pre,185
e12_t186,420.87,3511.74,0.0,P7,12,pre,186
e12_t187,420.6,3509.79,0.0,P7,12,pre,187
e12_t188,420.39,3507.84,0.0,P7,12,pre,188
e12_t189,420.22,3505.89,0.0,P7,12,pre,189
e12_t190,420.1,3503.93,0.0,P7,12,pre,190
e12_t191,420.02,3501.96,0.0,P7,12,pre,191
e12_t192,420.0,3500.0,0.0,P7,12,pre,192
e12_t193,420.02,3498.04,0.0,P7,12,pre,193
e12_t194,420.1,3496.07,0.0,P7,12,pre,194
e12_t195,420.22,3494.11,0.0,P7,12,pre,195
e12_t196,420.39,3492.16,0.0,P7,12,pre,196
e12_t197,420.6,3490.21,0.0,P7,12,pre,197
e12_t198,420.87,3488.26,0.0,P7,12,pre,198
e12_t199,421.18,3486.32,0.0,P7,12,pre,199
e12_t200,421.54,3484.39,0.0,P7,12,pre,200
e12_t201,421.94,3482.47,0.0,P7,12,pre,201
e12_t202,422.4,3480.56,0.0,P7,12,pre,202
e12_t203,422.9,3478.66,0.0,P7,12,pre,203
e12_t204,423.44,3476.78,0.0,P7,12,pre,204
e12_t205,424.04,3474.91,0.0,P7,12,pre,205
e12_t206,424.68,3473.05,0.0,P7,12,pre,206
e12_t207,425.36,3471.21,0.0,P7,12,pre,207
e12_t208,426.09,3469.39,0.0,P7,12,pre,208
e12_t209,426.86,3467.58,0.0,P7,12,pre,209
e12_t210,427.68,3465.8,0.0,P7,12,pre,210
e12_t211,428.54,3464.03,0.0,P7,12,pre,211
e12_t212,429.45,3462.29,0.0,P7,12,pre,212
e12_t213,430.39,3460.57,0.0,P7,12,pre,213
e12_t214,431.38,3458.87,0.0,P7,12,pre,214
e12_t215,432.41,3457.2,0.0,P7,12,pre,215
e12_t216,433.48,3455.55,0.0,P7,12,pre,216
e12_t217,434.59,3453.94,0.0,P7,12,pre,217
e12_t218,435.74,3452.34,0.0,P7,12,pre,218
e12_t219,436.93,3450.78,0.0,P7,12,pre,219
e12_t220,438.16,3449.25,0.0,P7,12,pre,220
e12_t221,439.42,3447.75,0.0,P7,12,pre,221
e12_t222,440.72,3446.28,0.0,P7,12,pre,222
e12_t223,442.06,3444.84,0.0,P7,12,pre,223
e12_t224,443.43,3443.43,0.0,P7,12,pre,224
e12_t225,444.84,3442.06,0.0,P7,12,pre,225
e12_t226,446.28,3440.72,0.0,P7,12,pre,226
e12_t227,447.75,3439.42,0.0,P7,12,pre,227
e12_t228,449.25,3438.16,0.0,P7,12,pre,228
e12_t229,450.78,3436.93,0.0,P7,12,pre,229
e12_t230,452.34,3435.74,0.0,P7,12,pre,230
e12_t231,453.94,3434.59,0.0,P7,12,pre,231
e12_t232,455.55,3433.48,0.0,P7,12,pre,232
e12_t233,457.2,3432.41,0.0,P7,12,pre,233
e12_t234,458.87,3431.38,0.0,P7,12,pre,234
e12_t235,460.57,3430.39,0.0,P7,12,pre,235
e12_t236,462.29,3429.45,0.0,P7,12,pre,236
e12_t237,464.03,3428.54,0.0,P7,12,pre,237
e12_t238,465.8,3427.68,0.0,P7,12,pre,238
e12_t239,467.58,3426.86,0.0,P7,12,pre,239
e12_t240,469.39,3426.09,0.0,P7,12,pre,240
e12_t241,471.21,3425.36,0.0,P7,12,pre,241
e12_t242,473.05,3424.68,0.0,P7,12,pre,242
e12_t243,474.91,3424.04,0.0,P7,12,pre,243
e12_t244,476.78,3423.44,0.0,P7,12,pre,244
e12_t245,478.66,3422.9,0.0,P7,12,pre,245
e12_t246,480.56,3422.4,0.0,P7,12,pre,246
e12_t247,482.47,3421.94,0.0,P7,12,pre,247
e12_t248,484.39,3421.54,0.0,P7,12,pre,248
e12_t249,486.32,3421.18,0.0,P7,12,pre,249
e12_t250,488.26,3420.87,0.0,P7,12,pre,250
e12_t251,490.21,3420.6,0.0,P7,12,pre,251
e12_t252,492.16,3420.39,0.0,P7,12,pre,252
e12_t253,494.11,3420.22,0.0,P7,12,pre,253
e12_t254,496.07,3420.1,0.0,P7,12,pre,254
e12_t255,498.04,3420.02,0.0,P7,12,pre,255
e13_t0,1500.0,3020.0,0.0,P3,13,pre,0
e13_t1,1501.96,3020.02,0.0,P3,13,pre,1
e13_t2,1503.93,3020.1,0.0,P3,13,pre,2
e13_t3,1505.89,3020.22,0.0,P3,13,pre,3
e13_t4,1507.84,3020.39,0.0,P3,13,pre,4
e13_t5,1509.79,3020.6,0.0,P3,13,pre,5
e13_t6,1511.74,3020.87,0.0,P3,13,pre,6
e13_t7,1513.68,3021.18,0.0,P3,13,pre,7
e13_t8,1515.61,3021.54,0.0,P3,13,pre,8
e13_t9,1517.53,3021.94,0.0,P3,13,pre,9
e13_t10,1519.44,3022.4,0.0,P3,13,pre,10
e13_t11,1521.34,3022.9,0.0,P3,13,pre,11
e13_t12,1523.22,3023.44,0.0,P3,13,pre,12
e13_t13,1525.09,3024.04,0.0,P3,13,pre,13
e13_t14,1526.95,3024.68,0.0,P3,13,pre,14
e13_t15,1528.79,3025.36,0.0,P3,13,pre,15
e13_t16,1530.61,3026.09,0.0,P3,13,pre,16
e13_t17,1532.42,3026.86,0.0,P3,13,pre,17
e13_t18,1534.2,3027.68,0.0,P3,13,pre,18
e13_t19,1535.97,3028.54,0.0,P3,13,pre,19
e13_t20,1537.71,3029.45,0.0,P3,13,pre,20
e13_t21,1539.43,3030.39,0.0,P3,13,pre,21
e13_t22,1541.13,3031.38,0.0,P3,13,pre,22
e13_t23,1542.8,3032.41,0.0,P3,13,pre,23
e13_t24,1544.45,3033.48,0.0,P3,13,pre,24
e13_t25,1546.06,3034.59,0.0,P3,13,pre,25
e13_t26,1547.66,3035.74,0.0,P3,13,pre,26
e13_t27,1549.22,3036.93,0.0,P3,13,pre,27
e13_t28,1550.75,3038.16,0.0,P3,13,pre,28
e13_t29,1552.25,3039.42,0.0,P3,13,pre,29
e13_t30,1553.72,3040.72,0.0,P3,13,pre,30
e13_t31,1555.16,3042.06,0.0,P3,13,pre,31
e13_t32,1556.57,3043.43,0.0,P3,13,pre,32
e13_t33,1557.94,3044.84,0.0,P3,13,pre,33
e13_t34,1559.28,3046.28,0.0,P3,13,pre,34
e13_t35,1560.58,3047.75,0.0,P3,13,pre,35
e13_t36,1561.84,3049.25,0.0,P3,13,pre,36
e13_t37,1563.07,3050.78,0.0,P3,13,pre,37
e13_t38,1564.26,3052.34,0.0,P3,13,pre,38
e13_t39,1565.41,3053.94,0.0,P3,13,pre,39
e13_t40,1566.52,3055.55,0.0,P3,13,pre,40
e13_t41,1567.59,3057.2,0.0,P3,13,pre,41
e13_t42,1568.62,3058.87,0.0,P3,13,pre,42
e13_t43,1569.61,3060.57,0.0,P3,13,pre,43
e13_t44,1570.55,3062.29,0.0,P3,13,pre,44
e13_t45,1571.46,3064.03,0.0,P3,13,pre,45
e13_t46,1572.32,3065.8,0.0,P3,13,pre,46
e13_t47,1573.14,3067.58,0.0,P3,13,pre,47
e13_t48,1573.91,3069.39,0.0,P3,13,pre,48
e13_t49,1574.64,3071.21,0.0,P3,13,pre,49
e13_t50,1575.32,3073.05,0.0,P3,13,pre,50
e13_t51,1575.96,3074.91,0.0,P3,13,pre,51
e13_t52,1576.56,3076.78,0.0,P3,13,pre,52
e13_t53,1577.1,3078.66,0.0,P3,13,pre,53
e13_t54,1577.6,3080.56,0.0,P3,13,pre,54
e13_t55,1578.06,3082.47,0.0,P3,13,pre,55
e13_t56,1578.46,3084.39,0.0,P3,13,pre,56
e13_t57,1578.82,3086.32,0.0,P3,13,pre,57
e13_t58,1579.13,3088.26,0.0,P3,13,pre,58
e13_t59,1579.4,3090.21,0.0,P3,13,pre,59
e13_t60,1579.61,3092.16,0.0,P3,13,pre,60
e13_t61,1579.78,3094.11,0.0,P3,13,pre,61
e13_t62,1579.9,3096.07,0.0,P3,13,pre,62
e13_t63,1579.98,3098.04,0.0,P3,13,pre,63
e13_t64,1580.0,3100.0,0.0,P3,13,pre,64
e13_t65,1579.98,3101.96,0.0,P3,13,pre,65
e13_t66,1579.9,3103.93,0.0,P3,13,pre,66
e13_t67,1579.78,3105.89,0.0,P3,13,pre,67
e13_t68,1579.61,3107.84,0.0,P3,13,pre,68
e13_t69,1579.4,3109.79,0.0,P3,13,pre,69
e13_t70,1579.13,3111.74,0.0,P3,13,pre,70
e13_t71,1578.82,3113.68,0.0,P3,13,pre,71
e13_t72,1578.46,3115.61,0.0,P3,13,pre,72
e13_t73,1578.06,3117.53,0.0,P3,13,pre,73
e13_t74,1577.6,3119.44,0.0,P3,13,pre,74
e13_t75,1577.1,3121.34,0.0,P3,13,pre,75
e13_t76,1576.56,3123.22,0.0,P3,13,pre,76
e13_t77,1575.96,3125.09,0.0,P3,13,pre,77
e13_t78,1575.32,3126.95,0.0,P3,13,pre,78
e13_t79,1574.64,3128.79,0.0,P3,13,pre,79
e13_t80,1573.91,3130.61,0.0,P3,13,pre,80
e13_t81,1573.14,3132.42,0.0,P3,13,pre,81
e13_t82,1572.32,3134.2,0.0,P3,13,pre,82
e13_t83,1571.46,3135.97,0.0,P3,13,pre,83
e13_t84,1570.55,3137.71,0.0,P3,13,pre,84
e13_t85,1569.61,3139.43,0.0,P3,13,pre,85
e13_t86,1568.62,3141.13,0.0,P3,13,pre,86
e13_t87,1567.59,3142.8,0.0,P3,13,pre,87
e13_t88,1566.52,3144.45,0.0,P3,13,pre,88
e13_t89,1565.41,3146.06,0.0,P3,13,pre,89
e13_t90,1564.26,3147.66,0.0,P3,13,pre,90
e13_t91,1563.07,3149.22,0.0,P3,13,pre,91
e13_t92,1561.84,3150.75,0.0,P3,13,pre,92
e13_t93,1560.58,3152.25,0.0,P3,13,pre,93
e13_t94,1559.28,3153.72,0.0,P3,13,pre,94
e13_t95,1557.94,3155.16,0.0,P3,13,pre,95
e13_t96,1556.57,3156.57,0.0,P3,13,pre,96
e13_t97,1555.16,3157.94,0.0,P3,13,pre,97
e13_t98,1553.72,3159.28,0.0,P3,13,pre,98
e13_t99,1552.25,3160.58,0.0,P3,13,pre,99
e13_t100,1550.75,3161.84,0.0,P3,13,pre,100
e13_t101,1549.22,3163.07,0.0,P3,13,pre,101
e13_t102,1547.66,3164.26,0.0,P3,13,pre,102
e13_t103,1546.06,3165.41,0.0,P3,13,pre,103
e13_t104,1544.45,3166.52,0.0,P3,13,pre,104
e13_t105,1542.8,3167.59,0.0,P3,13,pre,105
e13_t106,1541.13,3168.62,0.0,P3,13,pre,106
e13_t107,1539.43,3169.61,0.0,P3,13,pre,107
e13_t108,1537.71,3170.55,0.0,P3,13,pre,108
e13_t109,1535.97,3171.46,0.0,P3,13,pre,109
e13_t110,1534.2,3172.32,0.0,P3,13,pre,110
e13_t111,1532.42,3173.14,0.0,P3,13,pre,111
e13_t112,1530.61,3173.91,0.0,P3,13,pre,112
e13_t113,1528.79,3174.64,0.0,P3,13,pre,113
e13_t114,1526.95,3175.32,0.0,P3,13,pre,114
e13_t115,1525.09,3175.96,0.0,P3,13,pre,115
e13_t116,1523.22,3176.56,0.0,P3,13,pre,116
e13_t117,1521.34,3177.1,0.0,P3,13,pre,117
e13_t118,1519.44,3177.6,0.0,P3,13,pre,118
e13_t119,1517.53,3178.06,0.0,P3,13,pre,119
e13_t120,1515.61,3178.46,0.0,P3,13,pre,120
e13_t121,1513.68,3178.82,0.0,P3,13,pre,121
e13_t122,1511.74,3179.13,0.0,P3,13,pre,122
e13_t123,1509.79,3179.4,0.0,P3,13,pre,123
e13_t124,1507.84,3179.61,0.0,P3,13,pre,124
e13_t125,1505.89,3179.78,0.0,P3,13,pre,125
e13_t126,1503.93,3179.9,0.0,P3,13,pre,126
e13_t127,1501.96,3179.98,0.0,P3,13,pre,127
e13_t128,1500.0,3180.0,0.0,P3,13,pre,128
e13_t129,1498.04,3179.98,0.0,P3,13,pre,129
e13_t130,1496.07,3179.9,0.0,P3,13,pre,130
e13_t131,1494.11,3179.78,0.0,P3,13,pre,131
e13_t132,1492.16,3179.61,0.0,P3,13,pre,132
e13_t133,1490.21,3179.4,0.0,P3,13,pre,133
e13_t134,1488.26,3179.13,0.0,P3,13,pre,134
e13_t135,1486.32,3178.82,0.0,P3,13,pre,135
e13_t136,1484.39,3178.46,0.0,P3,13,pre,136
e13_t137,1482.47,3178.06,0.0,P3,13,pre,137
e13_t138,1480.56,3177.6,0.0,P3,13,pre,138
e13_t139,1478.66,3177.1,0.0,P3,13,pre,139
e13_t140,1476.78,3176.56,0.0,P3,13,pre,140
e13_t141,1474.91,3175.96,0.0,P3,13,pre,141
e13_t142,1473.05,3175.32,0.0,P3,13,pre,142
e13_t143,1471.21,3174.64,0.0,P3,13,pre,143
e13_t144,1469.39,3173.91,0.0,P3,13,pre,144
e13_t145,1467.58,3173.14,0.0,P3,13,pre,145
e13_t146,1465.8,3172.32,0.0,P3,13,pre,146
e13_t147,1464.03,3171.46,0.0,P3,13,pre,147
e13_t148,1462.29,3170.55,0.0,P3,13,pre,148
e13_t149,1460.57,3169.61,0.0,P3,13,pre,149
e13_t150,1458.87,3168.62,0.0,P3,13,pre,150
e13_t151,1457.2,3167.59,0.0,P3,13,pre,151
e13_t152,1455.55,3166.52,0.0,P3,13,pre,152
e13_t153,1453.94,3165.41,0.0,P3,13,pre,153
e13_t154,1452.34,3164.26,0.0,P3,13,pre,154
e13_t155,1450.78,3163.07,0.0,P3,13,pre,155
e13_t156,1449.25,3161.84,0.0,P3,13,pre,156
e13_t157,1447.75,3160.58,0.0,P3,13,pre,157
e13_t158,1446.28,3159.28,0.0,P3,13,pre,158
e13_t159,1444.84,3157.94,0.0,P3,13,pre,159
e13_t160,1443.43,3156.57,0.0,P3,13,pre,160
e13_t161,1442.06,3155.16,0.0,P3,13,pre,161
e13_t162,1440.72,3153.72,0.0,P3,13,pre,162
e13_t163,1439.42,3152.25,0.0,P3,13,pre,163
e13_t164,1438.16,3150.75,0.0,P3,13,pre,164
e13_t165,1436.93,3149.22,0.0,P3,13,pre,165
e13_t166,1435.74,3147.66,0.0,P3,13,pre,166
e13_t167,1434.59,3146.06,0.0,P3,13,pre,167
e13_t168,1433.48,3144.45,0.0,P3,13,pre,168
e13_t169,1432.41,3142.8,0.0,P3,13,pre,169
e13_t170,1431.38,3141.13,0.0,P3,13,pre,170
e13_t171,1430.39,3139.43,0.0,P3,13,pre,171
e13_t172,1429.45,3137.71,0.0,P3,13,pre,172
e13_t173,1428.54,3135.97,0.0,P3,13,pre,173
e13_t174,1427.68,3134.2,0.0,P3,13,pre,174
e13_t175,1426.86,3132.42,0.0,P3,13,pre,175
e13_t176,1426.09,3130.61,0.0,P3,13,pre,176
e13_t177,1425.36,3128.79,0.0,P3,13,pre,177
e13_t178,1424.68,3126.95,0.0,P3,13,pre,178
e13_t179,1424.04,3125.09,0.0,P3,13,pre,179
e13_t180,1423.44,3123.22,0.0,P3,13,pre,180
e13_t181,1422.9,3121.34,0.0,P3,13,pre,181
e13_t182,1422.4,3119.44,0.0,P3,13,pre,182
e13_t183,1421.94,3117.53,0.0,P3,13,pre,183
e13_t184,1421.54,3115.61,0.0,P3,13,pre,184
e13_t185,1421.18,3113.68,0.0,P3,13,pre,185
e13_t186,1420.87,3111.74,0.0,P3,13,pre,186
e13_t187,1420.6,3109.79,0.0,P3,13,pre,187
e13_t188,1420.39,3107.84,0.0,P3,13,pre,188
e13_t189,1420.22,3105.89,0.0,P3,13,pre,189
e13_t190,1420.1,3103.93,0.0,P3,13,pre,190
e13_t191,1420.02,3101.96,0.0,P3,13,pre,191
e13_t192,1420.0,3100.0,0.0,P3,13,pre,192
e13_t193,1420.02,3098.04,0.0,P3,13,pre,193
e13_t194,1420.1,3096.07,0.0,P3,13,pre,194
e13_t195,1420.22,3094.11,0.0,P3,13,pre,195
e13_t196,1420.39,3092.16,0.0,P3,13,pre,196
e13_t197,1420.6,3090.21,0.0,P3,13,pre,197
e13_t198,1420.87,3088.26,0.0,P3,13,pre,198
e13_t199,1421.18,3086.32,0.0,P3,13,pre,199
e13_t200,1421.54,3084.39,0.0,P3,13,pre,200
e13_t201,1421.94,3082.47,0.0,P3,13,pre,201
e13_t202,1422.4,3080.56,0.0,P3,13,pre,202
e13_t203,1422.9,3078.66,0.0,P3,13,pre,203
e13_t204,1423.44,3076.78,0.0,P3,13,pre,204
e13_t205,1424.04,3074.91,0.0,P3,13,pre,205
e13_t206,1424.68,3073.05,0.0,P3,13,pre,206
e13_t207,1425.36,3071.21,0.0,P3,13,pre,207
e13_t208,1426.09,3069.39,0.0,P3,13,pre,208
e13_t209,1426.86,3067.58,0.0,P3,13,pre,209
e13_t210,1427.68,3065.8,0.0,P3,13,pre,210
e13_t211,1428.54,3064.03,0.0,P3,13,pre,211
e13_t212,1429.45,3062.29,0.0,P3,13,pre,212
e13_t213,1430.39,3060.57,0.0,P3,13,pre,213
e13_t214,1431.38,3058.87,0.0,P3,13,pre,214
e13_t215,1432.41,3057.2,0.0,P3,13,pre,215
e13_t216,1433.48,3055.55,0.0,P3,13,pre,216
e13_t217,1434.59,3053.94,0.0,P3,13,pre,217
e13_t218,1435.74,3052.34,0.0,P3,13,pre,218
e13_t219,1436.93,3050.78,0.0,P3,13,pre,219
e13_t220,1438.16,3049.25,0.0,P3,13,pre,220
e13_t221,1439.42,3047.75,0.0,P3,13,pre,221
e13_t222,1440.72,3046.28,0.0,P3,13,pre,222
e13_t223,1442.06,3044.84,0.0,P3,13,pre,223
e13_t224,1443.43,3043.43,0.0,P3,13,pre,224
e13_t225,1444.84,3042.06,0.0,P3,13,pre,225
e13_t226,1446.28,3040.72,0.0,P3,13,pre,226
e13_t227,1447.75,3039.42,0.0,P3,13,pre,227
e13_t228,1449.25,3038.16,0.0,P3,13,pre,228
e13_t229,1450.78,3036.93,0.0,P3,13,pre,229
e13_t230,1452.34,3035.74,0.0,P3,13,pre,230
e13_t231,1453.94,3034.59,0.0,P3,13,pre,231
e13_t232,1455.55,3033.48,0.0,P3,13,pre,232
e13_t233,1457.2,3032.41,0.0,P3,13,pre,233
e13_t234,1458.87,3031.38,0.0,P3,13,pre,234
e13_t235,1460.57,3030.39,0.0,P3,13,pre,235
e13_t236,1462.29,3029.45,0.0,P3,13,pre,236
e13_t237,1464.03,3028.54,0.0,P3,13,pre,237
e13_t238,1465.8,3027.68,0.0,P3,13,pre,238
e13_t239,1467.58,3026.86,0.0,P3,13,pre,239
e13_t240,1469.39,3026.09,0.0,P3,13,pre,240
e13_t241,1471.21,3025.36,0.0,P3,13,pre,241
e13_t242,1473.05,3024.68,0.0,P3,13,pre,242
e13_t243,1474.91,3024.04,0.0,P3,13,pre,243
e13_t244,1476.78,3023.44,0.0,P3,13,pre,244
e13_t245,1478.66,3022.9,0.0,P3,13,pre,245
e13_t246,1480.56,3022.4,0.0,P3,13,pre,246
e13_t247,1482.47,3021.94,0.0,P3,13,pre,247
e13_t248,1484.39,3021.54,0.0,P3,13,pre,248
e13_t249,1486.32,3021.18,0.0,P3,13,pre,249
e13_t250,1488.26,3020.87,0.0,P3,13,pre,250
e13_t251,1490.21,3020.6,0.0,P3,13,pre,251
e13_t252,1492.16,3020.39,0.0,P3,13,pre,252
e13_t253,1494.11,3020.22,0.0,P3,13,pre,253
e13_t254,1496.07,3020.1,0.0,P3,13,pre,254
e13_t255,1498.04,3020.02,0.0,P3,13,pre,255
e14_t0,2500.0,2920.0,0.0,PZ,14,pre,0
e14_t1,2501.96,2920.02,0.0,PZ,14,pre,1
e14_t2,2503.93,2920.1,0.0,PZ,14,pre,2
e14_t3,2505.89,2920.22,0.0,PZ,14,pre,3
e14_t4,2507.84,2920.39,0.0,PZ,14,pre,4
e14_t5,2509.79,2920.6,0.0,PZ,14,pre,5
e14_t6,2511.74,2920.87,0.0,PZ,14,pre,6
e14_t7,2513.68,2921.18,0.0,PZ,14,pre,7
e14_t8,2515.61,2921.54,0.0,PZ,14,pre,8
e14_t9,2517.53,2921.94,0.0,PZ,14,pre,9
e14_t10,2519.44,2922.4,0.0,PZ,14,pre,10
e14_t11,2521.34,2922.9,0.0,PZ,14,pre,11
e14_t12,2523.22,2923.44,0.0,PZ,14,pre,12
e14_t13,2525.09,2924.04,0.0,PZ,14,pre,13
e14_t14,2526.95,2924.68,0.0,PZ,14,pre,14
e14_t15,2528.79,2925.36,0.0,PZ,14,pre,15
e14_t16,2530.61,2926.09,0.0,PZ,14,pre,16
e14_t17,2532.42,2926.86,0.0,PZ,14,pre,17
e14_t18,2534.2,2927.68,0.0,PZ,14,pre,18
e14_t19,2535.97,2928.54,0.0,PZ,14,pre,19
e14_t20,2537.71,2929.45,0.0,PZ,14,pre,20
e14_t21,2539.43,2930.39,0.0,PZ,14,pre,21
e14_t22,2541.13,2931.38,0.0,PZ,14,pre,22
e14_t23,2542.8,2932.41,0.0,PZ,14,pre,23
e14_t24,2544.45,2933.48,0.0,PZ,14,pre,24
e14_t25,2546.06,2934.59,0.0,PZ,14,pre,25
e14_t26,2547.66,2935.74,0.0,PZ,14,pre,26
e14_t27,2549.22,2936.93,0.0,PZ,14,pre,27
e14_t28,2550.75,2938.16,0.0,PZ,14,pre,28
e14_t29,2552.25,2939.42,0.0,PZ,14,pre,29
e14_t30,2553.72,2940.72,0.0,PZ,14,pre,30
e14_t31,2555.16,2942.06,0.0,PZ,14,pre,31
e14_t32,2556.57,2943.43,0.0,PZ,14,pre,32
e14_t33,2557.94,2944.84,0.0,PZ,14,pre,33
e14_t34,2559.28,2946.28,0.0,PZ,14,pre,34
e14_t35,2560.58,2947.75,0.0,PZ,14,pre,35
e14_t36,2561.84,2949.25,0.0,PZ,14,pre,36
e14_t37,2563.07,2950.78,0.0,PZ,14,pre,37
e14_t38,2564.26,2952.34,0.0,PZ,14,pre,38
e14_t39,2565.41,2953.94,0.0,PZ,14,pre,39
e14_t40,2566.52,2955.55,0.0,PZ,14,pre,40
e14_t41,2567.59,2957.2,0.0,PZ,14,pre,41
e14_t42,2568.62,2958.87,0.0,PZ,14,pre,42
e14_t43,2569.61,2960.57,0.0,PZ,14,pre,43
e14_t44,2570.55,2962.29,0.0,PZ,14,pre,44
e14_t45,2571.46,2964.03,0.0,PZ,14,pre,45
e14_t46,2572.32,2965.8,0.0,PZ,14,pre,46
e14_t47,2573.14,2967.58,0.0,PZ,14,pre,47
e14_t48,2573.91,2969.39,0.0,PZ,14,pre,48
e14_t49,2574.64,2971.21,0.0,PZ,14,pre,49
e14_t50,2575.32,2973.05,0.0,PZ,14,pre,50
e14_t51,2575.96,2974.91,0.0,PZ,14,pre,51
e14_t52,2576.56,2976.78,0.0,PZ,14,pre,52
e14_t53,2577.1,2978.66,0.0,PZ,14,pre,53
e14_t54,2577.6,2980.56,0.0,PZ,14,pre,54
e14_t55,2578.06,2982.47,0.0,PZ,14,pre,55
e14_t56,2578.46,2984.39,0.0,PZ,14,pre,56
e14_t57,2578.82,2986.32,0.0,PZ,14,pre,57
e14_t58,2579.13,2988.26,0.0,PZ,14,pre,58
e14_t59,2579.4,2990.21,0.0,PZ,14,pre,59
e14_t60,2579.61,2992.16,0.0,PZ,14,pre,60
e14_t61,2579.78,2994.11,0.0,PZ,14,pre,61
e14_t62,2579.9,2996.07,0.0,PZ,14,pre,62
e14_t63,2579.98,2998.04,0.0,PZ,14,pre,63
e14_t64,2580.0,3000.0,0.0,PZ,14,pre,64
e14_t65,2579.98,3001.96,0.0,PZ,14,pre,65
e14_t66,2579.9,3003.93,0.0,PZ,14,pre,66
e14_t67,2579.78,3005.89,0.0,PZ,14,pre,67
e14_t68,2579.61,3007.84,0.0,PZ,14,pre,68
e14_t69,2579.4,3009.79,0.0,PZ,14,pre,69
e14_t70,2579.13,3011.74,0.0,PZ,14,pre,70
e14_t71,2578.82,3013.68,0.0,PZ,14,pre,71
e14_t72,2578.46,3015.61,0.0,PZ,14,pre,72
e14_t73,2578.06,3017.53,0.0,PZ,14,pre,73
e14_t74,2577.6,3019.44,0.0,PZ,14,pre,74
e14_t75,2577.1,3021.34,0.0,PZ,14,pre,75
e14_t76,2576.56,3023.22,0.0,PZ,14,pre,76
e14_t77,2575.96,3025.09,0.0,PZ,14,pre,77
e14_t78,2575.32,3026.95,0.0,PZ,14,pre,78
e14_t79,2574.64,3028.79,0.0,PZ,14,pre,79
e14_t80,2573.91,3030.61,0.0,PZ,14,pre,80
e14_t81,2573.14,3032.42,0.0,PZ,14,pre,81
e14_t82,2572.32,3034.2,0.0,PZ,14,pre,82
e14_t83,2571.46,3035.97,0.0,PZ,14,pre,83
e14_t84,2570.55,3037.71,0.0,PZ,14,pre,84
e14_t85,2569.61,3039.43,0.0,PZ,14,pre,85
e14_t86,2568.62,3041.13,0.0,PZ,14,pre,86
e14_t87,2567.59,3042.8,0.0,PZ,14,pre,87
e14_t88,2566.52,3044.45,0.0,PZ,14,pre,88
e14_t89,2565.41,3046.06,0.0,PZ,14,pre,89
e14_t90,2564.26,3047.66,0.0,PZ,14,pre,90
e14_t91,2563.07,3049.22,0.0,PZ,14,pre,91
e14_t92,2561.84,3050.75,0.0,PZ,14,pre,92
e14_t93,2560.58,3052.25,0.0,PZ,14,pre,93
e14_t94,2559.28,3053.72,0.0,PZ,14,pre,94
e14_t95,2557.94,3055.16,0.0,PZ,14,pre,95
e14_t96,2556.57,3056.57,0.0,PZ,14,pre,96
e14_t97,2555.16,3057.94,0.0,PZ,14,pre,97
e14_t98,2553.72,3059.28,0.0,PZ,14,pre,98
e14_t99,2552.25,3060.58,0.0,PZ,14,pre,99
e14_t100,2550.75,3061.84,0.0,PZ,14,pre,100
e14_t101,2549.22,3063.07,0.0,PZ,14,pre,101
e14_t102,2547.66,3064.26,0.0,PZ,14,pre,102
e14_t103,2546.06,3065.41,0.0,PZ,14,pre,103
e14_t104,2544.45,3066.52,0.0,PZ,14,pre,104
e14_t105,2542.8,3067.59,0.0,PZ,14,pre,105
e14_t106,2541.13,3068.62,0.0,PZ,14,pre,106
e14_t107,2539.43,3069.61,0.0,PZ,14,pre,107
e14_t108,2537.71,3070.55,0.0,PZ,14,pre,108
e14_t109,2535.97,3071.46,0.0,PZ,14,pre,109
e14_t110,2534.2,3072.32,0.0,PZ,14,pre,110
e14_t111,2532.42,3073.14,0.0,PZ,14,pre,111
e14_t112,2530.61,3073.91,0.0,PZ,14,pre,112
e14_t113,2528.79,3074.64,0.0,PZ,14,pre,113
e14_t114,2526.95,3075.32,0.0,PZ,14,pre,114
e14_t115,2525.09,3075.96,0.0,PZ,14,pre,115
e14_t116,2523.22,3076.56,0.0,PZ,14,pre,116
e14_t117,2521.34,3077.1,0.0,PZ,14,pre,117
e14_t118,2519.44,3077.6,0.0,PZ,14,pre,118
e14_t119,2517.53,3078.06,0.0,PZ,14,pre,119
e14_t120,2515.61,3078.46,0.0,PZ,14,pre,120
e14_t121,2513.68,3078.82,0.0,PZ,14,pre,121
e14_t122,2511.74,3079.13,0.0,PZ,14,pre,122
e14_t123,2509.79,3079.4,0.0,PZ,14,pre,123
e14_t124,2507.84,3079.61,0.0,PZ,14,pre,124
e14_t125,2505.89,3079.78,0.0,PZ,14,pre,125
e14_t126,2503.93,3079.9,0.0,PZ,14,pre,126
e14_t127,2501.96,3079.98,0.0,PZ,14,pre,127
e14_t128,2500.0,3080.0,0.0,PZ,14,pre,128
e14_t129,2498.04,3079.98,0.0,PZ,14,pre,129
e14_t130,2496.07,3079.9,0.0,PZ,14,pre,130
e14_t131,2494.11,3079.78,0.0,PZ,14,pre,131
e14_t132,2492.16,3079.61,0.0,PZ,14,pre,132
e14_t133,2490.21,3079.4,0.0,PZ,14,pre,133
e14_t134,2488.26,3079.13,0.0,PZ,14,pre,134
e14_t135,2486.32,3078.82,0.0,PZ,14,pre,135
e14_t136,2484.39,3078.46,0.0,PZ,14,pre,136
e14_t137,2482.47,3078.06,0.0,PZ,14,pre,137
e14_t138,2480.56,3077.6,0.0,PZ,14,pre,138
e14_t139,2478.66,3077.1,0.0,PZ,14,pre,139
e14_t140,2476.78,3076.56,0.0,PZ,14,pre,140
e14_t141,2474.91,3075.96,0.0,PZ,14,pre,141
e14_t142,2473.05,3075.32,0.0,PZ,14,pre,142
e14_t143,2471.21,3074.64,0.0,PZ,14,pre,143
e14_t144,2469.39,3073.91,0.0,PZ,14,pre,144
e14_t145,2467.58,3073.14,0.0,PZ,14,pre,145
e14_t146,2465.8,3072.32,0.0,PZ,14,pre,146
e14_t147,2464.03,3071.46,0.0,PZ,14,pre,147
e14_t148,2462.29,3070.55,0.0,PZ,14,pre,148
e14_t149,2460.57,3069.61,0.0,PZ,14,pre,149
e14_t150,2458.87,3068.62,0.0,PZ,14,pre,150
e14_t151,2457.2,3067.59,0.0,PZ,14,pre,151
e14_t152,2455.55,3066.52,0.0,PZ,14,pre,152
e14_t153,2453.94,3065.41,0.0,PZ,14,pre,153
e14_t154,2452.34,3064.26,0.0,PZ,14,pre,154
e14_t155,2450.78,3063.07,0.0,PZ,14,pre,155
e14_t156,2449.25,3061.84,0.0,PZ,14,pre,156
e14_t157,2447.75,3060.58,0.0,PZ,14,pre,157
e14_t158,2446.28,3059.28,0.0,PZ,14,pre,158
e14_t159,2444.84,3057.94,0.0,PZ,14,pre,159
e14_t160,2443.43,3056.57,0.0,PZ,14,pre,160
e14_t161,2442.06,3055.16,0.0,PZ,14,pre,161
e14_t162,2440.72,3053.72,0.0,PZ,14,pre,162
e14_t163,2439.42,3052.25,0.0,PZ,14,pre,163
e14_t164,2438.16,3050.75,0.0,PZ,14,pre,164
e14_t165,2436.93,3049.22,0.0,PZ,14,pre,165
e14_t166,2435.74,3047.66,0.0,PZ,14,pre,166
e14_t167,2434.59,3046.06,0.0,PZ,14,pre,167
e14_t168,2433.48,3044.45,0.0,PZ,14,pre,168
e14_t169,2432.41,3042.8,0.0,PZ,14,pre,169
e14_t170,2431.38,3041.13,0.0,PZ,14,pre,170
e14_t171,2430.39,3039.43,0.0,PZ,14,pre,171
e14_t172,2429.45,3037.71,0.0,PZ,14,pre,172
e14_t173,2428.54,3035.97,0.0,PZ,14,pre,173
e14_t174,2427.68,3034.2,0.0,PZ,14,pre,174
e14_t175,2426.86,3032.42,0.0,PZ,14,pre,175
e14_t176,2426.09,3030.61,0.0,PZ,14,pre,176
e14_t177,2425.36,3028.79,0.0,PZ,14,pre,177
e14_t178,2424.68,3026.95,0.0,PZ,14,pre,178
e14_t179,2424.04,3025.09,0.0,PZ,14,pre,179
e14_t180,2423.44,3023.22,0.0,PZ,14,pre,180
e14_t181,2422.9,3021.34,0.0,PZ,14,pre,181
e14_t182,2422.4,3019.44,0.0,PZ,14,pre,182
e14_t183,2421.94,3017.53,0.0,PZ,14,pre,183
e14_t184,2421.54,3015.61,0.0,PZ,14,pre,184
e14_t185,2421.18,3013.68,0.0,PZ,14,pre,185
e14_t186,2420.87,3011.74,0.0,PZ,14,pre,186
e14_t187,2420.6,3009.79,0.0,PZ,14,pre,187
e14_t188,2420.39,3007.84,0.0,PZ,14,pre,188
e14_t189,2420.22,3005.89,0.0,PZ,14,pre,189
e14_t190,2420.1,3003.93,0.0,PZ,14,pre,190
e14_t191,2420.02,3001.96,0.0,PZ,14,pre,191
e14_t192,2420.0,3000.0,0.0,PZ,14,pre,192
e14_t193,2420.02,2998.04,0.0,PZ,14,pre,193
e14_t194,2420.1,2996.07,0.0,PZ,14,pre,194
e14_t195,2420.22,2994.11,0.0,PZ,14,pre,195
e14_t196,2420.39,2992.16,0.0,PZ,14,pre,196
e14_t197,2420.6,2990.21,0.0,PZ,14,pre,197
e14_t198,2420.87,2988.26,0.0,PZ,14,pre,198
e14_t199,2421.18,2986.32,0.0,PZ,14,pre,199
e14_t200,2421.54,2984.39,0.0,PZ,14,pre,200
e14_t201,2421.94,2982.47,0.0,PZ,14,pre,201
e14_t202,2422.4,2980.56,0.0,PZ,14,pre,202
e14_t203,2422.9,2978.66,0.0,PZ,14,pre,203
e14_t204,2423.44,2976.78,0.0,PZ,14,pre,204
e14_t205,2424.04,2974.91,0.0,PZ,14,pre,205
e14_t206,2424.68,2973.05,0.0,PZ,14,pre,206
e14_t207,2425.36,2971.21,0.0,PZ,14,pre,207
e14_t208,2426.09,2969.39,0.0,PZ,14,pre,208
e14_t209,2426.86,2967.58,0.0,PZ,14,pre,209
e14_t210,2427.68,2965.8,0.0,PZ,14,pre,210
e14_t211,2428.54,2964.03,0.0,PZ,14,pre,211
e14_t212,2429.45,2962.29,0.0,PZ,14,pre,212
e14_t213,2430.39,2960.57,0.0,PZ,14,pre,213
e14_t214,2431.38,2958.87,0.0,PZ,14,pre,214
e14_t215,2432.41,2957.2,0.0,PZ,14,pre,215
e14_t216,2433.48,2955.55,0.0,PZ,14,pre,216
e14_t217,2434.59,2953.94,0.0,PZ,14,pre,217
e14_t218,2435.74,2952.34,0.0,PZ,14,pre,218
e14_t219,2436.93,2950.78,0.0,PZ,14,pre,219
e14_t220,2438.16,2949.25,0.0,PZ,14,pre,220
e14_t221,2439.42,2947.75,0.0,PZ,14,pre,221
e14_t222,2440.72,2946.28,0.0,PZ,14,pre,222
e14_t223,2442.06,2944.84,0.0,PZ,14,pre,223
e14_t224,2443.43,2943.43,0.0,PZ,14,pre,224
e14_t225,2444.84,2942.06,0.0,PZ,14,pre,225
e14_t226,2446.28,2940.72,0.0,PZ,14,pre,226
e14_t227,2447.75,2939.42,0.0,PZ,14,pre,227
e14_t228,2449.25,2938.16,0.0,PZ,14,pre,228
e14_t229,2450.78,2936.93,0.0,PZ,14,pre,229
e14_t230,2452.34,2935.74,0.0,PZ,14,pre,230
e14_t231,2453.94,2934.59,0.0,PZ,14,pre,231
e14_t232,2455.55,2933.48,0.0,PZ,14,pre,232
e14_t233,2457.2,2932.41,0.0,PZ,14,pre,233
e14_t234,2458.87,2931.38,0.0,PZ,14,pre,234
e14_t235,2460.57,2930.39,0.0,PZ,14,pre,235
e14_t236,2462.29,2929.45,0.0,PZ,14,pre,236
e14_t237,2464.03,2928.54,0.0,PZ,14,pre,237
e14_t238,2465.8,2927.68,0.0,PZ,14,pre,238
e14_t239,2467.58,2926.86,0.0,PZ,14,pre,239
e14_t240,2469.39,2926.09,0.0,PZ,14,pre,240
e14_t241,2471.21,2925.36,0.0,PZ,14,pre,241
e14_t242,2473.05,2924.68,0.0,PZ,14,pre,242
e14_t243,2474.91,2924.04,0.0,PZ,14,pre,243
e14_t244,2476.78,2923.44,0.0,PZ,14,pre,244
e14_t245,2478.66,2922.9,0.0,PZ,14,pre,245
e14_t246,2480.56,2922.4,0.0,PZ,14,pre,246
e14_t247,2482.47,2921.94,0.0,PZ,14,pre,247
e14_t248,2484.39,2921.54,0.0,PZ,14,pre,248
e14_t249,2486.32,2921.18,0.0,PZ,14,pre,249
e14_t250,2488.26,2920.87,0.0,PZ,14,pre,250
e14_t251,2490.21,2920.6,0.0,PZ,14,pre,251
e14_t252,2492.16,2920.39,0.0,PZ,14,pre,252
e14_t253,2494.11,2920.22,0.0,PZ,14,pre,253
e14_t254,2496.07,2920.1,0.0,PZ,14,pre,254
e14_t255,2498.04,2920.02,0.0,PZ,14,pre,255
e15_t0,3500.0,3020.0,0.0,P4,15,pre,0
e15_t1,3501.96,3020.02,0.1333,P4,15,pre,1
e15_t2,3503.93,3020.1,0.0,P4,15,pre,2
e15_t3,3505.89,3020.22,0.1333,P4,15,pre,3
e15_t4,3507.84,3020.39,0.0,P4,15,pre,4
e15_t5,3509.79,3020.6,0.0,P4,15,pre,5
e15_t6,3511.74,3020.87,0.1333,P4,15,pre,6
e15_t7,3513.68,3021.18,0.1333,P4,15,pre,7
e15_t8,3515.61,3021.54,0.0,P4,15,pre,8
e15_t9,3517.53,3021.94,0.0,P4,15,pre,9
e15_t10,3519.44,3022.4,0.0,P4,15,pre,10
e15_t11,3521.34,3022.9,0.0,P4,15,pre,11
e15_t12,3523.22,3023.44,0.1333,P4,15,pre,12
e15_t13,3525.09,3024.04,0.1333,P4,15,pre,13
e15_t14,3526.95,3024.68,0.0,P4,15,pre,14
e15_t15,3528.79,3025.36,0.0,P4,15,pre,15
e15_t16,3530.61,3026.09,0.0,P4,15,pre,16
e15_t17,3532.42,3026.86,0.0,P4,15,pre,17
e15_t18,3534.2,3027.68,0.0,P4,15,pre,18
e15_t19,3535.97,3028.54,0.0,P4,15,pre,19
e15_t20,3537.71,3029.45,0.0,P4,15,pre,20
e15_t21,3539.43,3030.39,0.0,P4,15,pre,21
e15_t22,3541.13,3031.38,0.0,P4,15,pre,22
e15_t23,3542.8,3032.41,0.0,P4,15,pre,23
e15_t24,3544.45,3033.48,0.1333,P4,15,pre,24
e15_t25,3546.06,3034.59,0.0,P4,15,pre,25
e15_t26,3547.66,3035.74,0.0,P4,15,pre,26
e15_t27,3549.22,3036.93,0.0,P4,15,pre,27
e15_t28,3550.75,3038.16,0.0,P4,15,pre,28
e15_t29,3552.25,3039.42,0.2667,P4,15,pre,29
e15_t30,3553.72,3040.72,0.5333,P4,15,pre,30
e15_t31,3555.16,3042.06,0.1333,P4,15,pre,31
e15_t32,3556.57,3043.43,0.0,P4,15,pre,32
e15_t33,3557.94,3044.84,0.0,P4,15,pre,33
e15_t34,3559.28,3046.28,0.0,P4,15,pre,34
e15_t35,3560.58,3047.75,0.0,P4,15,pre,35
e15_t36,3561.84,3049.25,0.0,P4,15,pre,36
e15_t37,3563.07,3050.78,0.0,P4,15,pre,37
e15_t38,3564.26,3052.34,0.0,P4,15,pre,38
e15_t39,3565.41,3053.94,0.0,P4,15,pre,39
e15_t40,3566.52,3055.55,0.0,P4,15,pre,40
e15_t41,3567.59,3057.2,0.2667,P4,15,pre,41
e15_t42,3568.62,3058.87,0.5333,P4,15,pre,42
e15_t43,3569.61,3060.57,0.2667,P4,15,pre,43
e15_t44,3570.55,3062.29,0.1333,P4,15,pre,44
e15_t45,3571.46,3064.03,0.0,P4,15,pre,45
e15_t46,3572.32,3065.8,0.0,P4,15,pre,46
e15_t47,3573.14,3067.58,0.0,P4,15,pre,47
e15_t48,3573.91,3069.39,0.0,P4,15,pre,48
e15_t49,3574.64,3071.21,0.0,P4,15,pre,49
e15_t50,3575.32,3073.05,0.1333,P4,15,pre,50
e15_t51,3575.96,3074.91,0.0,P4,15,pre,51
e15_t52,3576.56,3076.78,0.0,P4,15,pre,52
e15_t53,3577.1,3078.66,0.0,P4,15,pre,53
e15_t54,3577.6,3080.56,0.1333,P4,15,pre,54
e15_t55,3578.06,3082.47,0.1333,P4,15,pre,55
e15_t56,3578.46,3084.39,0.0,P4,15,pre,56
e15_t57,3578.82,3086.32,0.4,P4,15,pre,57
e15_t58,3579.13,3088.26,0.1333,P4,15,pre,58
e15_t59,3579.4,3090.21,0.0,P4,15,pre,59
e15_t60,3579.61,3092.16,0.1333,P4,15,pre,60
e15_t61,3579.78,3094.11,0.4,P4,15,pre,61
e15_t62,3579.9,3096.07,0.4,P4,15,pre,62
e15_t63,3579.98,3098.04,0.1333,P4,15,pre,63
e15_t64,3580.0,3100.0,0.0,P4,15,pre,64
e15_t65,3579.98,3101.96,0.1333,P4,15,pre,65
e15_t66,3579.9,3103.93,0.0,P4,15,pre,66
e15_t67,3579.78,3105.89,0.0,P4,15,pre,67
e15_t68,3579.61,3107.84,0.0,P4,15,pre,68
e15_t69,3579.4,3109.79,0.0,P4,15,pre,69
e15_t70,3579.13,3111.74,0.0,P4,15,pre,70
e15_t71,3578.82,3113.68,0.0,P4,15,pre,71
e15_t72,3578.46,3115.61,0.1333,P4,15,pre,72
e15_t73,3578.06,3117.53,0.1333,P4,15,pre,73
e15_t74,3577.6,3119.44,0.0,P4,15,pre,74
e15_t75,3577.1,3121.34,0.0,P4,15,pre,75
e15_t76,3576.56,3123.22,0.1333,P4,15,pre,76
e15_t77,3575.96,3125.09,0.2667,P4,15,pre,77
e15_t78,3575.32,3126.95,0.1333,P4,15,pre,78
e15_t79,3574.64,3128.79,0.0,P4,15,pre,79
e15_t80,3573.91,3130.61,0.0,P4,15,pre,80
e15_t81,3573.14,3132.42,0.0,P4,15,pre,81
e15_t82,3572.32,3134.2,0.0,P4,15,pre,82
e15_t83,3571.46,3135.97,0.0,P4,15,pre,83
e15_t84,3570.55,3137.71,0.0,P4,15,pre,84
e15_t85,3569.61,3139.43,0.0,P4,15,pre,85
e15_t86,3568.62,3141.13,0.0,P4,15,pre,86
e15_t87,3567.59,3142.8,0.0,P4,15,pre,87
e15_t88,3566.52,3144.45,0.0,P4,15,pre,88
e15_t89,3565.41,3146.06,0.0,P4,15,pre,89
e15_t90,3564.26,3147.66,0.1333,P4,15,pre,90
e15_t91,3563.07,3149.22,0.1333,P4,15,pre,91
e15_t92,3561.84,3150.75,0.1333,P4,15,pre,92
e15_t93,3560.58,3152.25,0.2667,P4,15,pre,93
e15_t94,3559.28,3153.72,0.1333,P4,15,pre,94
e15_t95,3557.94,3155.16,0.0,P4,15,pre,95
e15_t96,3556.57,3156.57,0.0,P4,15,pre,96
e15_t97,3555.16,3157.94,0.0,P4,15,pre,97
e15_t98,3553.72,3159.28,0.0,P4,15,pre,98
e15_t99,3552.25,3160.58,0.0,P4,15,pre,99
e15_t100,3550.75,3161.84,0.0,P4,15,pre,100
e15_t101,3549.22,3163.07,0.0,P4,15,pre,101
e15_t102,3547.66,3164.26,0.0,P4,15,pre,102
e15_t103,3546.06,3165.41,0.0,P4,15,pre,103
e15_t104,3544.45,3166.52,0.0,P4,15,pre,104
e15_t105,3542.8,3167.59,0.0,P4,15,pre,105
e15_t106,3541.13,3168.62,0.1333,P4,15,pre,106
e15_t107,3539.43,3169.61,0.1333,P4,15,pre,107
e15_t108,3537.71,3170.55,0.0,P4,15,pre,108
e15_t109,3535.97,3171.46,0.0,P4,15,pre,109
e15_t110,3534.2,3172.32,0.0,P4,15,pre,110
e15_t111,3532.42,3173.14,0.0,P4,15,pre,111
e15_t112,3530.61,3173.91,0.0,P4,15,pre,112
e15_t113,3528.79,3174.64,0.0,P4,15,pre,113
e15_t114,3526.95,3175.32,0.0,P4,15,pre,114
e15_t115,3525.09,3175.96,0.0,P4,15,pre,115
e15_t116,3523.22,3176.56,0.1333,P4,15,pre,116
e15_t117,3521.34,3177.1,0.1333,P4,15,pre,117
e15_t118,3519.44,3177.6,0.0,P4,15,pre,118
e15_t119,3517.53,3178.06,0.0,P4,15,pre,119
e15_t120,3515.61,3178.46,0.1333,P4,15,pre,120
e15_t121,3513.68,3178.82,0.4,P4,15,pre,121
e15_t122,3511.74,3179.13,0.1333,P4,15,pre,122
e15_t123,3509.79,3179.4,0.0,P4,15,pre,123
e15_t124,3507.84,3179.61,0.0,P4,15,pre,124
e15_t125,3505.89,3179.78,0.0,P4,15,pre,125
e15_t126,3503.93,3179.9,0.1333,P4,15,pre,126
e15_t127,3501.96,3179.98,0.1333,P4,15,pre,127
e15_t128,3500.0,3180.0,0.0,P4,15,pre,128
e15_t129,3498.04,3179.98,0.0,P4,15,pre,129
e15_t130,3496.07,3179.9,0.0,P4,15,pre,130
e15_t131,3494.11,3179.78,0.0,P4,15,pre,131
e15_t132,3492.16,3179.61,0.0,P4,15,pre,132
e15_t133,3490.21,3179.4,0.0,P4,15,pre,133
e15_t134,3488.26,3179.13,0.0,P4,15,pre,134
e15_t135,3486.32,3178.82,0.0,P4,15,pre,135
e15_t136,3484.39,3178.46,0.1333,P4,15,pre,136
e15_t137,3482.47,3178.06,0.4,P4,15,pre,137
e15_t138,3480.56,3177.6,0.2667,P4,15,pre,138
e15_t139,3478.66,3177.1,0.0,P4,15,pre,139
e15_t140,3476.78,3176.56,0.1333,P4,15,pre,140
e15_t141,3474.91,3175.96,0.4,P4,15,pre,141
e15_t142,3473.05,3175.32,0.6667,P4,15,pre,142
e15_t143,3471.21,3174.64,0.1333,P4,15,pre,143
e15_t144,3469.39,3173.91,0.0,P4,15,pre,144
e15_t145,3467.58,3173.14,0.1333,P4,15,pre,145
e15_t146,3465.8,3172.32,0.0,P4,15,pre,146
e15_t147,3464.03,3171.46,0.0,P4,15,pre,147
e15_t148,3462.29,3170.55,0.0,P4,15,pre,148
e15_t149,3460.57,3169.61,0.0,P4,15,pre,149
e15_t150,3458.87,3168.62,0.0,P4,15,pre,150
e15_t151,3457.2,3167.59,0.0,P4,15,pre,151
e15_t152,3455.55,3166.52,0.0,P4,15,pre,152
e15_t153,3453.94,3165.41,0.0,P4,15,pre,153
e15_t154,3452.34,3164.26,0.0,P4,15,pre,154
e15_t155,3450.78,3163.07,0.0,P4,15,pre,155
e15_t156,3449.25,3161.84,0.0,P4,15,pre,156
e15_t157,3447.75,3160.58,0.0,P4,15,pre,157
e15_t158,3446.28,3159.28,0.0,P4,15,pre,158
e15_t159,3444.84,3157.94,0.0,P4,15,pre,159
e15_t160,3443.43,3156.57,0.0,P4,15,pre,160
e15_t161,3442.06,3155.16,0.0,P4,15,pre,161
e15_t162,3440.72,3153.72,0.0,P4,15,pre,162
e15_t163,3439.42,3152.25,0.0,P4,15,pre,163
e15_t164,3438.16,3150.75,0.0,P4,15,pre,164
e15_t165,3436.93,3149.22,0.0,P4,15,pre,165
e15_t166,3435.74,3147.66,0.0,P4,15,pre,166
e15_t167,3434.59,3146.06,0.0,P4,15,pre,167
e15_t168,3433.48,3144.45,0.0,P4,15,pre,168
e15_t169,3432.41,3142.8,0.2667,P4,15,pre,169
e15_t170,3431.38,3141.13,0.2667,P4,15,pre,170
e15_t171,3430.39,3139.43,0.1333,P4,15,pre,171
e15_t172,3429.45,3137.71,0.0,P4,15,pre,172
e15_t173,3428.54,3135.97,0.0,P4,15,pre,173
e15_t174,3427.68,3134.2,0.1333,P4,15,pre,174
e15_t175,3426.86,3132.42,0.4,P4,15,pre,175
e15_t176,3426.09,3130.61,0.1333,P4,15,pre,176
e15_t177,3425.36,3128.79,0.0,P4,15,pre,177
e15_t178,3424.68,3126.95,0.0,P4,15,pre,178
e15_t179,3424.04,3125.09,0.0,P4,15,pre,179
e15_t180,3423.44,3123.22,0.1333,P4,15,pre,180
e15_t181,3422.9,3121.34,0.0,P4,15,pre,181
e15_t182,3422.4,3119.44,0.0,P4,15,pre,182
e15_t183,3421.94,3117.53,0.2667,P4,15,pre,183
e15_t184,3421.54,3115.61,0.4,P4,15,pre,184
e15_t185,3421.18,3113.68,0.5333,P4,15,pre,185
e15_t186,3420.87,3111.74,0.4,P4,15,pre,186
e15_t187,3420.6,3109.79,0.0,P4,15,pre,187
e15_t188,3420.39,3107.84,0.2667,P4,15,pre,188
e15_t189,3420.22,3105.89,0.5333,P4,15,pre,189
e15_t190,3420.1,3103.93,0.4,P4,15,pre,190
e15_t191,3420.02,3101.96,0.0,P4,15,pre,191
e15_t192,3420.0,3100.0,0.0,P4,15,pre,192
e15_t193,3420.02,3098.04,0.0,P4,15,pre,193
e15_t194,3420.1,3096.07,0.0,P4,15,pre,194
e15_t195,3420.22,3094.11,0.0,P4,15,pre,195
e15_t196,3420.39,3092.16,0.0,P4,15,pre,196
e15_t197,3420.6,3090.21,0.0,P4,15,pre,197
e15_t198,3420.87,3088.26,0.0,P4,15,pre,198
e15_t199,3421.18,3086.32,0.0,P4,15,pre,199
e15_t200,3421.54,3084.39,0.4,P4,15,pre,200
e15_t201,3421.94,3082.47,1.0667,P4,15,pre,201
e15_t202,3422.4,3080.56,0.6667,P4,15,pre,202
e15_t203,3422.9,3078.66,0.0,P4,15,pre,203
e15_t204,3423.44,3076.78,0.0,P4,15,pre,204
e15_t205,3424.04,3074.91,0.1333,P4,15,pre,205
e15_t206,3424.68,3073.05,0.1333,P4,15,pre,206
e15_t207,3425.36,3071.21,0.0,P4,15,pre,207
e15_t208,3426.09,3069.39,0.0,P4,15,pre,208
e15_t209,3426.86,3067.58,0.0,P4,15,pre,209
e15_t210,3427.68,3065.8,0.0,P4,15,pre,210
e15_t211,3428.54,3064.03,0.0,P4,15,pre,211
e15_t212,3429.45,3062.29,0.0,P4,15,pre,212
e15_t213,3430.39,3060.57,0.0,P4,15,pre,213
e15_t214,3431.38,3058.87,0.0,P4,15,pre,214
e15_t215,3432.41,3057.2,0.1333,P4,15,pre,215
e15_t216,3433.48,3055.55,0.0,P4,15,pre,216
e15_t217,3434.59,3053.94,0.1333,P4,15,pre,217
e15_t218,3435.74,3052.34,0.2667,P4,15,pre,218
e15_t219,3436.93,3050.78,0.1333,P4,15,pre,219
e15_t220,3438.16,3049.25,0.1333,P4,15,pre,220
e15_t221,3439.42,3047.75,0.2667,P4,15,pre,221
e15_t222,3440.72,3046.28,0.4,P4,15,pre,222
e15_t223,3442.06,3044.84,0.1333,P4,15,pre,223
e15_t224,3443.43,3043.43,0.0,P4,15,pre,224
e15_t225,3444.84,3042.06,0.0,P4,15,pre,225
e15_t226,3446.28,3040.72,0.0,P4,15,pre,226
e15_t227,3447.75,3039.42,0.0,P4,15,pre,227
e15_t228,3449.25,3038.16,0.0,P4,15,pre,228
e15_t229,3450.78,3036.93,0.0,P4,15,pre,229
e15_t230,3452.34,3035.74,0.0,P4,15,pre,230
e15_t231,3453.94,3034.59,0.0,P4,15,pre,231
e15_t232,3455.55,3033.48,0.0,P4,15,pre,232
e15_t233,3457.2,3032.41,0.0,P4,15,pre,233
e15_t234,3458.87,3031.38,0.0,P4,15,pre,234
e15_t235,3460.57,3030.39,0.0,P4,15,pre,235
e15_t236,3462.29,3029.45,0.0,P4,15,pre,236
e15_t237,3464.03,3028.54,0.0,P4,15,pre,237
e15_t238,3465.8,3027.68,0.0,P4,15,pre,238
e15_t239,3467.58,3026.86,0.0,P4,15,pre,239
e15_t240,3469.39,3026.09,0.1333,P4,15,pre,240
e15_t241,3471.21,3025.36,0.1333,P4,15,pre,241
e15_t242,3473.05,3024.68,0.0,P4,15,pre,242
e15_t243,3474.91,3024.04,0.0,P4,15,pre,243
e15_t244,3476.78,3023.44,0.0,P4,15,pre,244
e15_t245,3478.66,3022.9,0.1333,P4,15,pre,245
e15_t246,3480.56,3022.4,0.0,P4,15,pre,246
e15_t247,3482.47,3021.94,0.0,P4,15,pre,247
e15_t248,3484.39,3021.54,0.1333,P4,15,pre,248
e15_t249,3486.32,3021.18,0.4,P4,15,pre,249
e15_t250,3488.26,3020.87,0.1333,P4,15,pre,250
e15_t251,3490.21,3020.6,0.0,P4,15,pre,251
e15_t252,3492.16,3020.39,0.0,P4,15,pre,252
e15_t253,3494.11,3020.22,0.1333,P4,15,pre,253
e15_t254,3496.07,3020.1,0.4,P4,15,pre,254
e15_t255,3498.04,3020.02,0.1333,P4,15,pre,255
e16_t0,4500.0,3420.0,0.4,P8,16,pre,0
e16_t1,4501.96,3420.02,0.0,P8,16,pre,1
e16_t2,4503.93,3420.1,0.1333,P8,16,pre,2
e16_t3,4505.89,3420.22,0.4,P8,16,pre,3
e16_t4,4507.84,3420.39,0.4,P8,16,pre,4
e16_t5,4509.79,3420.6,0.2667,P8,16,pre,5
e16_t6,4511.74,3420.87,0.2667,P8,16,pre,6
e16_t7,4513.68,3421.18,0.5333,P8,16,pre,7
e16_t8,4515.61,3421.54,0.8,P8,16,pre,8
e16_t9,4517.53,3421.94,0.6667,P8,16,pre,9
e16_t10,4519.44,3422.4,0.2667,P8,16,pre,10
e16_t11,4521.34,3422.9,0.1333,P8,16,pre,11
e16_t12,4523.22,3423.44,0.0,P8,16,pre,12
e16_t13,4525.09,3424.04,0.2667,P8,16,pre,13
e16_t14,4526.95,3424.68,0.4,P8,16,pre,14
e16_t15,4528.79,3425.36,0.8,P8,16,pre,15
e16_t16,4530.61,3426.09,0.4,P8,16,pre,16
e16_t17,4532.42,3426.86,0.4,P8,16,pre,17
e16_t18,4534.2,3427.68,0.0,P8,16,pre,18
e16_t19,4535.97,3428.54,0.0,P8,16,pre,19
e16_t20,4537.71,3429.45,0.0,P8,16,pre,20
e16_t21,4539.43,3430.39,0.0,P8,16,pre,21
e16_t22,4541.13,3431.38,0.0,P8,16,pre,22
e16_t23,4542.8,3432.41,0.0,P8,16,pre,23
e16_t24,4544.45,3433.48,0.2667,P8,16,pre,24
e16_t25,4546.06,3434.59,0.6667,P8,16,pre,25
e16_t26,4547.66,3435.74,0.6667,P8,16,pre,26
e16_t27,4549.22,3436.93,0.5333,P8,16,pre,27
e16_t28,4550.75,3438.16,0.5333,P8,16,pre,28
e16_t29,4552.25,3439.42,0.5333,P8,16,pre,29
e16_t30,4553.72,3440.72,0.0,P8,16,pre,30
e16_t31,4555.16,3442.06,0.0,P8,16,pre,31
e16_t32,4556.57,3443.43,0.0,P8,16,pre,32
e16_t33,4557.94,3444.84,0.0,P8,16,pre,33
e16_t34,4559.28,3446.28,0.1333,P8,16,pre,34
e16_t35,4560.58,3447.75,0.1333,P8,16,pre,35
e16_t36,4561.84,3449.25,0.2667,P8,16,pre,36
e16_t37,4563.07,3450.78,0.0,P8,16,pre,37
e16_t38,4564.26,3452.34,0.1333,P8,16,pre,38
e16_t39,4565.41,3453.94,0.2667,P8,16,pre,39
e16_t40,4566.52,3455.55,0.1333,P8,16,pre,40
e16_t41,4567.59,3457.2,0.1333,P8,16,pre,41
e16_t42,4568.62,3458.87,0.1333,P8,16,pre,42
e16_t43,4569.61,3460.57,0.2667,P8,16,pre,43
e16_t44,4570.55,3462.29,0.2667,P8,16,pre,44
e16_t45,4571.46,3464.03,0.6667,P8,16,pre,45
e16_t46,4572.32,3465.8,0.5333,P8,16,pre,46
e16_t47,4573.14,3467.58,0.4,P8,16,pre,47
e16_t48,4573.91,3469.39,0.4,P8,16,pre,48
e16_t49,4574.64,3471.21,0.4,P8,16,pre,49
e16_t50,4575.32,3473.05,0.6667,P8,16,pre,50
e16_t51,4575.96,3474.91,0.2667,P8,16,pre,51
e16_t52,4576.56,3476.78,0.1333,P8,16,pre,52
e16_t53,4577.1,3478.66,0.2667,P8,16,pre,53
e16_t54,4577.6,3480.56,0.4,P8,16,pre,54
e16_t55,4578.06,3482.47,0.5333,P8,16,pre,55
e16_t56,4578.46,3484.39,0.9333,P8,16,pre,56
e16_t57,4578.82,3486.32,0.9333,P8,16,pre,57
e16_t58,4579.13,3488.26,0.6667,P8,16,pre,58
e16_t59,4579.4,3490.21,0.9333,P8,16,pre,59
e16_t60,4579.61,3492.16,0.5333,P8,16,pre,60
e16_t61,4579.78,3494.11,0.4,P8,16,pre,61
e16_t62,4579.9,3496.07,0.4,P8,16,pre,62
e16_t63,4579.98,3498.04,0.4,P8,16,pre,63
e16_t64,4580.0,3500.0,0.4,P8,16,pre,64
e16_t65,4579.98,3501.96,0.6667,P8,16,pre,65
e16_t66,4579.9,3503.93,0.6667,P8,16,pre,66
e16_t67,4579.78,3505.89,0.4,P8,16,pre,67
e16_t68,4579.61,3507.84,0.1333,P8,16,pre,68
e16_t69,4579.4,3509.79,0.4,P8,16,pre,69
e16_t70,4579.13,3511.74,0.1333,P8,16,pre,70
e16_t71,4578.82,3513.68,0.2667,P8,16,pre,71
e16_t72,4578.46,3515.61,0.2667,P8,16,pre,72
e16_t73,4578.06,3517.53,0.4,P8,16,pre,73
e16_t74,4577.6,3519.44,0.4,P8,16,pre,74
e16_t75,4577.1,3521.34,0.6667,P8,16,pre,75
e16_t76,4576.56,3523.22,0.5333,P8,16,pre,76
e16_t77,4575.96,3525.09,0.4,P8,16,pre,77
e16_t78,4575.32,3526.95,0.8,P8,16,pre,78
e16_t79,4574.64,3528.79,0.6667,P8,16,pre,79
e16_t80,4573.91,3530.61,0.6667,P8,16,pre,80
e16_t81,4573.14,3532.42,0.5333,P8,16,pre,81
e16_t82,4572.32,3534.2,0.5333,P8,16,pre,82
e16_t83,4571.46,3535.97,0.1333,P8,16,pre,83
e16_t84,4570.55,3537.71,0.0,P8,16,pre,84
e16_t85,4569.61,3539.43,0.1333,P8,16,pre,85
e16_t86,4568.62,3541.13,0.1333,P8,16,pre,86
e16_t87,4567.59,3542.8,0.1333,P8,16,pre,87
e16_t88,4566.52,3544.45,0.1333,P8,16,pre,88
e16_t89,4565.41,3546.06,0.4,P8,16,pre,89
e16_t90,4564.26,3547.66,0.4,P8,16,pre,90
e16_t91,4563.07,3549.22,0.4,P8,16,pre,91
e16_t92,4561.84,3550.75,0.5333,P8,16,pre,92
e16_t93,4560.58,3552.25,0.8,P8,16,pre,93
e16_t94,4559.28,3553.72,0.8,P8,16,pre,94
e16_t95,4557.94,3555.16,0.9333,P8,16,pre,95
e16_t96,4556.57,3556.57,0.6667,P8,16,pre,96
e16_t97,4555.16,3557.94,0.6667,P8,16,pre,97
e16_t98,4553.72,3559.28,0.1333,P8,16,pre,98
e16_t99,4552.25,3560.58,0.4,P8,16,pre,99
e16_t100,4550.75,3561.84,0.4,P8,16,pre,100
e16_t101,4549.22,3563.07,0.4,P8,16,pre,101
e16_t102,4547.66,3564.26,0.5333,P8,16,pre,102
e16_t103,4546.06,3565.41,0.5333,P8,16,pre,103
e16_t104,4544.45,3566.52,0.5333,P8,16,pre,104
e16_t105,4542.8,3567.59,0.9333,P8,16,pre,105
e16_t106,4541.13,3568.62,0.6667,P8,16,pre,106
e16_t107,4539.43,3569.61,0.8,P8,16,pre,107
e16_t108,4537.71,3570.55,0.5333,P8,16,pre,108
e16_t109,4535.97,3571.46,0.8,P8,16,pre,109
e16_t110,4534.2,3572.32,0.6667,P8,16,pre,110
e16_t111,4532.42,3573.14,0.8,P8,16,pre,111
e16_t112,4530.61,3573.91,0.8,P8,16,pre,112
e16_t113,4528.79,3574.64,0.8,P8,16,pre,113
e16_t114,4526.95,3575.32,1.3333,P8,16,pre,114
e16_t115,4525.09,3575.96,1.0667,P8,16,pre,115
e16_t116,4523.22,3576.56,0.8,P8,16,pre,116
e16_t117,4521.34,3577.1,0.5333,P8,16,pre,117
e16_t118,4519.44,3577.6,0.6667,P8,16,pre,118
e16_t119,4517.53,3578.06,0.1333,P8,16,pre,119
e16_t120,4515.61,3578.46,0.0,P8,16,pre,120
e16_t121,4513.68,3578.82,0.0,P8,16,pre,121
e16_t122,4511.74,3579.13,0.1333,P8,16,pre,122
e16_t123,4509.79,3579.4,0.2667,P8,16,pre,123
e16_t124,4507.84,3579.61,0.9333,P8,16,pre,124
e16_t125,4505.89,3579.78,0.9333,P8,16,pre,125
e16_t126,4503.93,3579.9,1.2,P8,16,pre,126
e16_t127,4501.96,3579.98,0.8,P8,16,pre,127
e16_t128,4500.0,3580.0,0.1333,P8,16,pre,128
e16_t129,4498.04,3579.98,0.0,P8,16,pre,129
e16_t130,4496.07,3579.9,0.0,P8,16,pre,130
e16_t131,4494.11,3579.78,0.1333,P8,16,pre,131
e16_t132,4492.16,3579.61,0.6667,P8,16,pre,132
e16_t133,4490.21,3579.4,0.8,P8,16,pre,133
e16_t134,4488.26,3579.13,0.8,P8,16,pre,134
e16_t135,4486.32,3578.82,0.6667,P8,16,pre,135
e16_t136,4484.39,3578.46,0.5333,P8,16,pre,136
e16_t137,4482.47,3578.06,0.5333,P8,16,pre,137
e16_t138,4480.56,3577.6,0.6667,P8,16,pre,138
e16_t139,4478.66,3577.1,0.5333,P8,16,pre,139
e16_t140,4476.78,3576.56,0.4,P8,16,pre,140
e16_t141,4474.91,3575.96,0.4,P8,16,pre,141
e16_t142,4473.05,3575.32,0.2667,P8,16,pre,142
e16_t143,4471.21,3574.64,0.2667,P8,16,pre,143
e16_t144,4469.39,3573.91,0.4,P8,16,pre,144
e16_t145,4467.58,3573.14,0.8,P8,16,pre,145
e16_t146,4465.8,3572.32,0.6667,P8,16,pre,146
e16_t147,4464.03,3571.46,0.9333,P8,16,pre,147
e16_t148,4462.29,3570.55,0.5333,P8,16,pre,148
e16_t149,4460.57,3569.61,0.2667,P8,16,pre,149
e16_t150,4458.87,3568.62,0.0,P8,16,pre,150
e16_t151,4457.2,3567.59,0.0,P8,16,pre,151
e16_t152,4455.55,3566.52,0.1333,P8,16,pre,152
e16_t153,4453.94,3565.41,0.2667,P8,16,pre,153
e16_t154,4452.34,3564.26,0.4,P8,16,pre,154
e16_t155,4450.78,3563.07,0.2667,P8,16,pre,155
e16_t156,4449.25,3561.84,0.4,P8,16,pre,156
e16_t157,4447.75,3560.58,0.5333,P8,16,pre,157
e16_t158,4446.28,3559.28,0.1333,P8,16,pre,158
e16_t159,4444.84,3557.94,0.0,P8,16,pre,159
e16_t160,4443.43,3556.57,0.0,P8,16,pre,160
e16_t161,4442.06,3555.16,0.0,P8,16,pre,161
e16_t162,4440.72,3553.72,0.0,P8,16,pre,162
e16_t163,4439.42,3552.25,0.0,P8,16,pre,163
e16_t164,4438.16,3550.75,0.1333,P8,16,pre,164
e16_t165,4436.93,3549.22,0.0,P8,16,pre,165
e16_t166,4435.74,3547.66,0.0,P8,16,pre,166
e16_t167,4434.59,3546.06,0.1333,P8,16,pre,167
e16_t168,4433.48,3544.45,0.1333,P8,16,pre,168
e16_t169,4432.41,3542.8,0.2667,P8,16,pre,169
e16_t170,4431.38,3541.13,0.4,P8,16,pre,170
e16_t171,4430.39,3539.43,0.1333,P8,16,pre,171
e16_t172,4429.45,3537.71,0.0,P8,16,pre,172
e16_t173,4428.54,3535.97,0.0,P8,16,pre,173
e16_t174,4427.68,3534.2,0.2667,P8,16,pre,174
e16_t175,4426.86,3532.42,0.2667,P8,16,pre,175
e16_t176,4426.09,3530.61,0.4,P8,16,pre,176
e16_t177,4425.36,3528.79,0.8,P8,16,pre,177
e16_t178,4424.68,3526.95,0.4,P8,16,pre,178
e16_t179,4424.04,3525.09,0.2667,P8,16,pre,179
e16_t180,4423.44,3523.22,0.1333,P8,16,pre,180
e16_t181,4422.9,3521.34,0.2667,P8,16,pre,181
e16_t182,4422.4,3519.44,0.0,P8,16,pre,182
e16_t183,4421.94,3517.53,0.0,P8,16,pre,183
e16_t184,4421.54,3515.61,0.0,P8,16,pre,184
e16_t185,4421.18,3513.68,0.1333,P8,16,pre,185
e16_t186,4420.87,3511.74,0.4,P8,16,pre,186
e16_t187,4420.6,3509.79,0.2667,P8,16,pre,187
e16_t188,4420.39,3507.84,0.1333,P8,16,pre,188
e16_t189,4420.22,3505.89,0.2667,P8,16,pre,189
e16_t190,4420.1,3503.93,0.2667,P8,16,pre,190
e16_t191,4420.02,3501.96,0.4,P8,16,pre,191
e16_t192,4420.0,3500.0,0.1333,P8,16,pre,192
e16_t193,4420.02,3498.04,0.0,P8,16,pre,193
e16_t194,4420.1,3496.07,0.0,P8,16,pre,194
e16_t195,4420.22,3494.11,0.0,P8,16,pre,195
e16_t196,4420.39,3492.16,0.0,P8,16,pre,196
e16_t197,4420.6,3490.21,0.0,P8,16,pre,197
e16_t198,4420.87,3488.26,0.1333,P8,16,pre,198
e16_t199,4421.18,3486.32,0.0,P8,16,pre,199
e16_t200,4421.54,3484.39,0.0,P8,16,pre,200
e16_t201,4421.94,3482.47,0.0,P8,16,pre,201
e16_t202,4422.4,3480.56,0.0,P8,16,pre,202
e16_t203,4422.9,3478.66,0.1333,P8,16,pre,203
e16_t204,4423.44,3476.78,0.1333,P8,16,pre,204
e16_t205,4424.04,3474.91,0.5333,P8,16,pre,205
e16_t206,4424.68,3473.05,0.8,P8,16,pre,206
e16_t207,4425.36,3471.21,0.9333,P8,16,pre,207
e16_t208,4426.09,3469.39,0.6667,P8,16,pre,208
e16_t209,4426.86,3467.58,1.0667,P8,16,pre,209
e16_t210,4427.68,3465.8,0.6667,P8,16,pre,210
e16_t211,4428.54,3464.03,0.5333,P8,16,pre,211
e16_t212,4429.45,3462.29,0.5333,P8,16,pre,212
e16_t213,4430.39,3460.57,0.1333,P8,16,pre,213
e16_t214,4431.38,3458.87,0.0,P8,16,pre,214
e16_t215,4432.41,3457.2,0.4,P8,16,pre,215
e16_t216,4433.48,3455.55,0.5333,P8,16,pre,216
e16_t217,4434.59,3453.94,0.8,P8,16,pre,217
e16_t218,4435.74,3452.34,1.2,P8,16,pre,218
e16_t219,4436.93,3450.78,1.3333,P8,16,pre,219
e16_t220,4438.16,3449.25,1.0667,P8,16,pre,220
e16_t221,4439.42,3447.75,1.7333,P8,16,pre,221
e16_t222,4440.72,3446.28,0.9333,P8,16,pre,222
e16_t223,4442.06,3444.84,0.6667,P8,16,pre,223
e16_t224,4443.43,3443.43,0.5333,P8,16,pre,224
e16_t225,4444.84,3442.06,0.2667,P8,16,pre,225
e16_t226,4446.28,3440.72,0.1333,P8,16,pre,226
e16_t227,4447.75,3439.42,0.1333,P8,16,pre,227
e16_t228,4449.25,3438.16,0.4,P8,16,pre,228
e16_t229,4450.78,3436.93,0.4,P8,16,pre,229
e16_t230,4452.34,3435.74,0.5333,P8,16,pre,230
e16_t231,4453.94,3434.59,0.8,P8,16,pre,231
e16_t232,4455.55,3433.48,0.6667,P8,16,pre,232
e16_t233,4457.2,3432.41,0.6667,P8,16,pre,233
e16_t234,4458.87,3431.38,0.4,P8,16,pre,234
e16_t235,4460.57,3430.39,0.2667,P8,16,pre,235
e16_t236,4462.29,3429.45,0.6667,P8,16,pre,236
e16_t237,4464.03,3428.54,0.6667,P8,16,pre,237
e16_t238,4465.8,3427.68,0.6667,P8,16,pre,238
e16_t239,4467.58,3426.86,0.8,P8,16,pre,239
e16_t240,4469.39,3426.09,1.0667,P8,16,pre,240
e16_t241,4471.21,3425.36,0.9333,P8,16,pre,241
e16_t242,4473.05,3424.68,1.0667,P8,16,pre,242
e16_t243,4474.91,3424.04,0.5333,P8,16,pre,243
e16_t244,4476.78,3423.44,0.8,P8,16,pre,244
e16_t245,4478.66,3422.9,0.4,P8,16,pre,245
e16_t246,4480.56,3422.4,0.2667,P8,16,pre,246
e16_t247,4482.47,3421.94,0.2667,P8,16,pre,247
e16_t248,4484.39,3421.54,0.4,P8,16,pre,248
e16_t249,4486.32,3421.18,0.4,P8,16,pre,249
e16_t250,4488.26,3420.87,0.5333,P8,16,pre,250
e16_t251,4490.21,3420.6,0.2667,P8,16,pre,251
e16_t252,4492.16,3420.39,0.9333,P8,16,pre,252
e16_t253,4494.11,3420.22,1.6,P8,16,pre,253
e16_t254,4496.07,3420.1,1.3333,P8,16,pre,254
e16_t255,4498.04,3420.02,0.6667,P8,16,pre,255
e17_t0,1500.0,4170.0,0.1333,O1,17,pre,0
e17_t1,1501.96,4170.02,0.1333,O1,17,pre,1
e17_t2,1503.93,4170.1,0.0,O1,17,pre,2
e17_t3,1505.89,4170.22,0.1333,O1,17,pre,3
e17_t4,1507.84,4170.39,0.2667,O1,17,pre,4
e17_t5,1509.79,4170.6,0.9333,O1,17,pre,5
e17_t6,1511.74,4170.87,1.0667,O1,17,pre,6
e17_t7,1513.68,4171.18,0.9333,O1,17,pre,7
e17_t8,1515.61,4171.54,1.3333,O1,17,pre,8
e17_t9,1517.53,4171.94,0.8,O1,17,pre,9
e17_t10,1519.44,4172.4,0.2667,O1,17,pre,10
e17_t11,1521.34,4172.9,0.2667,O1,17,pre,11
e17_t12,1523.22,4173.44,0.6667,O1,17,pre,12
e17_t13,1525.09,4174.04,0.5333,O1,17,pre,13
e17_t14,1526.95,4174.68,1.2,O1,17,pre,14
e17_t15,1528.79,4175.36,0.6667,O1,17,pre,15
e17_t16,1530.61,4176.09,0.8,O1,17,pre,16
e17_t17,1532.42,4176.86,0.8,O1,17,pre,17
e17_t18,1534.2,4177.68,0.9333,O1,17,pre,18
e17_t19,1535.97,4178.54,0.8,O1,17,pre,19
e17_t20,1537.71,4179.45,0.6667,O1,17,pre,20
e17_t21,1539.43,4180.39,0.2667,O1,17,pre,21
e17_t22,1541.13,4181.38,0.6667,O1,17,pre,22
e17_t23,1542.8,4182.41,0.9333,O1,17,pre,23
e17_t24,1544.45,4183.48,1.4667,O1,17,pre,24
e17_t25,1546.06,4184.59,1.0667,O1,17,pre,25
e17_t26,1547.66,4185.74,0.8,O1,17,pre,26
e17_t27,1549.22,4186.93,0.9333,O1,17,pre,27
e17_t28,1550.75,4188.16,0.8,O1,17,pre,28
e17_t29,1552.25,4189.42,0.6667,O1,17,pre,29
e17_t30,1553.72,4190.72,0.2667,O1,17,pre,30
e17_t31,1555.16,4192.06,0.1333,O1,17,pre,31
e17_t32,1556.57,4193.43,0.4,O1,17,pre,32
e17_t33,1557.94,4194.84,0.6667,O1,17,pre,33
e17_t34,1559.28,4196.28,0.4,O1,17,pre,34
e17_t35,1560.58,4197.75,0.2667,O1,17,pre,35
e17_t36,1561.84,4199.25,0.4,O1,17,pre,36
e17_t37,1563.07,4200.78,0.2667,O1,17,pre,37
e17_t38,1564.26,4202.34,0.0,O1,17,pre,38
e17_t39,1565.41,4203.94,0.1333,O1,17,pre,39
e17_t40,1566.52,4205.55,0.2667,O1,17,pre,40
e17_t41,1567.59,4207.2,0.2667,O1,17,pre,41
e17_t42,1568.62,4208.87,0.2667,O1,17,pre,42
e17_t43,1569.61,4210.57,0.5333,O1,17,pre,43
e17_t44,1570.55,4212.29,0.8,O1,17,pre,44
e17_t45,1571.46,4214.03,0.6667,O1,17,pre,45
e17_t46,1572.32,4215.8,0.8,O1,17,pre,46
e17_t47,1573.14,4217.58,0.5333,O1,17,pre,47
e17_t48,1573.91,4219.39,0.2667,O1,17,pre,48
e17_t49,1574.64,4221.21,0.1333,O1,17,pre,49
e17_t50,1575.32,4223.05,0.4,O1,17,pre,50
e17_t51,1575.96,4224.91,0.5333,O1,17,pre,51
e17_t52,1576.56,4226.78,0.1333,O1,17,pre,52
e17_t53,1577.1,4228.66,0.5333,O1,17,pre,53
e17_t54,1577.6,4230.56,0.4,O1,17,pre,54
e17_t55,1578.06,4232.47,0.4,O1,17,pre,55
e17_t56,1578.46,4234.39,0.5333,O1,17,pre,56
e17_t57,1578.82,4236.32,0.5333,O1,17,pre,57
e17_t58,1579.13,4238.26,0.8,O1,17,pre,58
e17_t59,1579.4,4240.21,0.5333,O1,17,pre,59
e17_t60,1579.61,4242.16,0.5333,O1,17,pre,60
e17_t61,1579.78,4244.11,0.2667,O1,17,pre,61
e17_t62,1579.9,4246.07,0.2667,O1,17,pre,62
e17_t63,1579.98,4248.04,0.2667,O1,17,pre,63
e17_t64,1580.0,4250.0,0.2667,O1,17,pre,64
e17_t65,1579.98,4251.96,0.5333,O1,17,pre,65
e17_t66,1579.9,4253.93,0.4,O1,17,pre,66
e17_t67,1579.78,4255.89,0.4,O1,17,pre,67
e17_t68,1579.61,4257.84,0.2667,O1,17,pre,68
e17_t69,1579.4,4259.79,0.4,O1,17,pre,69
e17_t70,1579.13,4261.74,0.1333,O1,17,pre,70
e17_t71,1578.82,4263.68,0.1333,O1,17,pre,71
e17_t72,1578.46,4265.61,0.2667,O1,17,pre,72
e17_t73,1578.06,4267.53,0.4,O1,17,pre,73
e17_t74,1577.6,4269.44,0.2667,O1,17,pre,74
e17_t75,1577.1,4271.34,0.2667,O1,17,pre,75
e17_t76,1576.56,4273.22,0.2667,O1,17,pre,76
e17_t77,1575.96,4275.09,0.1333,O1,17,pre,77
e17_t78,1575.32,4276.95,0.0,O1,17,pre,78
e17_t79,1574.64,4278.79,0.2667,O1,17,pre,79
e17_t80,1573.91,4280.61,0.2667,O1,17,pre,80
e17_t81,1573.14,4282.42,0.4,O1,17,pre,81
e17_t82,1572.32,4284.2,0.5333,O1,17,pre,82
e17_t83,1571.46,4285.97,0.4,O1,17,pre,83
e17_t84,1570.55,4287.71,0.4,O1,17,pre,84
e17_t85,1569.61,4289.43,0.2667,O1,17,pre,85
e17_t86,1568.62,4291.13,0.2667,O1,17,pre,86
e17_t87,1567.59,4292.8,0.6667,O1,17,pre,87
e17_t88,1566.52,4294.45,0.1333,O1,17,pre,88
e17_t89,1565.41,4296.06,0.1333,O1,17,pre,89
e17_t90,1564.26,4297.66,0.1333,O1,17,pre,90
e17_t91,1563.07,4299.22,0.2667,O1,17,pre,91
e17_t92,1561.84,4300.75,0.8,O1,17,pre,92
e17_t93,1560.58,4302.25,1.0667,O1,17,pre,93
e17_t94,1559.28,4303.72,1.0667,O1,17,pre,94
e17_t95,1557.94,4305.16,0.6667,O1,17,pre,95
e17_t96,1556.57,4306.57,0.5333,O1,17,pre,96
e17_t97,1555.16,4307.94,0.4,O1,17,pre,97
e17_t98,1553.72,4309.28,0.4,O1,17,pre,98
e17_t99,1552.25,4310.58,0.4,O1,17,pre,99
e17_t100,1550.75,4311.84,0.5333,O1,17,pre,100
e17_t101,1549.22,4313.07,0.5333,O1,17,pre,101
e17_t102,1547.66,4314.26,0.5333,O1,17,pre,102
e17_t103,1546.06,4315.41,0.1333,O1,17,pre,103
e17_t104,1544.45,4316.52,0.2667,O1,17,pre,104
e17_t105,1542.8,4317.59,0.4,O1,17,pre,105
e17_t106,1541.13,4318.62,0.4,O1,17,pre,106
e17_t107,1539.43,4319.61,0.4,O1,17,pre,107
e17_t108,1537.71,4320.55,0.5333,O1,17,pre,108
e17_t109,1535.97,4321.46,0.5333,O1,17,pre,109
e17_t110,1534.2,4322.32,0.2667,O1,17,pre,110
e17_t111,1532.42,4323.14,0.1333,O1,17,pre,111
e17_t112,1530.61,4323.91,0.0,O1,17,pre,112
e17_t113,1528.79,4324.64,0.4,O1,17,pre,113
e17_t114,1526.95,4325.32,0.5333,O1,17,pre,114
e17_t115,1525.09,4325.96,0.4,O1,17,pre,115
e17_t116,1523.22,4326.56,0.4,O1,17,pre,116
e17_t117,1521.34,4327.1,0.5333,O1,17,pre,117
e17_t118,1519.44,4327.6,0.2667,O1,17,pre,118
e17_t119,1517.53,4328.06,0.4,O1,17,pre,119
e17_t120,1515.61,4328.46,0.4,O1,17,pre,120
e17_t121,1513.68,4328.82,0.1333,O1,17,pre,121
e17_t122,1511.74,4329.13,0.0,O1,17,pre,122
e17_t123,1509.79,4329.4,0.0,O1,17,pre,123
e17_t124,1507.84,4329.61,0.2667,O1,17,pre,124
e17_t125,1505.89,4329.78,0.5333,O1,17,pre,125
e17_t126,1503.93,4329.9,0.2667,O1,17,pre,126
e17_t127,1501.96,4329.98,0.0,O1,17,pre,127
e17_t128,1500.0,4330.0,0.0,O1,17,pre,128
e17_t129,1498.04,4329.98,0.0,O1,17,pre,129
e17_t130,1496.07,4329.9,0.0,O1,17,pre,130
e17_t131,1494.11,4329.78,0.0,O1,17,pre,131
e17_t132,1492.16,4329.61,0.0,O1,17,pre,132
e17_t133,1490.21,4329.4,0.1333,O1,17,pre,133
e17_t134,1488.26,4329.13,0.2667,O1,17,pre,134
e17_t135,1486.32,4328.82,0.4,O1,17,pre,135
e17_t136,1484.39,4328.46,0.1333,O1,17,pre,136
e17_t137,1482.47,4328.06,0.0,O1,17,pre,137
e17_t138,1480.56,4327.6,0.0,O1,17,pre,138
e17_t139,1478.66,4327.1,0.0,O1,17,pre,139
e17_t140,1476.78,4326.56,0.0,O1,17,pre,140
e17_t141,1474.91,4325.96,0.0,O1,17,pre,141
e17_t142,1473.05,4325.32,0.0,O1,17,pre,142
e17_t143,1471.21,4324.64,0.1333,O1,17,pre,143
e17_t144,1469.39,4323.91,0.0,O1,17,pre,144
e17_t145,1467.58,4323.14,0.0,O1,17,pre,145
e17_t146,1465.8,4322.32,0.0,O1,17,pre,146
e17_t147,1464.03,4321.46,0.1333,O1,17,pre,147
e17_t148,1462.29,4320.55,0.0,O1,17,pre,148
e17_t149,1460.57,4319.61,0.1333,O1,17,pre,149
e17_t150,1458.87,4318.62,0.2667,O1,17,pre,150
e17_t151,1457.2,4317.59,0.5333,O1,17,pre,151
e17_t152,1455.55,4316.52,0.2667,O1,17,pre,152
e17_t153,1453.94,4315.41,0.4,O1,17,pre,153
e17_t154,1452.34,4314.26,0.2667,O1,17,pre,154
e17_t155,1450.78,4313.07,0.2667,O1,17,pre,155
e17_t156,1449.25,4311.84,0.0,O1,17,pre,156
e17_t157,1447.75,4310.58,0.0,O1,17,pre,157
e17_t158,1446.28,4309.28,0.1333,O1,17,pre,158
e17_t159,1444.84,4307.94,0.2667,O1,17,pre,159
e17_t160,1443.43,4306.57,0.2667,O1,17,pre,160
e17_t161,1442.06,4305.16,0.0,O1,17,pre,161
e17_t162,1440.72,4303.72,0.1333,O1,17,pre,162
e17_t163,1439.42,4302.25,0.4,O1,17,pre,163
e17_t164,1438.16,4300.75,0.4,O1,17,pre,164
e17_t165,1436.93,4299.22,0.9333,O1,17,pre,165
e17_t166,1435.74,4297.66,0.6667,O1,17,pre,166
e17_t167,1434.59,4296.06,0.2667,O1,17,pre,167
e17_t168,1433.48,4294.45,0.4,O1,17,pre,168
e17_t169,1432.41,4292.8,0.2667,O1,17,pre,169
e17_t170,1431.38,4291.13,0.5333,O1,17,pre,170
e17_t171,1430.39,4289.43,0.6667,O1,17,pre,171
e17_t172,1429.45,4287.71,0.6667,O1,17,pre,172
e17_t173,1428.54,4285.97,0.6667,O1,17,pre,173
e17_t174,1427.68,4284.2,0.2667,O1,17,pre,174
e17_t175,1426.86,4282.42,0.1333,O1,17,pre,175
e17_t176,1426.09,4280.61,0.2667,O1,17,pre,176
e17_t177,1425.36,4278.79,0.9333,O1,17,pre,177
e17_t178,1424.68,4276.95,1.0667,O1,17,pre,178
e17_t179,1424.04,4275.09,0.9333,O1,17,pre,179
e17_t180,1423.44,4273.22,0.5333,O1,17,pre,180
e17_t181,1422.9,4271.34,0.6667,O1,17,pre,181
e17_t182,1422.4,4269.44,0.6667,O1,17,pre,182
e17_t183,1421.94,4267.53,0.4,O1,17,pre,183
e17_t184,1421.54,4265.61,0.4,O1,17,pre,184
e17_t185,1421.18,4263.68,0.1333,O1,17,pre,185
e17_t186,1420.87,4261.74,0.1333,O1,17,pre,186
e17_t187,1420.6,4259.79,0.2667,O1,17,pre,187
e17_t188,1420.39,4257.84,0.2667,O1,17,pre,188
e17_t189,1420.22,4255.89,0.6667,O1,17,pre,189
e17_t190,1420.1,4253.93,0.8,O1,17,pre,190
e17_t191,1420.02,4251.96,0.8,O1,17,pre,191
e17_t192,1420.0,4250.0,0.9333,O1,17,pre,192
e17_t193,1420.02,4248.04,0.9333,O1,17,pre,193
e17_t194,1420.1,4246.07,1.0667,O1,17,pre,194
e17_t195,1420.22,4244.11,0.6667,O1,17,pre,195
e17_t196,1420.39,4242.16,0.5333,O1,17,pre,196
e17_t197,1420.6,4240.21,0.9333,O1,17,pre,197
e17_t198,1420.87,4238.26,0.9333,O1,17,pre,198
e17_t199,1421.18,4236.32,0.9333,O1,17,pre,199
e17_t200,1421.54,4234.39,0.5333,O1,17,pre,200
e17_t201,1421.94,4232.47,0.5333,O1,17,pre,201
e17_t202,1422.4,4230.56,0.6667,O1,17,pre,202
e17_t203,1422.9,4228.66,0.8,O1,17,pre,203
e17_t204,1423.44,4226.78,1.2,O1,17,pre,204
e17_t205,1424.04,4224.91,1.0667,O1,17,pre,205
e17_t206,1424.68,4223.05,0.6667,O1,17,pre,206
e17_t207,1425.36,4221.21,0.4,O1,17,pre,207
e17_t208,1426.09,4219.39,0.5333,O1,17,pre,208
e17_t209,1426.86,4217.58,0.6667,O1,17,pre,209
e17_t210,1427.68,4215.8,0.8,O1,17,pre,210
e17_t211,1428.54,4214.03,0.5333,O1,17,pre,211
e17_t212,1429.45,4212.29,0.6667,O1,17,pre,212
e17_t213,1430.39,4210.57,0.4,O1,17,pre,213
e17_t214,1431.38,4208.87,0.8,O1,17,pre,214
e17_t215,1432.41,4207.2,0.8,O1,17,pre,215
e17_t216,1433.48,4205.55,0.6667,O1,17,pre,216
e17_t217,1434.59,4203.94,0.2667,O1,17,pre,217
e17_t218,1435.74,4202.34,0.2667,O1,17,pre,218
e17_t219,1436.93,4200.78,0.6667,O1,17,pre,219
e17_t220,1438.16,4199.25,0.8,O1,17,pre,220
e17_t221,1439.42,4197.75,1.2,O1,17,pre,221
e17_t222,1440.72,4196.28,1.2,O1,17,pre,222
e17_t223,1442.06,4194.84,1.2,O1,17,pre,223
e17_t224,1443.43,4193.43,1.0667,O1,17,pre,224
e17_t225,1444.84,4192.06,0.6667,O1,17,pre,225
e17_t226,1446.28,4190.72,0.5333,O1,17,pre,226
e17_t227,1447.75,4189.42,0.1333,O1,17,pre,227
e17_t228,1449.25,4188.16,0.1333,O1,17,pre,228
e17_t229,1450.78,4186.93,0.2667,O1,17,pre,229
e17_t230,1452.34,4185.74,0.5333,O1,17,pre,230
e17_t231,1453.94,4184.59,0.9333,O1,17,pre,231
e17_t232,1455.55,4183.48,0.9333,O1,17,pre,232
e17_t233,1457.2,4182.41,0.6667,O1,17,pre,233
e17_t234,1458.87,4181.38,0.6667,O1,17,pre,234
e17_t235,1460.57,4180.39,0.8,O1,17,pre,235
e17_t236,1462.29,4179.45,0.5333,O1,17,pre,236
e17_t237,1464.03,4178.54,0.0,O1,17,pre,237
e17_t238,1465.8,4177.68,0.1333,O1,17,pre,238
e17_t239,1467.58,4176.86,0.6667,O1,17,pre,239
e17_t240,1469.39,4176.09,0.5333,O1,17,pre,240
e17_t241,1471.21,4175.36,0.8,O1,17,pre,241
e17_t242,1473.05,4174.68,0.9333,O1,17,pre,242
e17_t243,1474.91,4174.04,0.5333,O1,17,pre,243
e17_t244,1476.78,4173.44,0.8,O1,17,pre,244
e17_t245,1478.66,4172.9,0.5333,O1,17,pre,245
e17_t246,1480.56,4172.4,0.1333,O1,17,pre,246
e17_t247,1482.47,4171.94,0.0,O1,17,pre,247
e17_t248,1484.39,4171.54,0.1333,O1,17,pre,248
e17_t249,1486.32,4171.18,0.9333,O1,17,pre,249
e17_t250,1488.26,4170.87,1.0667,O1,17,pre,250
e17_t251,1490.21,4170.6,1.0667,O1,17,pre,251
e17_t252,1492.16,4170.39,1.2,O1,17,pre,252
e17_t253,1494.11,4170.22,1.2,O1,17,pre,253
e17_t254,1496.07,4170.1,0.8,O1,17,pre,254
e17_t255,1498.04,4170.02,0.5333,O1,17,pre,255
e18_t0,2500.0,4020.0,0.0,OZ,18,pre,0
e18_t1,2501.96,4020.02,0.0,OZ,18,pre,1
e18_t2,2503.93,4020.1,0.0,OZ,18,pre,2
e18_t3,2505.89,4020.22,0.0,OZ,18,pre,3
e18_t4,2507.84,4020.39,0.0,OZ,18,pre,4
e18_t5,2509.79,4020.6,0.0,OZ,18,pre,5
e18_t6,2511.74,4020.87,0.0,OZ,18,pre,6
e18_t7,2513.68,4021.18,0.0,OZ,18,pre,7
e18_t8,2515.61,4021.54,0.1333,OZ,18,pre,8
e18_t9,2517.53,4021.94,0.1333,OZ,18,pre,9
e18_t10,2519.44,4022.4,0.0,OZ,18,pre,10
e18_t11,2521.34,4022.9,0.0,OZ,18,pre,11
e18_t12,2523.22,4023.44,0.0,OZ,18,pre,12
e18_t13,2525.09,4024.04,0.0,OZ,18,pre,13
e18_t14,2526.95,4024.68,0.0,OZ,18,pre,14
e18_t15,2528.79,4025.36,0.0,OZ,18,pre,15
e18_t16,2530.61,4026.09,0.0,OZ,18,pre,16
e18_t17,2532.42,4026.86,0.0,OZ,18,pre,17
e18_t18,2534.2,4027.68,0.0,OZ,18,pre,18
e18_t19,2535.97,4028.54,0.0,OZ,18,pre,19
e18_t20,2537.71,4029.45,0.0,OZ,18,pre,20
e18_t21,2539.43,4030.39,0.0,OZ,18,pre,21
e18_t22,2541.13,4031.38,0.1333,OZ,18,pre,22
e18_t23,2542.8,4032.41,0.4,OZ,18,pre,23
e18_t24,2544.45,4033.48,0.5333,OZ,18,pre,24
e18_t25,2546.06,4034.59,0.2667,OZ,18,pre,25
e18_t26,2547.66,4035.74,0.1333,OZ,18,pre,26
e18_t27,2549.22,4036.93,0.0,OZ,18,pre,27
e18_t28,2550.75,4038.16,0.0,OZ,18,pre,28
e18_t29,2552.25,4039.42,0.0,OZ,18,pre,29
e18_t30,2553.72,4040.72,0.0,OZ,18,pre,30
e18_t31,2555.16,4042.06,0.0,OZ,18,pre,31
e18_t32,2556.57,4043.43,0.0,OZ,18,pre,32
e18_t33,2557.94,4044.84,0.1333,OZ,18,pre,33
e18_t34,2559.28,4046.28,0.2667,OZ,18,pre,34
e18_t35,2560.58,4047.75,0.2667,OZ,18,pre,35
e18_t36,2561.84,4049.25,0.1333,OZ,18,pre,36
e18_t37,2563.07,4050.78,0.1333,OZ,18,pre,37
e18_t38,2564.26,4052.34,0.2667,OZ,18,pre,38
e18_t39,2565.41,4053.94,0.2667,OZ,18,pre,39
e18_t40,2566.52,4055.55,0.0,OZ,18,pre,40
e18_t41,2567.59,4057.2,0.1333,OZ,18,pre,41
e18_t42,2568.62,4058.87,0.0,OZ,18,pre,42
e18_t43,2569.61,4060.57,0.0,OZ,18,pre,43
e18_t44,2570.55,4062.29,0.0,OZ,18,pre,44
e18_t45,2571.46,4064.03,0.1333,OZ,18,pre,45
e18_t46,2572.32,4065.8,0.2667,OZ,18,pre,46
e18_t47,2573.14,4067.58,0.2667,OZ,18,pre,47
e18_t48,2573.91,4069.39,0.2667,OZ,18,pre,48
e18_t49,2574.64,4071.21,0.2667,OZ,18,pre,49
e18_t50,2575.32,4073.05,0.4,OZ,18,pre,50
e18_t51,2575.96,4074.91,0.2667,OZ,18,pre,51
e18_t52,2576.56,4076.78,0.1333,OZ,18,pre,52
e18_t53,2577.1,4078.66,0.2667,OZ,18,pre,53
e18_t54,2577.6,4080.56,0.0,OZ,18,pre,54
e18_t55,2578.06,4082.47,0.0,OZ,18,pre,55
e18_t56,2578.46,4084.39,0.0,OZ,18,pre,56
e18_t57,2578.82,4086.32,0.0,OZ,18,pre,57
e18_t58,2579.13,4088.26,0.2667,OZ,18,pre,58
e18_t59,2579.4,4090.21,0.1333,OZ,18,pre,59
e18_t60,2579.61,4092.16,0.2667,OZ,18,pre,60
e18_t61,2579.78,4094.11,0.4,OZ,18,pre,61
e18_t62,2579.9,4096.07,0.1333,OZ,18,pre,62
e18_t63,2579.98,4098.04,0.0,OZ,18,pre,63
e18_t64,2580.0,4100.0,0.1333,OZ,18,pre,64
e18_t65,2579.98,4101.96,0.2667,OZ,18,pre,65
e18_t66,2579.9,4103.93,0.1333,OZ,18,pre,66
e18_t67,2579.78,4105.89,0.0,OZ,18,pre,67
e18_t68,2579.61,4107.84,0.0,OZ,18,pre,68
e18_t69,2579.4,4109.79,0.1333,OZ,18,pre,69
e18_t70,2579.13,4111.74,0.0,OZ,18,pre,70
e18_t71,2578.82,4113.68,0.0,OZ,18,pre,71
e18_t72,2578.46,4115.61,0.2667,OZ,18,pre,72
e18_t73,2578.06,4117.53,0.4,OZ,18,pre,73
e18_t74,2577.6,4119.44,0.2667,OZ,18,pre,74
e18_t75,2577.1,4121.34,0.4,OZ,18,pre,75
e18_t76,2576.56,4123.22,0.2667,OZ,18,pre,76
e18_t77,2575.96,4125.09,0.1333,OZ,18,pre,77
e18_t78,2575.32,4126.95,0.0,OZ,18,pre,78
e18_t79,2574.64,4128.79,0.0,OZ,18,pre,79
e18_t80,2573.91,4130.61,0.1333,OZ,18,pre,80
e18_t81,2573.14,4132.42,0.4,OZ,18,pre,81
e18_t82,2572.32,4134.2,0.5333,OZ,18,pre,82
e18_t83,2571.46,4135.97,0.2667,OZ,18,pre,83
e18_t84,2570.55,4137.71,0.1333,OZ,18,pre,84
e18_t85,2569.61,4139.43,0.1333,OZ,18,pre,85
e18_t86,2568.62,4141.13,0.0,OZ,18,pre,86
e18_t87,2567.59,4142.8,0.1333,OZ,18,pre,87
e18_t88,2566.52,4144.45,0.2667,OZ,18,pre,88
e18_t89,2565.41,4146.06,0.5333,OZ,18,pre,89
e18_t90,2564.26,4147.66,0.4,OZ,18,pre,90
e18_t91,2563.07,4149.22,0.4,OZ,18,pre,91
e18_t92,2561.84,4150.75,0.1333,OZ,18,pre,92
e18_t93,2560.58,4152.25,0.2667,OZ,18,pre,93
e18_t94,2559.28,4153.72,0.0,OZ,18,pre,94
e18_t95,2557.94,4155.16,0.1333,OZ,18,pre,95
e18_t96,2556.57,4156.57,0.0,OZ,18,pre,96
e18_t97,2555.16,4157.94,0.0,OZ,18,pre,97
e18_t98,2553.72,4159.28,0.0,OZ,18,pre,98
e18_t99,2552.25,4160.58,0.1333,OZ,18,pre,99
e18_t100,2550.75,4161.84,0.2667,OZ,18,pre,100
e18_t101,2549.22,4163.07,0.4,OZ,18,pre,101
e18_t102,2547.66,4164.26,0.6667,OZ,18,pre,102
e18_t103,2546.06,4165.41,0.5333,OZ,18,pre,103
e18_t104,2544.45,4166.52,0.1333,OZ,18,pre,104
e18_t105,2542.8,4167.59,0.0,OZ,18,pre,105
e18_t106,2541.13,4168.62,0.0,OZ,18,pre,106
e18_t107,2539.43,4169.61,0.1333,OZ,18,pre,107
e18_t108,2537.71,4170.55,0.0,OZ,18,pre,108
e18_t109,2535.97,4171.46,0.0,OZ,18,pre,109
e18_t110,2534.2,4172.32,0.0,OZ,18,pre,110
e18_t111,2532.42,4173.14,0.0,OZ,18,pre,111
e18_t112,2530.61,4173.91,0.0,OZ,18,pre,112
e18_t113,2528.79,4174.64,0.0,OZ,18,pre,113
e18_t114,2526.95,4175.32,0.1333,OZ,18,pre,114
e18_t115,2525.09,4175.96,0.0,OZ,18,pre,115
e18_t116,2523.22,4176.56,0.2667,OZ,18,pre,116
e18_t117,2521.34,4177.1,0.2667,OZ,18,pre,117
e18_t118,2519.44,4177.6,0.2667,OZ,18,pre,118
e18_t119,2517.53,4178.06,0.2667,OZ,18,pre,119
e18_t120,2515.61,4178.46,0.2667,OZ,18,pre,120
e18_t121,2513.68,4178.82,0.4,OZ,18,pre,121
e18_t122,2511.74,4179.13,0.4,OZ,18,pre,122
e18_t123,2509.79,4179.4,0.2667,OZ,18,pre,123
e18_t124,2507.84,4179.61,0.2667,OZ,18,pre,124
e18_t125,2505.89,4179.78,0.2667,OZ,18,pre,125
e18_t126,2503.93,4179.9,0.5333,OZ,18,pre,126
e18_t127,2501.96,4179.98,0.5333,OZ,18,pre,127
e18_t128,2500.0,4180.0,0.2667,OZ,18,pre,128
e18_t129,2498.04,4179.98,0.1333,OZ,18,pre,129
e18_t130,2496.07,4179.9,0.2667,OZ,18,pre,130
e18_t131,2494.11,4179.78,0.2667,OZ,18,pre,131
e18_t132,2492.16,4179.61,0.5333,OZ,18,pre,132
e18_t133,2490.21,4179.4,0.2667,OZ,18,pre,133
e18_t134,2488.26,4179.13,0.2667,OZ,18,pre,134
e18_t135,2486.32,4178.82,0.0,OZ,18,pre,135
e18_t136,2484.39,4178.46,0.0,OZ,18,pre,136
e18_t137,2482.47,4178.06,0.1333,OZ,18,pre,137
e18_t138,2480.56,4177.6,0.1333,OZ,18,pre,138
e18_t139,2478.66,4177.1,0.0,OZ,18,pre,139
e18_t140,2476.78,4176.56,0.0,OZ,18,pre,140
e18_t141,2474.91,4175.96,0.1333,OZ,18,pre,141
e18_t142,2473.05,4175.32,0.0,OZ,18,pre,142
e18_t143,2471.21,4174.64,0.0,OZ,18,pre,143
e18_t144,2469.39,4173.91,0.1333,OZ,18,pre,144
e18_t145,2467.58,4173.14,0.2667,OZ,18,pre,145
e18_t146,2465.8,4172.32,0.4,OZ,18,pre,146
e18_t147,2464.03,4171.46,0.1333,OZ,18,pre,147
e18_t148,2462.29,4170.55,0.1333,OZ,18,pre,148
e18_t149,2460.57,4169.61,0.2667,OZ,18,pre,149
e18_t150,2458.87,4168.62,0.4,OZ,18,pre,150
e18_t151,2457.2,4167.59,0.4,OZ,18,pre,151
e18_t152,2455.55,4166.52,0.2667,OZ,18,pre,152
e18_t153,2453.94,4165.41,0.2667,OZ,18,pre,153
e18_t154,2452.34,4164.26,0.1333,OZ,18,pre,154
e18_t155,2450.78,4163.07,0.0,OZ,18,pre,155
e18_t156,2449.25,4161.84,0.0,OZ,18,pre,156
e18_t157,2447.75,4160.58,0.0,OZ,18,pre,157
e18_t158,2446.28,4159.28,0.0,OZ,18,pre,158
e18_t159,2444.84,4157.94,0.0,OZ,18,pre,159
e18_t160,2443.43,4156.57,0.0,OZ,18,pre,160
e18_t161,2442.06,4155.16,0.0,OZ,18,pre,161
e18_t162,2440.72,4153.72,0.0,OZ,18,pre,162
e18_t163,2439.42,4152.25,0.0,OZ,18,pre,163
e18_t164,2438.16,4150.75,0.0,OZ,18,pre,164
e18_t165,2436.93,4149.22,0.0,OZ,18,pre,165
e18_t166,2435.74,4147.66,0.0,OZ,18,pre,166
e18_t167,2434.59,4146.06,0.0,OZ,18,pre,167
e18_t168,2433.48,4144.45,0.0,OZ,18,pre,168
e18_t169,2432.41,4142.8,0.0,OZ,18,pre,169
e18_t170,2431.38,4141.13,0.0,OZ,18,pre,170
e18_t171,2430.39,4139.43,0.0,OZ,18,pre,171
e18_t172,2429.45,4137.71,0.1333,OZ,18,pre,172
e18_t173,2428.54,4135.97,0.2667,OZ,18,pre,173
e18_t174,2427.68,4134.2,0.1333,OZ,18,pre,174
e18_t175,2426.86,4132.42,0.0,OZ,18,pre,175
e18_t176,2426.09,4130.61,0.0,OZ,18,pre,176
e18_t177,2425.36,4128.79,0.0,OZ,18,pre,177
e18_t178,2424.68,4126.95,0.0,OZ,18,pre,178
e18_t179,2424.04,4125.09,0.0,OZ,18,pre,179
e18_t180,2423.44,4123.22,0.0,OZ,18,pre,180
e18_t181,2422.9,4121.34,0.0,OZ,18,pre,181
e18_t182,2422.4,4119.44,0.0,OZ,18,pre,182
e18_t183,2421.94,4117.53,0.0,OZ,18,pre,183
e18_t184,2421.54,4115.61,0.0,OZ,18,pre,184
e18_t185,2421.18,4113.68,0.0,OZ,18,pre,185
e18_t186,2420.87,4111.74,0.0,OZ,18,pre,186
e18_t187,2420.6,4109.79,0.0,OZ,18,pre,187
e18_t188,2420.39,4107.84,0.0,OZ,18,pre,188
e18_t189,2420.22,4105.89,0.0,OZ,18,pre,189
e18_t190,2420.1,4103.93,0.0,OZ,18,pre,190
e18_t191,2420.02,4101.96,0.1333,OZ,18,pre,191
e18_t192,2420.0,4100.0,0.4,OZ,18,pre,192
e18_t193,2420.02,4098.04,0.2667,OZ,18,pre,193
e18_t194,2420.1,4096.07,0.2667,OZ,18,pre,194
e18_t195,2420.22,4094.11,0.2667,OZ,18,pre,195
e18_t196,2420.39,4092.16,0.2667,OZ,18,pre,196
e18_t197,2420.6,4090.21,0.5333,OZ,18,pre,197
e18_t198,2420.87,4088.26,0.1333,OZ,18,pre,198
e18_t199,2421.18,4086.32,0.0,OZ,18,pre,199
e18_t200,2421.54,4084.39,0.1333,OZ,18,pre,200
e18_t201,2421.94,4082.47,0.0,OZ,18,pre,201
e18_t202,2422.4,4080.56,0.2667,OZ,18,pre,202
e18_t203,2422.9,4078.66,0.0,OZ,18,pre,203
e18_t204,2423.44,4076.78,0.1333,OZ,18,pre,204
e18_t205,2424.04,4074.91,0.4,OZ,18,pre,205
e18_t206,2424.68,4073.05,0.2667,OZ,18,pre,206
e18_t207,2425.36,4071.21,0.1333,OZ,18,pre,207
e18_t208,2426.09,4069.39,0.0,OZ,18,pre,208
e18_t209,2426.86,4067.58,0.0,OZ,18,pre,209
e18_t210,2427.68,4065.8,0.0,OZ,18,pre,210
e18_t211,2428.54,4064.03,0.0,OZ,18,pre,211
e18_t212,2429.45,4062.29,0.0,OZ,18,pre,212
e18_t213,2430.39,4060.57,0.1333,OZ,18,pre,213
e18_t214,2431.38,4058.87,0.1333,OZ,18,pre,214
e18_t215,2432.41,4057.2,0.1333,OZ,18,pre,215
e18_t216,2433.48,4055.55,0.0,OZ,18,pre,216
e18_t217,2434.59,4053.94,0.1333,OZ,18,pre,217
e18_t218,2435.74,4052.34,0.0,OZ,18,pre,218
e18_t219,2436.93,4050.78,0.0,OZ,18,pre,219
e18_t220,2438.16,4049.25,0.0,OZ,18,pre,220
e18_t221,2439.42,4047.75,0.1333,OZ,18,pre,221
e18_t222,2440.72,4046.28,0.2667,OZ,18,pre,222
e18_t223,2442.06,4044.84,0.5333,OZ,18,pre,223
e18_t224,2443.43,4043.43,0.4,OZ,18,pre,224
e18_t225,2444.84,4042.06,0.1333,OZ,18,pre,225
e18_t226,2446.28,4040.72,0.0,OZ,18,pre,226
e18_t227,2447.75,4039.42,0.0,OZ,18,pre,227
e18_t228,2449.25,4038.16,0.0,OZ,18,pre,228
e18_t229,2450.78,4036.93,0.0,OZ,18,pre,229
e18_t230,2452.34,4035.74,0.1333,OZ,18,pre,230
e18_t231,2453.94,4034.59,0.0,OZ,18,pre,231
e18_t232,2455.55,4033.48,0.0,OZ,18,pre,232
e18_t233,2457.2,4032.41,0.0,OZ,18,pre,233
e18_t234,2458.87,4031.38,0.0,OZ,18,pre,234
e18_t235,2460.57,4030.39,0.0,OZ,18,pre,235
e18_t236,2462.29,4029.45,0.1333,OZ,18,pre,236
e18_t237,2464.03,4028.54,0.0,OZ,18,pre,237
e18_t238,2465.8,4027.68,0.0,OZ,18,pre,238
e18_t239,2467.58,4026.86,0.0,OZ,18,pre,239
e18_t240,2469.39,4026.09,0.0,OZ,18,pre,240
e18_t241,2471.21,4025.36,0.0,OZ,18,pre,241
e18_t242,2473.05,4024.68,0.0,OZ,18,pre,242
e18_t243,2474.91,4024.04,0.0,OZ,18,pre,243
e18_t244,2476.78,4023.44,0.0,OZ,18,pre,244
e18_t245,2478.66,4022.9,0.0,OZ,18,pre,245
e18_t246,2480.56,4022.4,0.1333,OZ,18,pre,246
e18_t247,2482.47,4021.94,0.2667,OZ,18,pre,247
e18_t248,2484.39,4021.54,0.2667,OZ,18,pre,248
e18_t249,2486.32,4021.18,0.0,OZ,18,pre,249
e18_t250,2488.26,4020.87,0.0,OZ,18,pre,250
e18_t251,2490.21,4020.6,0.1333,OZ,18,pre,251
e18_t252,2492.16,4020.39,0.2667,OZ,18,pre,252
e18_t253,2494.11,4020.22,0.2667,OZ,18,pre,253
e18_t254,2496.07,4020.1,0.4,OZ,18,pre,254
e18_t255,2498.04,4020.02,0.2667,OZ,18,pre,255
e19_t0,3500.0,4170.0,0.0,O2,19,pre,0
e19_t1,3501.96,4170.02,0.0,O2,19,pre,1
e19_t2,3503.93,4170.1,0.0,O2,19,pre,2
e19_t3,3505.89,4170.22,0.0,O2,19,pre,3
e19_t4,3507.84,4170.39,0.0,O2,19,pre,4
e19_t5,3509.79,4170.6,0.4,O2,19,pre,5
e19_t6,3511.74,4170.87,0.1333,O2,19,pre,6
e19_t7,3513.68,4171.18,0.0,O2,19,pre,7
e19_t8,3515.61,4171.54,0.6667,O2,19,pre,8
e19_t9,3517.53,4171.94,1.3333,O2,19,pre,9
e19_t10,3519.44,4172.4,0.6667,O2,19,pre,10
e19_t11,3521.34,4172.9,0.0,O2,19,pre,11
e19_t12,3523.22,4173.44,1.2,O2,19,pre,12
e19_t13,3525.09,4174.04,2.0,O2,19,pre,13
e19_t14,3526.95,4174.68,1.2,O2,19,pre,14
e19_t15,3528.79,4175.36,0.0,O2,19,pre,15
e19_t16,3530.61,4176.09,0.0,O2,19,pre,16
e19_t17,3532.42,4176.86,0.0,O2,19,pre,17
e19_t18,3534.2,4177.68,0.0,O2,19,pre,18
e19_t19,3535.97,4178.54,0.0,O2,19,pre,19
e19_t20,3537.71,4179.45,0.0,O2,19,pre,20
e19_t21,3539.43,4180.39,0.0,O2,19,pre,21
e19_t22,3541.13,4181.38,0.1333,O2,19,pre,22
e19_t23,3542.8,4182.41,0.1333,O2,19,pre,23
e19_t24,3544.45,4183.48,0.0,O2,19,pre,24
e19_t25,3546.06,4184.59,0.4,O2,19,pre,25
e19_t26,3547.66,4185.74,0.1333,O2,19,pre,26
e19_t27,3549.22,4186.93,0.0,O2,19,pre,27
e19_t28,3550.75,4188.16,0.8,O2,19,pre,28
e19_t29,3552.25,4189.42,1.8667,O2,19,pre,29
e19_t30,3553.72,4190.72,1.2,O2,19,pre,30
e19_t31,3555.16,4192.06,0.1333,O2,19,pre,31
e19_t32,3556.57,4193.43,0.1333,O2,19,pre,32
e19_t33,3557.94,4194.84,0.0,O2,19,pre,33
e19_t34,3559.28,4196.28,0.0,O2,19,pre,34
e19_t35,3560.58,4197.75,0.0,O2,19,pre,35
e19_t36,3561.84,4199.25,0.0,O2,19,pre,36
e19_t37,3563.07,4200.78,0.0,O2,19,pre,37
e19_t38,3564.26,4202.34,0.0,O2,19,pre,38
e19_t39,3565.41,4203.94,0.0,O2,19,pre,39
e19_t40,3566.52,4205.55,0.0,O2,19,pre,40
e19_t41,3567.59,4207.2,0.1333,O2,19,pre,41
e19_t42,3568.62,4208.87,0.1333,O2,19,pre,42
e19_t43,3569.61,4210.57,0.0,O2,19,pre,43
e19_t44,3570.55,4212.29,0.2667,O2,19,pre,44
e19_t45,3571.46,4214.03,0.4,O2,19,pre,45
e19_t46,3572.32,4215.8,0.2667,O2,19,pre,46
e19_t47,3573.14,4217.58,0.1333,O2,19,pre,47
e19_t48,3573.91,4219.39,0.2667,O2,19,pre,48
e19_t49,3574.64,4221.21,0.2667,O2,19,pre,49
e19_t50,3575.32,4223.05,0.4,O2,19,pre,50
e19_t51,3575.96,4224.91,0.1333,O2,19,pre,51
e19_t52,3576.56,4226.78,0.0,O2,19,pre,52
e19_t53,3577.1,4228.66,0.1333,O2,19,pre,53
e19_t54,3577.6,4230.56,0.0,O2,19,pre,54
e19_t55,3578.06,4232.47,0.1333,O2,19,pre,55
e19_t56,3578.46,4234.39,0.5333,O2,19,pre,56
e19_t57,3578.82,4236.32,0.6667,O2,19,pre,57
e19_t58,3579.13,4238.26,0.2667,O2,19,pre,58
e19_t59,3579.4,4240.21,0.1333,O2,19,pre,59
e19_t60,3579.61,4242.16,0.5333,O2,19,pre,60
e19_t61,3579.78,4244.11,0.9333,O2,19,pre,61
e19_t62,3579.9,4246.07,0.9333,O2,19,pre,62
e19_t63,3579.98,4248.04,0.2667,O2,19,pre,63
e19_t64,3580.0,4250.0,0.1333,O2,19,pre,64
e19_t65,3579.98,4251.96,0.1333,O2,19,pre,65
e19_t66,3579.9,4253.93,0.1333,O2,19,pre,66
e19_t67,3579.78,4255.89,0.2667,O2,19,pre,67
e19_t68,3579.61,4257.84,0.0,O2,19,pre,68
e19_t69,3579.4,4259.79,0.0,O2,19,pre,69
e19_t70,3579.13,4261.74,0.2667,O2,19,pre,70
e19_t71,3578.82,4263.68,0.6667,O2,19,pre,71
e19_t72,3578.46,4265.61,1.4667,O2,19,pre,72
e19_t73,3578.06,4267.53,1.6,O2,19,pre,73
e19_t74,3577.6,4269.44,1.0667,O2,19,pre,74
e19_t75,3577.1,4271.34,0.4,O2,19,pre,75
e19_t76,3576.56,4273.22,0.8,O2,19,pre,76
e19_t77,3575.96,4275.09,1.6,O2,19,pre,77
e19_t78,3575.32,4276.95,0.5333,O2,19,pre,78
e19_t79,3574.64,4278.79,0.1333,O2,19,pre,79
e19_t80,3573.91,4280.61,0.1333,O2,19,pre,80
e19_t81,3573.14,4282.42,0.0,O2,19,pre,81
e19_t82,3572.32,4284.2,0.0,O2,19,pre,82
e19_t83,3571.46,4285.97,0.1333,O2,19,pre,83
e19_t84,3570.55,4287.71,0.1333,O2,19,pre,84
e19_t85,3569.61,4289.43,0.1333,O2,19,pre,85
e19_t86,3568.62,4291.13,0.0,O2,19,pre,86
e19_t87,3567.59,4292.8,0.0,O2,19,pre,87
e19_t88,3566.52,4294.45,0.5333,O2,19,pre,88
e19_t89,3565.41,4296.06,1.3333,O2,19,pre,89
e19_t90,3564.26,4297.66,1.0667,O2,19,pre,90
e19_t91,3563.07,4299.22,0.1333,O2,19,pre,91
e19_t92,3561.84,4300.75,0.4,O2,19,pre,92
e19_t93,3560.58,4302.25,1.4667,O2,19,pre,93
e19_t94,3559.28,4303.72,0.6667,O2,19,pre,94
e19_t95,3557.94,4305.16,0.2667,O2,19,pre,95
e19_t96,3556.57,4306.57,0.4,O2,19,pre,96
e19_t97,3555.16,4307.94,0.1333,O2,19,pre,97
e19_t98,3553.72,4309.28,0.0,O2,19,pre,98
e19_t99,3552.25,4310.58,0.0,O2,19,pre,99
e19_t100,3550.75,4311.84,0.0,O2,19,pre,100
e19_t101,3549.22,4313.07,0.0,O2,19,pre,101
e19_t102,3547.66,4314.26,0.0,O2,19,pre,102
e19_t103,3546.06,4315.41,0.0,O2,19,pre,103
e19_t104,3544.45,4316.52,0.5333,O2,19,pre,104
e19_t105,3542.8,4317.59,0.8,O2,19,pre,105
e19_t106,3541.13,4318.62,0.2667,O2,19,pre,106
e19_t107,3539.43,4319.61,0.1333,O2,19,pre,107
e19_t108,3537.71,4320.55,0.5333,O2,19,pre,108
e19_t109,3535.97,4321.46,0.9333,O2,19,pre,109
e19_t110,3534.2,4322.32,0.5333,O2,19,pre,110
e19_t111,3532.42,4323.14,0.2667,O2,19,pre,111
e19_t112,3530.61,4323.91,0.0,O2,19,pre,112
e19_t113,3528.79,4324.64,0.1333,O2,19,pre,113
e19_t114,3526.95,4325.32,0.0,O2,19,pre,114
e19_t115,3525.09,4325.96,0.0,O2,19,pre,115
e19_t116,3523.22,4326.56,0.2667,O2,19,pre,116
e19_t117,3521.34,4327.1,0.0,O2,19,pre,117
e19_t118,3519.44,4327.6,0.0,O2,19,pre,118
e19_t119,3517.53,4328.06,0.0,O2,19,pre,119
e19_t120,3515.61,4328.46,0.5333,O2,19,pre,120
e19_t121,3513.68,4328.82,1.2,O2,19,pre,121
e19_t122,3511.74,4329.13,0.8,O2,19,pre,122
e19_t123,3509.79,4329.4,0.2667,O2,19,pre,123
e19_t124,3507.84,4329.61,0.9333,O2,19,pre,124
e19_t125,3505.89,4329.78,1.3333,O2,19,pre,125
e19_t126,3503.93,4329.9,0.9333,O2,19,pre,126
e19_t127,3501.96,4329.98,0.2667,O2,19,pre,127
e19_t128,3500.0,4330.0,0.1333,O2,19,pre,128
e19_t129,3498.04,4329.98,0.1333,O2,19,pre,129
e19_t130,3496.07,4329.9,0.4,O2,19,pre,130
e19_t131,3494.11,4329.78,0.2667,O2,19,pre,131
e19_t132,3492.16,4329.61,0.2667,O2,19,pre,132
e19_t133,3490.21,4329.4,0.4,O2,19,pre,133
e19_t134,3488.26,4329.13,0.2667,O2,19,pre,134
e19_t135,3486.32,4328.82,0.4,O2,19,pre,135
e19_t136,3484.39,4328.46,0.9333,O2,19,pre,136
e19_t137,3482.47,4328.06,1.7333,O2,19,pre,137
e19_t138,3480.56,4327.6,1.0667,O2,19,pre,138
e19_t139,3478.66,4327.1,0.0,O2,19,pre,139
e19_t140,3476.78,4326.56,0.2667,O2,19,pre,140
e19_t141,3474.91,4325.96,0.8,O2,19,pre,141
e19_t142,3473.05,4325.32,0.4,O2,19,pre,142
e19_t143,3471.21,4324.64,0.1333,O2,19,pre,143
e19_t144,3469.39,4323.91,0.0,O2,19,pre,144
e19_t145,3467.58,4323.14,0.0,O2,19,pre,145
e19_t146,3465.8,4322.32,0.1333,O2,19,pre,146
e19_t147,3464.03,4321.46,0.1333,O2,19,pre,147
e19_t148,3462.29,4320.55,0.1333,O2,19,pre,148
e19_t149,3460.57,4319.61,0.0,O2,19,pre,149
e19_t150,3458.87,4318.62,0.1333,O2,19,pre,150
e19_t151,3457.2,4317.59,0.0,O2,19,pre,151
e19_t152,3455.55,4316.52,0.2667,O2,19,pre,152
e19_t153,3453.94,4315.41,0.8,O2,19,pre,153
e19_t154,3452.34,4314.26,0.4,O2,19,pre,154
e19_t155,3450.78,4313.07,0.1333,O2,19,pre,155
e19_t156,3449.25,4311.84,0.8,O2,19,pre,156
e19_t157,3447.75,4310.58,1.6,O2,19,pre,157
e19_t158,3446.28,4309.28,1.0667,O2,19,pre,158
e19_t159,3444.84,4307.94,0.0,O2,19,pre,159
e19_t160,3443.43,4306.57,0.0,O2,19,pre,160
e19_t161,3442.06,4305.16,0.0,O2,19,pre,161
e19_t162,3440.72,4303.72,0.0,O2,19,pre,162
e19_t163,3439.42,4302.25,0.0,O2,19,pre,163
e19_t164,3438.16,4300.75,0.0,O2,19,pre,164
e19_t165,3436.93,4299.22,0.0,O2,19,pre,165
e19_t166,3435.74,4297.66,0.0,O2,19,pre,166
e19_t167,3434.59,4296.06,0.0,O2,19,pre,167
e19_t168,3433.48,4294.45,0.0,O2,19,pre,168
e19_t169,3432.41,4292.8,0.1333,O2,19,pre,169
e19_t170,3431.38,4291.13,0.1333,O2,19,pre,170
e19_t171,3430.39,4289.43,0.0,O2,19,pre,171
e19_t172,3429.45,4287.71,0.2667,O2,19,pre,172
e19_t173,3428.54,4285.97,0.4,O2,19,pre,173
e19_t174,3427.68,4284.2,0.4,O2,19,pre,174
e19_t175,3426.86,4282.42,0.1333,O2,19,pre,175
e19_t176,3426.09,4280.61,0.0,O2,19,pre,176
e19_t177,3425.36,4278.79,0.0,O2,19,pre,177
e19_t178,3424.68,4276.95,0.0,O2,19,pre,178
e19_t179,3424.04,4275.09,0.0,O2,19,pre,179
e19_t180,3423.44,4273.22,0.0,O2,19,pre,180
e19_t181,3422.9,4271.34,0.0,O2,19,pre,181
e19_t182,3422.4,4269.44,0.0,O2,19,pre,182
e19_t183,3421.94,4267.53,0.0,O2,19,pre,183
e19_t184,3421.54,4265.61,0.8,O2,19,pre,184
e19_t185,3421.18,4263.68,1.6,O2,19,pre,185
e19_t186,3420.87,4261.74,0.6667,O2,19,pre,186
e19_t187,3420.6,4259.79,0.0,O2,19,pre,187
e19_t188,3420.39,4257.84,0.6667,O2,19,pre,188
e19_t189,3420.22,4255.89,0.9333,O2,19,pre,189
e19_t190,3420.1,4253.93,0.6667,O2,19,pre,190
e19_t191,3420.02,4251.96,0.0,O2,19,pre,191
e19_t192,3420.0,4250.0,0.0,O2,19,pre,192
e19_t193,3420.02,4248.04,0.0,O2,19,pre,193
e19_t194,3420.1,4246.07,0.0,O2,19,pre,194
e19_t195,3420.22,4244.11,0.0,O2,19,pre,195
e19_t196,3420.39,4242.16,0.1333,O2,19,pre,196
e19_t197,3420.6,4240.21,0.1333,O2,19,pre,197
e19_t198,3420.87,4238.26,0.0,O2,19,pre,198
e19_t199,3421.18,4236.32,0.1333,O2,19,pre,199
e19_t200,3421.54,4234.39,0.6667,O2,19,pre,200
e19_t201,3421.94,4232.47,1.0667,O2,19,pre,201
e19_t202,3422.4,4230.56,0.4,O2,19,pre,202
e19_t203,3422.9,4228.66,0.1333,O2,19,pre,203
e19_t204,3423.44,4226.78,1.0667,O2,19,pre,204
e19_t205,3424.04,4224.91,1.8667,O2,19,pre,205
e19_t206,3424.68,4223.05,0.8,O2,19,pre,206
e19_t207,3425.36,4221.21,0.1333,O2,19,pre,207
e19_t208,3426.09,4219.39,0.0,O2,19,pre,208
e19_t209,3426.86,4217.58,0.0,O2,19,pre,209
e19_t210,3427.68,4215.8,0.0,O2,19,pre,210
e19_t211,3428.54,4214.03,0.0,O2,19,pre,211
e19_t212,3429.45,4212.29,0.0,O2,19,pre,212
e19_t213,3430.39,4210.57,0.2667,O2,19,pre,213
e19_t214,3431.38,4208.87,0.0,O2,19,pre,214
e19_t215,3432.41,4207.2,0.1333,O2,19,pre,215
e19_t216,3433.48,4205.55,0.2667,O2,19,pre,216
e19_t217,3434.59,4203.94,0.5333,O2,19,pre,217
e19_t218,3435.74,4202.34,0.5333,O2,19,pre,218
e19_t219,3436.93,4200.78,0.0,O2,19,pre,219
e19_t220,3438.16,4199.25,0.5333,O2,19,pre,220
e19_t221,3439.42,4197.75,1.0667,O2,19,pre,221
e19_t222,3440.72,4196.28,0.8,O2,19,pre,222
e19_t223,3442.06,4194.84,0.2667,O2,19,pre,223
e19_t224,3443.43,4193.43,0.2667,O2,19,pre,224
e19_t225,3444.84,4192.06,0.0,O2,19,pre,225
e19_t226,3446.28,4190.72,0.1333,O2,19,pre,226
e19_t227,3447.75,4189.42,0.2667,O2,19,pre,227
e19_t228,3449.25,4188.16,0.1333,O2,19,pre,228
e19_t229,3450.78,4186.93,0.0,O2,19,pre,229
e19_t230,3452.34,4185.74,0.0,O2,19,pre,230
e19_t231,3453.94,4184.59,0.0,O2,19,pre,231
e19_t232,3455.55,4183.48,0.4,O2,19,pre,232
e19_t233,3457.2,4182.41,0.9333,O2,19,pre,233
e19_t234,3458.87,4181.38,0.9333,O2,19,pre,234
e19_t235,3460.57,4180.39,0.2667,O2,19,pre,235
e19_t236,3462.29,4179.45,0.4,O2,19,pre,236
e19_t237,3464.03,4178.54,0.4,O2,19,pre,237
e19_t238,3465.8,4177.68,0.1333,O2,19,pre,238
e19_t239,3467.58,4176.86,0.0,O2,19,pre,239
e19_t240,3469.39,4176.09,0.2667,O2,19,pre,240
e19_t241,3471.21,4175.36,0.0,O2,19,pre,241
e19_t242,3473.05,4174.68,0.0,O2,19,pre,242
e19_t243,3474.91,4174.04,0.1333,O2,19,pre,243
e19_t244,3476.78,4173.44,0.1333,O2,19,pre,244
e19_t245,3478.66,4172.9,0.1333,O2,19,pre,245
e19_t246,3480.56,4172.4,0.1333,O2,19,pre,246
e19_t247,3482.47,4171.94,0.2667,O2,19,pre,247
e19_t248,3484.39,4171.54,0.6667,O2,19,pre,248
e19_t249,3486.32,4171.18,1.3333,O2,19,pre,249
e19_t250,3488.26,4170.87,0.8,O2,19,pre,250
e19_t251,3490.21,4170.6,0.2667,O2,19,pre,251
e19_t252,3492.16,4170.39,0.8,O2,19,pre,252
e19_t253,3494.11,4170.22,1.7333,O2,19,pre,253
e19_t254,3496.07,4170.1,0.9333,O2,19,pre,254
e19_t255,3498.04,4170.02,0.0,O2,19,pre,255
e20_t0,250.0,2670.0,0.0,A1,20,pre,0
e20_t1,251.96,2670.02,0.0,A1,20,pre,1
e20_t2,253.93,2670.1,0.0,A1,20,pre,2
e20_t3,255.89,2670.22,0.0,A1,20,pre,3
e20_t4,257.84,2670.39,0.0,A1,20,pre,4
e20_t5,259.79,2670.6,0.0,A1,20,pre,5
e20_t6,261.74,2670.87,0.0,A1,20,pre,6
e20_t7,263.68,2671.18,0.0,A1,20,pre,7
e20_t8,265.61,2671.54,0.0,A1,20,pre,8
e20_t9,267.53,2671.94,0.0,A1,20,pre,9
e20_t10,269.44,2672.4,0.0,A1,20,pre,10
e20_t11,271.34,2672.9,0.0,A1,20,pre,11
e20_t12,273.22,2673.44,0.1333,A1,20,pre,12
e20_t13,275.09,2674.04,0.2667,A1,20,pre,13
e20_t14,276.95,2674.68,0.1333,A1,20,pre,14
e20_t15,278.79,2675.36,0.0,A1,20,pre,15
e20_t16,280.61,2676.09,0.0,A1,20,pre,16
e20_t17,282.42,2676.86,0.0,A1,20,pre,17
e20_t18,284.2,2677.68,0.0,A1,20,pre,18
e20_t19,285.97,2678.54,0.0,A1,20,pre,19
e20_t20,287.71,2679.45,0.0,A1,20,pre,20
e20_t21,289.43,2680.39,0.0,A1,20,pre,21
e20_t22,291.13,2681.38,0.0,A1,20,pre,22
e20_t23,292.8,2682.41,0.0,A1,20,pre,23
e20_t24,294.45,2683.48,0.0,A1,20,pre,24
e20_t25,296.06,2684.59,0.2667,A1,20,pre,25
e20_t26,297.66,2685.74,0.2667,A1,20,pre,26
e20_t27,299.22,2686.93,0.0,A1,20,pre,27
e20_t28,300.75,2688.16,0.0,A1,20,pre,28
e20_t29,302.25,2689.42,0.0,A1,20,pre,29
e20_t30,303.72,2690.72,0.0,A1,20,pre,30
e20_t31,305.16,2692.06,0.0,A1,20,pre,31
e20_t32,306.57,2693.43,0.0,A1,20,pre,32
e20_t33,307.94,2694.84,0.0,A1,20,pre,33
e20_t34,309.28,2696.28,0.0,A1,20,pre,34
e20_t35,310.58,2697.75,0.0,A1,20,pre,35
e20_t36,311.84,2699.25,0.0,A1,20,pre,36
e20_t37,313.07,2700.78,0.0,A1,20,pre,37
e20_t38,314.26,2702.34,0.0,A1,20,pre,38
e20_t39,315.41,2703.94,0.0,A1,20,pre,39
e20_t40,316.52,2705.55,0.0,A1,20,pre,40
e20_t41,317.59,2707.2,0.0,A1,20,pre,41
e20_t42,318.62,2708.87,0.0,A1,20,pre,42
e20_t43,319.61,2710.57,0.0,A1,20,pre,43
e20_t44,320.55,2712.29,0.0,A1,20,pre,44
e20_t45,321.46,2714.03,0.0,A1,20,pre,45
e20_t46,322.32,2715.8,0.0,A1,20,pre,46
e20_t47,323.14,2717.58,0.0,A1,20,pre,47
e20_t48,323.91,2719.39,0.0,A1,20,pre,48
e20_t49,324.64,2721.21,0.0,A1,20,pre,49
e20_t50,325.32,2723.05,0.0,A1,20,pre,50
e20_t51,325.96,2724.91,0.0,A1,20,pre,51
e20_t52,326.56,2726.78,0.0,A1,20,pre,52
e20_t53,327.1,2728.66,0.0,A1,20,pre,53
e20_t54,327.6,2730.56,0.0,A1,20,pre,54
e20_t55,328.06,2732.47,0.0,A1,20,pre,55
e20_t56,328.46,2734.39,0.1333,A1,20,pre,56
e20_t57,328.82,2736.32,0.2667,A1,20,pre,57
e20_t58,329.13,2738.26,0.1333,A1,20,pre,58
e20_t59,329.4,2740.21,0.0,A1,20,pre,59
e20_t60,329.61,2742.16,0.0,A1,20,pre,60
e20_t61,329.78,2744.11,0.0,A1,20,pre,61
e20_t62,329.9,2746.07,0.0,A1,20,pre,62
e20_t63,329.98,2748.04,0.0,A1,20,pre,63
e20_t64,330.0,2750.0,0.0,A1,20,pre,64
e20_t65,329.98,2751.96,0.0,A1,20,pre,65
e20_t66,329.9,2753.93,0.0,A1,20,pre,66
e20_t67,329.78,2755.89,0.0,A1,20,pre,67
e20_t68,329.61,2757.84,0.1333,A1,20,pre,68
e20_t69,329.4,2759.79,0.0,A1,20,pre,69
e20_t70,329.13,2761.74,0.0,A1,20,pre,70
e20_t71,328.82,2763.68,0.0,A1,20,pre,71
e20_t72,328.46,2765.61,0.2667,A1,20,pre,72
e20_t73,328.06,2767.53,0.8,A1,20,pre,73
e20_t74,327.6,2769.44,0.6667,A1,20,pre,74
e20_t75,327.1,2771.34,0.1333,A1,20,pre,75
e20_t76,326.56,2773.22,0.5333,A1,20,pre,76
e20_t77,325.96,2775.09,0.4,A1,20,pre,77
e20_t78,325.32,2776.95,0.1333,A1,20,pre,78
e20_t79,324.64,2778.79,0.0,A1,20,pre,79
e20_t80,323.91,2780.61,0.0,A1,20,pre,80
e20_t81,323.14,2782.42,0.0,A1,20,pre,81
e20_t82,322.32,2784.2,0.0,A1,20,pre,82
e20_t83,321.46,2785.97,0.0,A1,20,pre,83
e20_t84,320.55,2787.71,0.0,A1,20,pre,84
e20_t85,319.61,2789.43,0.0,A1,20,pre,85
e20_t86,318.62,2791.13,0.0,A1,20,pre,86
e20_t87,317.59,2792.8,0.0,A1,20,pre,87
e20_t88,316.52,2794.45,0.0,A1,20,pre,88
e20_t89,315.41,2796.06,0.1333,A1,20,pre,89
e20_t90,314.26,2797.66,0.0,A1,20,pre,90
e20_t91,313.07,2799.22,0.0,A1,20,pre,91
e20_t92,311.84,2800.75,0.4,A1,20,pre,92
e20_t93,310.58,2802.25,0.2667,A1,20,pre,93
e20_t94,309.28,2803.72,0.1333,A1,20,pre,94
e20_t95,307.94,2805.16,0.0,A1,20,pre,95
e20_t96,306.57,2806.57,0.0,A1,20,pre,96
e20_t97,305.16,2807.94,0.0,A1,20,pre,97
e20_t98,303.72,2809.28,0.0,A1,20,pre,98
e20_t99,302.25,2810.58,0.0,A1,20,pre,99
e20_t100,300.75,2811.84,0.0,A1,20,pre,100
e20_t101,299.22,2813.07,0.0,A1,20,pre,101
e20_t102,297.66,2814.26,0.0,A1,20,pre,102
e20_t103,296.06,2815.41,0.1333,A1,20,pre,103
e20_t104,294.45,2816.52,0.0,A1,20,pre,104
e20_t105,292.8,2817.59,0.0,A1,20,pre,105
e20_t106,291.13,2818.62,0.0,A1,20,pre,106
e20_t107,289.43,2819.61,0.1333,A1,20,pre,107
e20_t108,287.71,2820.55,0.0,A1,20,pre,108
e20_t109,285.97,2821.46,0.0,A1,20,pre,109
e20_t110,284.2,2822.32,0.0,A1,20,pre,110
e20_t111,282.42,2823.14,0.0,A1,20,pre,111
e20_t112,280.61,2823.91,0.0,A1,20,pre,112
e20_t113,278.79,2824.64,0.0,A1,20,pre,113
e20_t114,276.95,2825.32,0.0,A1,20,pre,114
e20_t115,275.09,2825.96,0.0,A1,20,pre,115
e20_t116,273.22,2826.56,0.0,A1,20,pre,116
e20_t117,271.34,2827.1,0.0,A1,20,pre,117
e20_t118,269.44,2827.6,0.0,A1,20,pre,118
e20_t119,267.53,2828.06,0.0,A1,20,pre,119
e20_t120,265.61,2828.46,0.0,A1,20,pre,120
e20_t121,263.68,2828.82,0.1333,A1,20,pre,121
e20_t122,261.74,2829.13,0.1333,A1,20,pre,122
e20_t123,259.79,2829.4,0.0,A1,20,pre,123
e20_t124,257.84,2829.61,0.0,A1,20,pre,124
e20_t125,255.89,2829.78,0.0,A1,20,pre,125
e20_t126,253.93,2829.9,0.0,A1,20,pre,126
e20_t127,251.96,2829.98,0.0,A1,20,pre,127
e20_t128,250.0,2830.0,0.1333,A1,20,pre,128
e20_t129,248.04,2829.98,0.1333,A1,20,pre,129
e20_t130,246.07,2829.9,0.0,A1,20,pre,130
e20_t131,244.11,2829.78,0.0,A1,20,pre,131
e20_t132,242.16,2829.61,0.0,A1,20,pre,132
e20_t133,240.21,2829.4,0.0,A1,20,pre,133
e20_t134,238.26,2829.13,0.0,A1,20,pre,134
e20_t135,236.32,2828.82,0.0,A1,20,pre,135
e20_t136,234.39,2828.46,0.0,A1,20,pre,136
e20_t137,232.47,2828.06,0.0,A1,20,pre,137
e20_t138,230.56,2827.6,0.0,A1,20,pre,138
e20_t139,228.66,2827.1,0.0,A1,20,pre,139
e20_t140,226.78,2826.56,0.0,A1,20,pre,140
e20_t141,224.91,2825.96,0.0,A1,20,pre,141
e20_t142,223.05,2825.32,0.0,A1,20,pre,142
e20_t143,221.21,2824.64,0.0,A1,20,pre,143
e20_t144,219.39,2823.91,0.0,A1,20,pre,144
e20_t145,217.58,2823.14,0.1333,A1,20,pre,145
e20_t146,215.8,2822.32,0.0,A1,20,pre,146
e20_t147,214.03,2821.46,0.0,A1,20,pre,147
e20_t148,212.29,2820.55,0.0,A1,20,pre,148
e20_t149,210.57,2819.61,0.0,A1,20,pre,149
e20_t150,208.87,2818.62,0.0,A1,20,pre,150
e20_t151,207.2,2817.59,0.0,A1,20,pre,151
e20_t152,205.55,2816.52,0.1333,A1,20,pre,152
e20_t153,203.94,2815.41,0.4,A1,20,pre,153
e20_t154,202.34,2814.26,0.4,A1,20,pre,154
e20_t155,200.78,2813.07,0.0,A1,20,pre,155
e20_t156,199.25,2811.84,0.1333,A1,20,pre,156
e20_t157,197.75,2810.58,0.2667,A1,20,pre,157
e20_t158,196.28,2809.28,0.1333,A1,20,pre,158
e20_t159,194.84,2807.94,0.0,A1,20,pre,159
e20_t160,193.43,2806.57,0.0,A1,20,pre,160
e20_t161,192.06,2805.16,0.0,A1,20,pre,161
e20_t162,190.72,2803.72,0.0,A1,20,pre,162
e20_t163,189.42,2802.25,0.0,A1,20,pre,163
e20_t164,188.16,2800.75,0.0,A1,20,pre,164
e20_t165,186.93,2799.22,0.0,A1,20,pre,165
e20_t166,185.74,2797.66,0.0,A1,20,pre,166
e20_t167,184.59,2796.06,0.0,A1,20,pre,167
e20_t168,183.48,2794.45,0.0,A1,20,pre,168
e20_t169,182.41,2792.8,0.0,A1,20,pre,169
e20_t170,181.38,2791.13,0.0,A1,20,pre,170
e20_t171,180.39,2789.43,0.0,A1,20,pre,171
e20_t172,179.45,2787.71,0.1333,A1,20,pre,172
e20_t173,178.54,2785.97,0.2667,A1,20,pre,173
e20_t174,177.68,2784.2,0.1333,A1,20,pre,174
e20_t175,176.86,2782.42,0.0,A1,20,pre,175
e20_t176,176.09,2780.61,0.0,A1,20,pre,176
e20_t177,175.36,2778.79,0.0,A1,20,pre,177
e20_t178,174.68,2776.95,0.0,A1,20,pre,178
e20_t179,174.04,2775.09,0.0,A1,20,pre,179
e20_t180,173.44,2773.22,0.0,A1,20,pre,180
e20_t181,172.9,2771.34,0.0,A1,20,pre,181
e20_t182,172.4,2769.44,0.0,A1,20,pre,182
e20_t183,171.94,2767.53,0.0,A1,20,pre,183
e20_t184,171.54,2765.61,0.1333,A1,20,pre,184
e20_t185,171.18,2763.68,0.2667,A1,20,pre,185
e20_t186,170.87,2761.74,0.1333,A1,20,pre,186
e20_t187,170.6,2759.79,0.0,A1,20,pre,187
e20_t188,170.39,2757.84,0.1333,A1,20,pre,188
e20_t189,170.22,2755.89,0.2667,A1,20,pre,189
e20_t190,170.1,2753.93,0.1333,A1,20,pre,190
e20_t191,170.02,2751.96,0.0,A1,20,pre,191
e20_t192,170.0,2750.0,0.0,A1,20,pre,192
e20_t193,170.02,2748.04,0.0,A1,20,pre,193
e20_t194,170.1,2746.07,0.0,A1,20,pre,194
e20_t195,170.22,2744.11,0.0,A1,20,pre,195
e20_t196,170.39,2742.16,0.0,A1,20,pre,196
e20_t197,170.6,2740.21,0.0,A1,20,pre,197
e20_t198,170.87,2738.26,0.0,A1,20,pre,198
e20_t199,171.18,2736.32,0.0,A1,20,pre,199
e20_t200,171.54,2734.39,0.0,A1,20,pre,200
e20_t201,171.94,2732.47,0.1333,A1,20,pre,201
e20_t202,172.4,2730.56,0.2667,A1,20,pre,202
e20_t203,172.9,2728.66,0.0,A1,20,pre,203
e20_t204,173.44,2726.78,0.0,A1,20,pre,204
e20_t205,174.04,2724.91,0.0,A1,20,pre,205
e20_t206,174.68,2723.05,0.0,A1,20,pre,206
e20_t207,175.36,2721.21,0.0,A1,20,pre,207
e20_t208,176.09,2719.39,0.0,A1,20,pre,208
e20_t209,176.86,2717.58,0.0,A1,20,pre,209
e20_t210,177.68,2715.8,0.0,A1,20,pre,210
e20_t211,178.54,2714.03,0.0,A1,20,pre,211
e20_t212,179.45,2712.29,0.0,A1,20,pre,212
e20_t213,180.39,2710.57,0.0,A1,20,pre,213
e20_t214,181.38,2708.87,0.0,A1,20,pre,214
e20_t215,182.41,2707.2,0.0,A1,20,pre,215
e20_t216,183.48,2705.55,0.0,A1,20,pre,216
e20_t217,184.59,2703.94,0.1333,A1,20,pre,217
e20_t218,185.74,2702.34,0.1333,A1,20,pre,218
e20_t219,186.93,2700.78,0.0,A1,20,pre,219
e20_t220,188.16,2699.25,0.2667,A1,20,pre,220
e20_t221,189.42,2697.75,0.5333,A1,20,pre,221
e20_t222,190.72,2696.28,0.1333,A1,20,pre,222
e20_t223,192.06,2694.84,0.0,A1,20,pre,223
e20_t224,193.43,2693.43,0.0,A1,20,pre,224
e20_t225,194.84,2692.06,0.0,A1,20,pre,225
e20_t226,196.28,2690.72,0.1333,A1,20,pre,226
e20_t227,197.75,2689.42,0.0,A1,20,pre,227
e20_t228,199.25,2688.16,0.0,A1,20,pre,228
e20_t229,200.78,2686.93,0.0,A1,20,pre,229
e20_t230,202.34,2685.74,0.0,A1,20,pre,230
e20_t231,203.94,2684.59,0.0,A1,20,pre,231
e20_t232,205.55,2683.48,0.0,A1,20,pre,232
e20_t233,207.2,2682.41,0.0,A1,20,pre,233
e20_t234,208.87,2681.38,0.0,A1,20,pre,234
e20_t235,210.57,2680.39,0.1333,A1,20,pre,235
e20_t236,212.29,2679.45,0.0,A1,20,pre,236
e20_t237,214.03,2678.54,0.1333,A1,20,pre,237
e20_t238,215.8,2677.68,0.0,A1,20,pre,238
e20_t239,217.58,2676.86,0.0,A1,20,pre,239
e20_t240,219.39,2676.09,0.0,A1,20,pre,240
e20_t241,221.21,2675.36,0.0,A1,20,pre,241
e20_t242,223.05,2674.68,0.0,A1,20,pre,242
e20_t243,224.91,2674.04,0.0,A1,20,pre,243
e20_t244,226.78,2673.44,0.0,A1,20,pre,244
e20_t245,228.66,2672.9,0.1333,A1,20,pre,245
e20_t246,230.56,2672.4,0.0,A1,20,pre,246
e20_t247,232.47,2671.94,0.0,A1,20,pre,247
e20_t248,234.39,2671.54,0.1333,A1,20,pre,248
e20_t249,236.32,2671.18,0.5333,A1,20,pre,249
e20_t250,238.26,2670.87,0.6667,A1,20,pre,250
e20_t251,240.21,2670.6,0.0,A1,20,pre,251
e20_t252,242.16,2670.39,0.0,A1,20,pre,252
e20_t253,244.11,2670.22,0.0,A1,20,pre,253
e20_t254,246.07,2670.1,0.0,A1,20,pre,254
e20_t255,248.04,2670.02,0.0,A1,20,pre,255
e21_t0,4750.0,2670.0,0.0,A2,21,pre,0
e21_t1,4751.96,2670.02,0.0,A2,21,pre,1
e21_t2,4753.93,2670.1,0.0,A2,21,pre,2
e21_t3,4755.89,2670.22,0.0,A2,21,pre,3
e21_t4,4757.84,2670.39,0.0,A2,21,pre,4
e21_t5,4759.79,2670.6,0.0,A2,21,pre,5
e21_t6,4761.74,2670.87,0.0,A2,21,pre,6
e21_t7,4763.68,2671.18,0.0,A2,21,pre,7
e21_t8,4765.61,2671.54,0.0,A2,21,pre,8
e21_t9,4767.53,2671.94,0.0,A2,21,pre,9
e21_t10,4769.44,2672.4,0.0,A2,21,pre,10
e21_t11,4771.34,2672.9,0.0,A2,21,pre,11
e21_t12,4773.22,2673.44,0.0,A2,21,pre,12
e21_t13,4775.09,2674.04,0.0,A2,21,pre,13
e21_t14,4776.95,2674.68,0.0,A2,21,pre,14
e21_t15,4778.79,2675.36,0.0,A2,21,pre,15
e21_t16,4780.61,2676.09,0.0,A2,21,pre,16
e21_t17,4782.42,2676.86,0.0,A2,21,pre,17
e21_t18,4784.2,2677.68,0.0,A2,21,pre,18
e21_t19,4785.97,2678.54,0.0,A2,21,pre,19
e21_t20,4787.71,2679.45,0.0,A2,21,pre,20
e21_t21,4789.43,2680.39,0.0,A2,21,pre,21
e21_t22,4791.13,2681.38,0.0,A2,21,pre,22
e21_t23,4792.8,2682.41,0.0,A2,21,pre,23
e21_t24,4794.45,2683.48,0.0,A2,21,pre,24
e21_t25,4796.06,2684.59,0.0,A2,21,pre,25
e21_t26,4797.66,2685.74,0.0,A2,21,pre,26
e21_t27,4799.22,2686.93,0.0,A2,21,pre,27
e21_t28,4800.75,2688.16,0.0,A2,21,pre,28
e21_t29,4802.25,2689.42,0.0,A2,21,pre,29
e21_t30,4803.72,2690.72,0.0,A2,21,pre,30
e21_t31,4805.16,2692.06,0.0,A2,21,pre,31
e21_t32,4806.57,2693.43,0.0,A2,21,pre,32
e21_t33,4807.94,2694.84,0.0,A2,21,pre,33
e21_t34,4809.28,2696.28,0.0,A2,21,pre,34
e21_t35,4810.58,2697.75,0.0,A2,21,pre,35
e21_t36,4811.84,2699.25,0.0,A2,21,pre,36
e21_t37,4813.07,2700.78,0.0,A2,21,pre,37
e21_t38,4814.26,2702.34,0.0,A2,21,pre,38
e21_t39,4815.41,2703.94,0.0,A2,21,pre,39
e21_t40,4816.52,2705.55,0.0,A2,21,pre,40
e21_t41,4817.59,2707.2,0.0,A2,21,pre,41
e21_t42,4818.62,2708.87,0.0,A2,21,pre,42
e21_t43,4819.61,2710.57,0.0,A2,21,pre,43
e21_t44,4820.55,2712.29,0.0,A2,21,pre,44
e21_t45,4821.46,2714.03,0.0,A2,21,pre,45
e21_t46,4822.32,2715.8,0.0,A2,21,pre,46
e21_t47,4823.14,2717.58,0.0,A2,21,pre,47
e21_t48,4823.91,2719.39,0.0,A2,21,pre,48
e21_t49,4824.64,2721.21,0.0,A2,21,pre,49
e21_t50,4825.32,2723.05,0.0,A2,21,pre,50
e21_t51,4825.96,2724.91,0.0,A2,21,pre,51
e21_t52,4826.56,2726.78,0.0,A2,21,pre,52
e21_t53,4827.1,2728.66,0.0,A2,21,pre,53
e21_t54,4827.6,2730.56,0.0,A2,21,pre,54
e21_t55,4828.06,2732.47,0.0,A2,21,pre,55
e21_t56,4828.46,2734.39,0.0,A2,21,pre,56
e21_t57,4828.82,2736.32,0.0,A2,21,pre,57
e21_t58,4829.13,2738.26,0.0,A2,21,pre,58
e21_t59,4829.4,2740.21,0.0,A2,21,pre,59
e21_t60,4829.61,2742.16,0.0,A2,21,pre,60
e21_t61,4829.78,2744.11,0.0,A2,21,pre,61
e21_t62,4829.9,2746.07,0.0,A2,21,pre,62
e21_t63,4829.98,2748.04,0.0,A2,21,pre,63
e21_t64,4830.0,2750.0,0.0,A2,21,pre,64
e21_t65,4829.98,2751.96,0.0,A2,21,pre,65
e21_t66,4829.9,2753.93,0.0,A2,21,pre,66
e21_t67,4829.78,2755.89,0.0,A2,21,pre,67
e21_t68,4829.61,2757.84,0.0,A2,21,pre,68
e21_t69,4829.4,2759.79,0.0,A2,21,pre,69
e21_t70,4829.13,2761.74,0.0,A2,21,pre,70
e21_t71,4828.82,2763.68,0.0,A2,21,pre,71
e21_t72,4828.46,2765.61,0.0,A2,21,pre,72
e21_t73,4828.06,2767.53,0.0,A2,21,pre,73
e21_t74,4827.6,2769.44,0.0,A2,21,pre,74
e21_t75,4827.1,2771.34,0.0,A2,21,pre,75
e21_t76,4826.56,2773.22,0.0,A2,21,pre,76
e21_t77,4825.96,2775.09,0.0,A2,21,pre,77
e21_t78,4825.32,2776.95,0.0,A2,21,pre,78
e21_t79,4824.64,2778.79,0.0,A2,21,pre,79
e21_t80,4823.91,2780.61,0.0,A2,21,pre,80
e21_t81,4823.14,2782.42,0.0,A2,21,pre,81
e21_t82,4822.32,2784.2,0.0,A2,21,pre,82
e21_t83,4821.46,2785.97,0.0,A2,21,pre,83
e21_t84,4820.55,2787.71,0.0,A2,21,pre,84
e21_t85,4819.61,2789.43,0.0,A2,21,pre,85
e21_t86,4818.62,2791.13,0.0,A2,21,pre,86
e21_t87,4817.59,2792.8,0.0,A2,21,pre,87
e21_t88,4816.52,2794.45,0.0,A2,21,pre,88
e21_t89,4815.41,2796.06,0.0,A2,21,pre,89
e21_t90,4814.26,2797.66,0.0,A2,21,pre,90
e21_t91,4813.07,2799.22,0.0,A2,21,pre,91
e21_t92,4811.84,2800.75,0.0,A2,21,pre,92
e21_t93,4810.58,2802.25,0.0,A2,21,pre,93
e21_t94,4809.28,2803.72,0.0,A2,21,pre,94
e21_t95,4807.94,2805.16,0.0,A2,21,pre,95
e21_t96,4806.57,2806.57,0.0,A2,21,pre,96
e21_t97,4805.16,2807.94,0.0,A2,21,pre,97
e21_t98,4803.72,2809.28,0.0,A2,21,pre,98
e21_t99,4802.25,2810.58,0.0,A2,21,pre,99
e21_t100,4800.75,2811.84,0.0,A2,21,pre,100
e21_t101,4799.22,2813.07,0.0,A2,21,pre,101
e21_t102,4797.66,2814.26,0.0,A2,21,pre,102
e21_t103,4796.06,2815.41,0.0,A2,21,pre,103
e21_t104,4794.45,2816.52,0.0,A2,21,pre,104
e21_t105,4792.8,2817.59,0.0,A2,21,pre,105
e21_t106,4791.13,2818.62,0.0,A2,21,pre,106
e21_t107,4789.43,2819.61,0.0,A2,21,pre,107
e21_t108,4787.71,2820.55,0.0,A2,21,pre,108
e21_t109,4785.97,2821.46,0.0,A2,21,pre,109
e21_t110,4784.2,2822.32,0.0,A2,21,pre,110
e21_t111,4782.42,2823.14,0.0,A2,21,pre,111
e21_t112,4780.61,2823.91,0.0,A2,21,pre,112
e21_t113,4778.79,2824.64,0.0,A2,21,pre,113
e21_t114,4776.95,2825.32,0.0,A2,21,pre,114
e21_t115,4775.09,2825.96,0.0,A2,21,pre,115
e21_t116,4773.22,2826.56,0.0,A2,21,pre,116
e21_t117,4771.34,2827.1,0.0,A2,21,pre,117
e21_t118,4769.44,2827.6,0.0,A2,21,pre,118
e21_t119,4767.53,2828.06,0.0,A2,21,pre,119
e21_t120,4765.61,2828.46,0.0,A2,21,pre,120
e21_t121,4763.68,2828.82,0.0,A2,21,pre,121
e21_t122,4761.74,2829.13,0.0,A2,21,pre,122
e21_t123,4759.79,2829.4,0.0,A2,21,pre,123
e21_t124,4757.84,2829.61,0.0,A2,21,pre,124
e21_t125,4755.89,2829.78,0.0,A2,21,pre,125
e21_t126,4753.93,2829.9,0.0,A2,21,pre,126
e21_t127,4751.96,2829.98,0.0,A2,21,pre,127
e21_t128,4750.0,2830.0,0.0,A2,21,pre,128
e21_t129,4748.04,2829.98,0.0,A2,21,pre,129
e21_t130,4746.07,2829.9,0.0,A2,21,pre,130
e21_t131,4744.11,2829.78,0.0,A2,21,pre,131
e21_t132,4742.16,2829.61,0.0,A2,21,pre,132
e21_t133,4740.21,2829.4,0.0,A2,21,pre,133
e21_t134,4738.26,2829.13,0.0,A2,21,pre,134
e21_t135,4736.32,2828.82,0.0,A2,21,pre,135
e21_t136,4734.39,2828.46,0.0,A2,21,pre,136
e21_t137,4732.47,2828.06,0.0,A2,21,pre,137
e21_t138,4730.56,2827.6,0.0,A2,21,pre,138
e21_t139,4728.66,2827.1,0.0,A2,21,pre,139
e21_t140,4726.78,2826.56,0.0,A2,21,pre,140
e21_t141,4724.91,2825.96,0.0,A2,21,pre,141
e21_t142,4723.05,2825.32,0.0,A2,21,pre,142
e21_t143,4721.21,2824.64,0.0,A2,21,pre,143
e21_t144,4719.39,2823.91,0.0,A2,21,pre,144
e21_t145,4717.58,2823.14,0.0,A2,21,pre,145
e21_t146,4715.8,2822.32,0.0,A2,21,pre,146
e21_t147,4714.03,2821.46,0.0,A2,21,pre,147
e21_t148,4712.29,2820.55,0.0,A2,21,pre,148
e21_t149,4710.57,2819.61,0.0,A2,21,pre,149
e21_t150,4708.87,2818.62,0.0,A2,21,pre,150
e21_t151,4707.2,2817.59,0.0,A2,21,pre,151
e21_t152,4705.55,2816.52,0.0,A2,21,pre,152
e21_t153,4703.94,2815.41,0.0,A2,21,pre,153
e21_t154,4702.34,2814.26,0.0,A2,21,pre,154
e21_t155,4700.78,2813.07,0.0,A2,21,pre,155
e21_t156,4699.25,2811.84,0.0,A2,21,pre,156
e21_t157,4697.75,2810.58,0.0,A2,21,pre,157
e21_t158,4696.28,2809.28,0.0,A2,21,pre,158
e21_t159,4694.84,2807.94,0.0,A2,21,pre,159
e21_t160,4693.43,2806.57,0.0,A2,21,pre,160
e21_t161,4692.06,2805.16,0.0,A2,21,pre,161
e21_t162,4690.72,2803.72,0.0,A2,21,pre,162
e21_t163,4689.42,2802.25,0.0,A2,21,pre,163
e21_t164,4688.16,2800.75,0.0,A2,21,pre,164
e21_t165,4686.93,2799.22,0.0,A2,21,pre,165
e21_t166,4685.74,2797.66,0.0,A2,21,pre,166
e21_t167,4684.59,2796.06,0.0,A2,21,pre,167
e21_t168,4683.48,2794.45,0.0,A2,21,pre,168
e21_t169,4682.41,2792.8,0.0,A2,21,pre,169
e21_t170,4681.38,2791.13,0.0,A2,21,pre,170
e21_t171,4680.39,2789.43,0.0,A2,21,pre,171
e21_t172,4679.45,2787.71,0.0,A2,21,pre,172
e21_t173,4678.54,2785.97,0.0,A2,21,pre,173
e21_t174,4677.68,2784.2,0.0,A2,21,pre,174
e21_t175,4676.86,2782.42,0.0,A2,21,pre,175
e21_t176,4676.09,2780.61,0.0,A2,21,pre,176
e21_t177,4675.36,2778.79,0.0,A2,21,pre,177
e21_t178,4674.68,2776.95,0.0,A2,21,pre,178
e21_t179,4674.04,2775.09,0.0,A2,21,pre,179
e21_t180,4673.44,2773.22,0.0,A2,21,pre,180
e21_t181,4672.9,2771.34,0.0,A2,21,pre,181
e21_t182,4672.4,2769.44,0.0,A2,21,pre,182
e21_t183,4671.94,2767.53,0.0,A2,21,pre,183
e21_t184,4671.54,2765.61,0.0,A2,21,pre,184
e21_t185,4671.18,2763.68,0.0,A2,21,pre,185
e21_t186,4670.87,2761.74,0.0,A2,21,pre,186
e21_t187,4670.6,2759.79,0.0,A2,21,pre,187
e21_t188,4670.39,2757.84,0.0,A2,21,pre,188
e21_t189,4670.22,2755.89,0.0,A2,21,pre,189
e21_t190,4670.1,2753.93,0.0,A2,21,pre,190
e21_t191,4670.02,2751.96,0.0,A2,21,pre,191
e21_t192,4670.0,2750.0,0.0,A2,21,pre,192
e21_t193,4670.02,2748.04,0.0,A2,21,pre,193
e21_t194,4670.1,2746.07,0.0,A2,21,pre,194
e21_t195,4670.22,2744.11,0.0,A2,21,pre,195
e21_t196,4670.39,2742.16,0.0,A2,21,pre,196
e21_t197,4670.6,2740.21,0.0,A2,21,pre,197
e21_t198,4670.87,2738.26,0.0,A2,21,pre,198
e21_t199,4671.18,2736.32,0.0,A2,21,pre,199
e21_t200,4671.54,2734.39,0.0,A2,21,pre,200
e21_t201,4671.94,2732.47,0.0,A2,21,pre,201
e21_t202,4672.4,2730.56,0.0,A2,21,pre,202
e21_t203,4672.9,2728.66,0.0,A2,21,pre,203
e21_t204,4673.44,2726.78,0.0,A2,21,pre,204
e21_t205,4674.04,2724.91,0.0,A2,21,pre,205
e21_t206,4674.68,2723.05,0.0,A2,21,pre,206
e21_t207,4675.36,2721.21,0.0,A2,21,pre,207
e21_t208,4676.09,2719.39,0.0,A2,21,pre,208
e21_t209,4676.86,2717.58,0.0,A2,21,pre,209
e21_t210,4677.68,2715.8,0.0,A2,21,pre,210
e21_t211,4678.54,2714.03,0.0,A2,21,pre,211
e21_t212,4679.45,2712.29,0.0,A2,21,pre,212
e21_t213,4680.39,2710.57,0.0,A2,21,pre,213
e21_t214,4681.38,2708.87,0.0,A2,21,pre,214
e21_t215,4682.41,2707.2,0.0,A2,21,pre,215
e21_t216,4683.48,2705.55,0.0,A2,21,pre,216
e21_t217,4684.59,2703.94,0.0,A2,21,pre,217
e21_t218,4685.74,2702.34,0.0,A2,21,pre,218
e21_t219,4686.93,2700.78,0.0,A2,21,pre,219
e21_t220,4688.16,2699.25,0.0,A2,21,pre,220
e21_t221,4689.42,2697.75,0.0,A2,21,pre,221
e21_t222,4690.72,2696.28,0.0,A2,21,pre,222
e21_t223,4692.06,2694.84,0.0,A2,21,pre,223
e21_t224,4693.43,2693.43,0.0,A2,21,pre,224
e21_t225,4694.84,2692.06,0.0,A2,21,pre,225
e21_t226,4696.28,2690.72,0.0,A2,21,pre,226
e21_t227,4697.75,2689.42,0.0,A2,21,pre,227
e21_t228,4699.25,2688.16,0.0,A2,21,pre,228
e21_t229,4700.78,2686.93,0.0,A2,21,pre,229
e21_t230,4702.34,2685.74,0.0,A2,21,pre,230
e21_t231,4703.94,2684.59,0.0,A2,21,pre,231
e21_t232,4705.55,2683.48,0.0,A2,21,pre,232
e21_t233,4707.2,2682.41,0.0,A2,21,pre,233
e21_t234,4708.87,2681.38,0.0,A2,21,pre,234
e21_t235,4710.57,2680.39,0.0,A2,21,pre,235
e21_t236,4712.29,2679.45,0.0,A2,21,pre,236
e21_t237,4714.03,2678.54,0.0,A2,21,pre,237
e21_t238,4715.8,2677.68,0.0,A2,21,pre,238
e21_t239,4717.58,2676.86,0.0,A2,21,pre,239
e21_t240,4719.39,2676.09,0.0,A2,21,pre,240
e21_t241,4721.21,2675.36,0.0,A2,21,pre,241
e21_t242,4723.05,2674.68,0.0,A2,21,pre,242
e21_t243,4724.91,2674.04,0.0,A2,21,pre,243
e21_t244,4726.78,2673.44,0.0,A2,21,pre,244
e21_t245,4728.66,2672.9,0.0,A2,21,pre,245
e21_t246,4730.56,2672.4,0.0,A2,21,pre,246
e21_t247,4732.47,2671.94,0.0,A2,21,pre,247
e21_t248,4734.39,2671.54,0.0,A2,21,pre,248
e21_t249,4736.32,2671.18,0.0,A2,21,pre,249
e21_t250,4738.26,2670.87,0.0,A2,21,pre,250
e21_t251,4740.21,2670.6,0.0,A2,21,pre,251
e21_t252,4742.16,2670.39,0.0,A2,21,pre,252
e21_t253,4744.11,2670.22,0.0,A2,21,pre,253
e21_t254,4746.07,2670.1,0.0,A2,21,pre,254
e21_t255,4748.04,2670.02,0.0,A2,21,pre,255
e22_t0,250.0,3670.0,0.0,T9,22,pre,0
e22_t1,251.96,3670.02,0.0,T9,22,pre,1
e22_t2,253.93,3670.1,0.0,T9,22,pre,2
e22_t3,255.89,3670.22,0.0,T9,22,pre,3
e22_t4,257.84,3670.39,0.0,T9,22,pre,4
e22_t5,259.79,3670.6,0.0,T9,22,pre,5
e22_t6,261.74,3670.87,0.0,T9,22,pre,6
e22_t7,263.68,3671.18,0.0,T9,22,pre,7
e22_t8,265.61,3671.54,0.0,T9,22,pre,8
e22_t9,267.53,3671.94,0.0,T9,22,pre,9
e22_t10,269.44,3672.4,0.0,T9,22,pre,10
e22_t11,271.34,3672.9,0.0,T9,22,pre,11
e22_t12,273.22,3673.44,0.0,T9,22,pre,12
e22_t13,275.09,3674.04,0.0,T9,22,pre,13
e22_t14,276.95,3674.68,0.0,T9,22,pre,14
e22_t15,278.79,3675.36,0.0,T9,22,pre,15
e22_t16,280.61,3676.09,0.0,T9,22,pre,16
e22_t17,282.42,3676.86,0.0,T9,22,pre,17
e22_t18,284.2,3677.68,0.0,T9,22,pre,18
e22_t19,285.97,3678.54,0.0,T9,22,pre,19
e22_t20,287.71,3679.45,0.0,T9,22,pre,20
e22_t21,289.43,3680.39,0.0,T9,22,pre,21
e22_t22,291.13,3681.38,0.0,T9,22,pre,22
e22_t23,292.8,3682.41,0.0,T9,22,pre,23
e22_t24,294.45,3683.48,0.0,T9,22,pre,24
e22_t25,296.06,3684.59,0.0,T9,22,pre,25
e22_t26,297.66,3685.74,0.0,T9,22,pre,26
e22_t27,299.22,3686.93,0.0,T9,22,pre,27
e22_t28,300.75,3688.16,0.0,T9,22,pre,28
e22_t29,302.25,3689.42,0.0,T9,22,pre,29
e22_t30,303.72,3690.72,0.0,T9,22,pre,30
e22_t31,305.16,3692.06,0.0,T9,22,pre,31
e22_t32,306.57,3693.43,0.0,T9,22,pre,32
e22_t33,307.94,3694.84,0.0,T9,22,pre,33
e22_t34,309.28,3696.28,0.0,T9,22,pre,34
e22_t35,310.58,3697.75,0.0,T9,22,pre,35
e22_t36,311.84,3699.25,0.0,T9,22,pre,36
e22_t37,313.07,3700.78,0.0,T9,22,pre,37
e22_t38,314.26,3702.34,0.0,T9,22,pre,38
e22_t39,315.41,3703.94,0.0,T9,22,pre,39
e22_t40,316.52,3705.55,0.0,T9,22,pre,40
e22_t41,317.59,3707.2,0.0,T9,22,pre,41
e22_t42,318.62,3708.87,0.0,T9,22,pre,42
e22_t43,319.61,3710.57,0.0,T9,22,pre,43
e22_t44,320.55,3712.29,0.0,T9,22,pre,44
e22_t45,321.46,3714.03,0.0,T9,22,pre,45
e22_t46,322.32,3715.8,0.0,T9,22,pre,46
e22_t47,323.14,3717.58,0.0,T9,22,pre,47
e22_t48,323.91,3719.39,0.0,T9,22,pre,48
e22_t49,324.64,3721.21,0.0,T9,22,pre,49
e22_t50,325.32,3723.05,0.0,T9,22,pre,50
e22_t51,325.96,3724.91,0.0,T9,22,pre,51
e22_t52,326.56,3726.78,0.0,T9,22,pre,52
e22_t53,327.1,3728.66,0.0,T9,22,pre,53
e22_t54,327.6,3730.56,0.0,T9,22,pre,54
e22_t55,328.06,3732.47,0.0,T9,22,pre,55
e22_t56,328.46,3734.39,0.0,T9,22,pre,56
e22_t57,328.82,3736.32,0.0,T9,22,pre,57
e22_t58,329.13,3738.26,0.0,T9,22,pre,58
e22_t59,329.4,3740.21,0.0,T9,22,pre,59
e22_t60,329.61,3742.16,0.0,T9,22,pre,60
e22_t61,329.78,3744.11,0.0,T9,22,pre,61
e22_t62,329.9,3746.07,0.0,T9,22,pre,62
e22_t63,329.98,3748.04,0.0,T9,22,pre,63
e22_t64,330.0,3750.0,0.0,T9,22,pre,64
e22_t65,329.98,3751.96,0.0,T9,22,pre,65
e22_t66,329.9,3753.93,0.0,T9,22,pre,66
e22_t67,329.78,3755.89,0.0,T9,22,pre,67
e22_t68,329.61,3757.84,0.0,T9,22,pre,68
e22_t69,329.4,3759.79,0.0,T9,22,pre,69
e22_t70,329.13,3761.74,0.0,T9,22,pre,70
e22_t71,328.82,3763.68,0.0,T9,22,pre,71
e22_t72,328.46,3765.61,0.0,T9,22,pre,72
e22_t73,328.06,3767.53,0.0,T9,22,pre,73
e22_t74,327.6,3769.44,0.0,T9,22,pre,74
e22_t75,327.1,3771.34,0.0,T9,22,pre,75
e22_t76,326.56,3773.22,0.0,T9,22,pre,76
e22_t77,325.96,3775.09,0.0,T9,22,pre,77
e22_t78,325.32,3776.95,0.0,T9,22,pre,78
e22_t79,324.64,3778.79,0.0,T9,22,pre,79
e22_t80,323.91,3780.61,0.0,T9,22,pre,80
e22_t81,323.14,3782.42,0.0,T9,22,pre,81
e22_t82,322.32,3784.2,0.0,T9,22,pre,82
e22_t83,321.46,3785.97,0.0,T9,22,pre,83
e22_t84,320.55,3787.71,0.0,T9,22,pre,84
e22_t85,319.61,3789.43,0.0,T9,22,pre,85
e22_t86,318.62,3791.13,0.0,T9,22,pre,86
e22_t87,317.59,3792.8,0.0,T9,22,pre,87
e22_t88,316.52,3794.45,0.0,T9,22,pre,88
e22_t89,315.41,3796.06,0.0,T9,22,pre,89
e22_t90,314.26,3797.66,0.0,T9,22,pre,90
e22_t91,313.07,3799.22,0.0,T9,22,pre,91
e22_t92,311.84,3800.75,0.0,T9,22,pre,92
e22_t93,310.58,3802.25,0.0,T9,22,pre,93
e22_t94,309.28,3803.72,0.0,T9,22,pre,94
e22_t95,307.94,3805.16,0.0,T9,22,pre,95
e22_t96,306.57,3806.57,0.0,T9,22,pre,96
e22_t97,305.16,3807.94,0.0,T9,22,pre,97
e22_t98,303.72,3809.28,0.0,T9,22,pre,98
e22_t99,302.25,3810.58,0.0,T9,22,pre,99
e22_t100,300.75,3811.84,0.0,T9,22,pre,100
e22_t101,299.22,3813.07,0.0,T9,22,pre,101
e22_t102,297.66,3814.26,0.0,T9,22,pre,102
e22_t103,296.06,3815.41,0.0,T9,22,pre,103
e22_t104,294.45,3816.52,0.0,T9,22,pre,104
e22_t105,292.8,3817.59,0.0,T9,22,pre,105
e22_t106,291.13,3818.62,0.0,T9,22,pre,106
e22_t107,289.43,3819.61,0.0,T9,22,pre,107
e22_t108,287.71,3820.55,0.0,T9,22,pre,108
e22_t109,285.97,3821.46,0.0,T9,22,pre,109
e22_t110,284.2,3822.32,0.0,T9,22,pre,110
e22_t111,282.42,3823.14,0.0,T9,22,pre,111
e22_t112,280.61,3823.91,0.0,T9,22,pre,112
e22_t113,278.79,3824.64,0.0,T9,22,pre,113
e22_t114,276.95,3825.32,0.0,T9,22,pre,114
e22_t115,275.09,3825.96,0.0,T9,22,pre,115
e22_t116,273.22,3826.56,0.0,T9,22,pre,116
e22_t117,271.34,3827.1,0.0,T9,22,pre,117
e22_t118,269.44,3827.6,0.0,T9,22,pre,118
e22_t119,267.53,3828.06,0.0,T9,22,pre,119
e22_t120,265.61,3828.46,0.0,T9,22,pre,120
e22_t121,263.68,3828.82,0.0,T9,22,pre,121
e22_t122,261.74,3829.13,0.0,T9,22,pre,122
e22_t123,259.79,3829.4,0.0,T9,22,pre,123
e22_t124,257.84,3829.61,0.0,T9,22,pre,124
e22_t125,255.89,3829.78,0.0,T9,22,pre,125
e22_t126,253.93,3829.9,0.0,T9,22,pre,126
e22_t127,251.96,3829.98,0.0,T9,22,pre,127
e22_t128,250.0,3830.0,0.0,T9,22,pre,128
e22_t129,248.04,3829.98,0.0,T9,22,pre,129
e22_t130,246.07,3829.9,0.0,T9,22,pre,130
e22_t131,244.11,3829.78,0.0,T9,22,pre,131
e22_t132,242.16,3829.61,0.0,T9,22,pre,132
e22_t133,240.21,3829.4,0.0,T9,22,pre,133
e22_t134,238.26,3829.13,0.0,T9,22,pre,134
e22_t135,236.32,3828.82,0.0,T9,22,pre,135
e22_t136,234.39,3828.46,0.0,T9,22,pre,136
e22_t137,232.47,3828.06,0.0,T9,22,pre,137
e22_t138,230.56,3827.6,0.0,T9,22,pre,138
e22_t139,228.66,3827.1,0.0,T9,22,pre,139
e22_t140,226.78,3826.56,0.0,T9,22,pre,140
e22_t141,224.91,3825.96,0.0,T9,22,pre,141
e22_t142,223.05,3825.32,0.0,T9,22,pre,142
e22_t143,221.21,3824.64,0.0,T9,22,pre,143
e22_t144,219.39,3823.91,0.0,T9,22,pre,144
e22_t145,217.58,3823.14,0.0,T9,22,pre,145
e22_t146,215.8,3822.32,0.0,T9,22,pre,146
e22_t147,214.03,3821.46,0.0,T9,22,pre,147
e22_t148,212.29,3820.55,0.0,T9,22,pre,148
e22_t149,210.57,3819.61,0.0,T9,22,pre,149
e22_t150,208.87,3818.62,0.0,T9,22,pre,150
e22_t151,207.2,3817.59,0.0,T9,22,pre,151
e22_t152,205.55,3816.52,0.0,T9,22,pre,152
e22_t153,203.94,3815.41,0.0,T9,22,pre,153
e22_t154,202.34,3814.26,0.0,T9,22,pre,154
e22_t155,200.78,3813.07,0.0,T9,22,pre,155
e22_t156,199.25,3811.84,0.0,T9,22,pre,156
e22_t157,197.75,3810.58,0.0,T9,22,pre,157
e22_t158,196.28,3809.28,0.0,T9,22,pre,158
e22_t159,194.84,3807.94,0.0,T9,22,pre,159
e22_t160,193.43,3806.57,0.0,T9,22,pre,160
e22_t161,192.06,3805.16,0.0,T9,22,pre,161
e22_t162,190.72,3803.72,0.0,T9,22,pre,162
e22_t163,189.42,3802.25,0.0,T9,22,pre,163
e22_t164,188.16,3800.75,0.0,T9,22,pre,164
e22_t165,186.93,3799.22,0.0,T9,22,pre,165
e22_t166,185.74,3797.66,0.0,T9,22,pre,166
e22_t167,184.59,3796.06,0.0,T9,22,pre,167
e22_t168,183.48,3794.45,0.0,T9,22,pre,168
e22_t169,182.41,3792.8,0.0,T9,22,pre,169
e22_t170,181.38,3791.13,0.0,T9,22,pre,170
e22_t171,180.39,3789.43,0.0,T9,22,pre,171
e22_t172,179.45,3787.71,0.0,T9,22,pre,172
e22_t173,178.54,3785.97,0.0,T9,22,pre,173
e22_t174,177.68,3784.2,0.0,T9,22,pre,174
e22_t175,176.86,3782.42,0.0,T9,22,pre,175
e22_t176,176.09,3780.61,0.0,T9,22,pre,176
e22_t177,175.36,3778.79,0.0,T9,22,pre,177
e22_t178,174.68,3776.95,0.0,T9,22,pre,178
e22_t179,174.04,3775.09,0.0,T9,22,pre,179
e22_t180,173.44,3773.22,0.0,T9,22,pre,180
e22_t181,172.9,3771.34,0.0,T9,22,pre,181
e22_t182,172.4,3769.44,0.0,T9,22,pre,182
e22_t183,171.94,3767.53,0.0,T9,22,pre,183
e22_t184,171.54,3765.61,0.0,T9,22,pre,184
e22_t185,171.18,3763.68,0.0,T9,22,pre,185
e22_t186,170.87,3761.74,0.0,T9,22,pre,186
e22_t187,170.6,3759.79,0.0,T9,22,pre,187
e22_t188,170.39,3757.84,0.0,T9,22,pre,188
e22_t189,170.22,3755.89,0.0,T9,22,pre,189
e22_t190,170.1,3753.93,0.0,T9,22,pre,190
e22_t191,170.02,3751.96,0.0,T9,22,pre,191
e22_t192,170.0,3750.0,0.0,T9,22,pre,192
e22_t193,170.02,3748.04,0.0,T9,22,pre,193
e22_t194,170.1,3746.07,0.0,T9,22,pre,194
e22_t195,170.22,3744.11,0.0,T9,22,pre,195
e22_t196,170.39,3742.16,0.0,T9,22,pre,196
e22_t197,170.6,3740.21,0.0,T9,22,pre,197
e22_t198,170.87,3738.26,0.0,T9,22,pre,198
e22_t199,171.18,3736.32,0.0,T9,22,pre,199
e22_t200,171.54,3734.39,0.0,T9,22,pre,200
e22_t201,171.94,3732.47,0.0,T9,22,pre,201
e22_t202,172.4,3730.56,0.0,T9,22,pre,202
e22_t203,172.9,3728.66,0.0,T9,22,pre,203
e22_t204,173.44,3726.78,0.0,T9,22,pre,204
e22_t205,174.04,3724.91,0.0,T9,22,pre,205
e22_t206,174.68,3723.05,0.0,T9,22,pre,206
e22_t207,175.36,3721.21,0.0,T9,22,pre,207
e22_t208,176.09,3719.39,0.0,T9,22,pre,208
e22_t209,176.86,3717.58,0.0,T9,22,pre,209
e22_t210,177.68,3715.8,0.0,T9,22,pre,210
e22_t211,178.54,3714.03,0.0,T9,22,pre,211
e22_t212,179.45,3712.29,0.0,T9,22,pre,212
e22_t213,180.39,3710.57,0.0,T9,22,pre,213
e22_t214,181.38,3708.87,0.0,T9,22,pre,214
e22_t215,182.41,3707.2,0.0,T9,22,pre,215
e22_t216,183.48,3705.55,0.0,T9,22,pre,216
e22_t217,184.59,3703.94,0.0,T9,22,pre,217
e22_t218,185.74,3702.34,0.0,T9,22,pre,218
e22_t219,186.93,3700.78,0.0,T9,22,pre,219
e22_t220,188.16,3699.25,0.0,T9,22,pre,220
e22_t221,189.42,3697.75,0.0,T9,22,pre,221
e22_t222,190.72,3696.28,0.0,T9,22,pre,222
e22_t223,192.06,3694.84,0.0,T9,22,pre,223
e22_t224,193.43,3693.43,0.0,T9,22,pre,224
e22_t225,194.84,3692.06,0.0,T9,22,pre,225
e22_t226,196.28,3690.72,0.0,T9,22,pre,226
e22_t227,197.75,3689.42,0.0,T9,22,pre,227
e22_t228,199.25,3688.16,0.0,T9,22,pre,228
e22_t229,200.78,3686.93,0.0,T9,22,pre,229
e22_t230,202.34,3685.74,0.0,T9,22,pre,230
e22_t231,203.94,3684.59,0.0,T9,22,pre,231
e22_t232,205.55,3683.48,0.0,T9,22,pre,232
e22_t233,207.2,3682.41,0.0,T9,22,pre,233
e22_t234,208.87,3681.38,0.0,T9,22,pre,234
e22_t235,210.57,3680.39,0.0,T9,22,pre,235
e22_t236,212.29,3679.45,0.0,T9,22,pre,236
e22_t237,214.03,3678.54,0.0,T9,22,pre,237
e22_t238,215.8,3677.68,0.0,T9,22,pre,238
e22_t239,217.58,3676.86,0.0,T9,22,pre,239
e22_t240,219.39,3676.09,0.0,T9,22,pre,240
e22_t241,221.21,3675.36,0.0,T9,22,pre,241
e22_t242,223.05,3674.68,0.0,T9,22,pre,242
e22_t243,224.91,3674.04,0.0,T9,22,pre,243
e22_t244,226.78,3673.44,0.0,T9,22,pre,244
e22_t245,228.66,3672.9,0.0,T9,22,pre,245
e22_t246,230.56,3672.4,0.0,T9,22,pre,246
e22_t247,232.47,3671.94,0.0,T9,22,pre,247
e22_t248,234.39,3671.54,0.0,T9,22,pre,248
e22_t249,236.32,3671.18,0.0,T9,22,pre,249
e22_t250,238.26,3670.87,0.0,T9,22,pre,250
e22_t251,240.21,3670.6,0.0,T9,22,pre,251
e22_t252,242.16,3670.39,0.0,T9,22,pre,252
e22_t253,244.11,3670.22,0.0,T9,22,pre,253
e22_t254,246.07,3670.1,0.0,T9,22,pre,254
e22_t255,248.04,3670.02,0.0,T9,22,pre,255
