source,target,weight,type,electrode
e0_t108,e0_t109,0.3333,intra,FP1
e0_t109,e0_t110,0.4667,intra,FP1
e0_t175,e0_t176,0.2,intra,FP1
e0_t176,e0_t177,0.2,intra,FP1
e0_t177,e0_t178,0.2,intra,FP1
e0_t212,e0_t213,0.3333,intra,FP1
e0_t213,e0_t214,0.3333,intra,FP1
e0_t214,e0_t215,0.4,intra,FP1
e0_t48,e0_t49,0.2667,intra,FP1
e0_t49,e0_t50,0.2667,intra,FP1
e0_t200,e0_t201,0.3333,intra,FP1
e0_t201,e0_t202,0.3333,intra,FP1
e0_t228,e0_t229,0.3333,intra,FP1
e0_t237,e0_t238,0.4,intra,FP1
e0_t238,e0_t239,0.2667,intra,FP1
e0_t239,e0_t240,0.3333,intra,FP1
e0_t62,e0_t63,0.3333,intra,FP1
e0_t106,e0_t107,0.2,intra,FP1
e0_t107,e0_t108,0.2667,intra,FP1
e0_t112,e0_t113,0.3333,intra,FP1
e0_t121,e0_t122,0.4,intra,FP1
e0_t122,e0_t123,0.3333,intra,FP1
e0_t143,e0_t144,0.2,intra,FP1
e0_t157,e0_t158,0.2,intra,FP1
e0_t236,e0_t237,0.6,intra,FP1
e0_t8,e0_t9,0.2,intra,FP1
e0_t61,e0_t62,0.2,intra,FP1
e0_t94,e0_t95,0.2,intra,FP1
e0_t110,e0_t111,0.2,intra,FP1
e0_t120,e0_t121,0.3333,intra,FP1
e0_t173,e0_t174,0.2,intra,FP1
e0_t215,e0_t216,0.4,intra,FP1
e0_t15,e0_t16,0.2,intra,FP1
e0_t16,e0_t17,0.2,intra,FP1
e0_t25,e0_t26,0.3333,intra,FP1
e0_t34,e0_t35,0.3333,intra,FP1
e0_t35,e0_t36,0.2,intra,FP1
e0_t91,e0_t92,0.3333,intra,FP1
e0_t92,e0_t93,0.3333,intra,FP1
e0_t119,e0_t120,0.3333,intra,FP1
e0_t123,e0_t124,0.2667,intra,FP1
e0_t124,e0_t125,0.3333,intra,FP1
e0_t178,e0_t179,0.2,intra,FP1
e0_t181,e0_t182,0.2667,intra,FP1
e0_t182,e0_t183,0.3333,intra,FP1
e0_t105,e0_t106,0.3333,intra,FP1
e0_t220,e0_t221,0.2,intra,FP1
e0_t17,e0_t18,0.2667,intra,FP1
e0_t18,e0_t19,0.2667,intra,FP1
e0_t39,e0_t40,0.2667,intra,FP1
e0_t40,e0_t41,0.2667,intra,FP1
e0_t41,e0_t42,0.2667,intra,FP1
e0_t60,e0_t61,0.2667,intra,FP1
e0_t63,e0_t64,0.2667,intra,FP1
e0_t64,e0_t65,0.2,intra,FP1
e0_t65,e0_t66,0.2,intra,FP1
e0_t184,e0_t185,0.2667,intra,FP1
e0_t185,e0_t186,0.3333,intra,FP1
e0_t186,e0_t187,0.2667,intra,FP1
e0_t98,e0_t99,0.2,intra,FP1
e0_t99,e0_t100,0.2667,intra,FP1
e0_t168,e0_t169,0.4,intra,FP1
e0_t170,e0_t171,0.4,intra,FP1
e0_t187,e0_t188,0.2667,intra,FP1
e0_t188,e0_t189,0.2667,intra,FP1
e0_t191,e0_t192,0.4,intra,FP1
e0_t192,e0_t193,0.2667,intra,FP1
e0_t202,e0_t203,0.2667,intra,FP1
e0_t203,e0_t204,0.2,intra,FP1
e0_t204,e0_t205,0.4,intra,FP1
e0_t205,e0_t206,0.3333,intra,FP1
e0_t211,e0_t212,0.4667,intra,FP1
e0_t219,e0_t220,0.2667,intra,FP1
e0_t222,e0_t223,0.2667,intra,FP1
e0_t223,e0_t224,0.2,intra,FP1
e0_t224,e0_t225,0.3333,intra,FP1
e0_t227,e0_t228,0.2667,intra,FP1
e0_t229,e0_t230,0.3333,intra,FP1
e0_t232,e0_t233,0.2667,intra,FP1
e0_t233,e0_t234,0.2667,intra,FP1
e0_t234,e0_t235,0.2667,intra,FP1
e0_t240,e0_t241,0.2,intra,FP1
e0_t247,e0_t248,0.2667,intra,FP1
e0_t248,e0_t249,0.3333,intra,FP1
e0_t250,e0_t251,0.2,intra,FP1
e0_t251,e0_t252,0.3333,intra,FP1
e0_t252,e0_t253,0.2,intra,FP1
e0_t0,e0_t1,0.2,intra,FP1
e0_t11,e0_t12,0.2,intra,FP1
e0_t23,e0_t24,0.2,intra,FP1
e0_t24,e0_t25,0.2667,intra,FP1
e0_t27,e0_t28,0.2,intra,FP1
e0_t28,e0_t29,0.2667,intra,FP1
e0_t29,e0_t30,0.2667,intra,FP1
e0_t30,e0_t31,0.2,intra,FP1
e0_t31,e0_t32,0.3333,intra,FP1
e0_t32,e0_t33,0.2,intra,FP1
e0_t33,e0_t34,0.2667,intra,FP1
e0_t36,e0_t37,0.3333,intra,FP1
e0_t37,e0_t38,0.3333,intra,FP1
e0_t43,e0_t44,0.2,intra,FP1
e0_t44,e0_t45,0.2,intra,FP1
e0_t46,e0_t47,0.2667,intra,FP1
e0_t47,e0_t48,0.2667,intra,FP1
e0_t50,e0_t51,0.3333,intra,FP1
e0_t51,e0_t52,0.2667,intra,FP1
e0_t51,e0_t53,0.2,intra,FP1
e0_t56,e0_t57,0.3333,intra,FP1
e0_t59,e0_t60,0.2667,intra,FP1
e0_t66,e0_t67,0.2667,intra,FP1
e0_t70,e0_t71,0.2667,intra,FP1
e0_t71,e0_t72,0.2,intra,FP1
e0_t74,e0_t75,0.2667,intra,FP1
e0_t75,e0_t76,0.2,intra,FP1
e0_t76,e0_t77,0.2,intra,FP1
e0_t78,e0_t79,0.2667,intra,FP1
e0_t83,e0_t84,0.2,intra,FP1
e0_t84,e0_t85,0.2,intra,FP1
e0_t85,e0_t86,0.2667,intra,FP1
e0_t87,e0_t88,0.2,intra,FP1
e0_t88,e0_t89,0.3333,intra,FP1
e0_t90,e0_t91,0.2,intra,FP1
e0_t100,e0_t101,0.3333,intra,FP1
e0_t104,e0_t105,0.3333,intra,FP1
e0_t111,e0_t112,0.2667,intra,FP1
e0_t114,e0_t115,0.2667,intra,FP1
e0_t117,e0_t118,0.2,intra,FP1
e0_t118,e0_t119,0.2667,intra,FP1
e0_t133,e0_t134,0.2,intra,FP1
e0_t137,e0_t138,0.2,intra,FP1
e0_t140,e0_t141,0.2,intra,FP1
e0_t141,e0_t142,0.2667,intra,FP1
e0_t142,e0_t143,0.2667,intra,FP1
e0_t144,e0_t145,0.2,intra,FP1
e0_t151,e0_t152,0.2,intra,FP1
e0_t152,e0_t153,0.2,intra,FP1
e0_t159,e0_t160,0.2,intra,FP1
e0_t161,e0_t162,0.3333,intra,FP1
e0_t162,e0_t163,0.2,intra,FP1
e0_t163,e0_t164,0.2,intra,FP1
e0_t164,e0_t165,0.3333,intra,FP1
e0_t190,e0_t191,0.2667,intra,FP1
e0_t194,e0_t195,0.3333,intra,FP1
e0_t195,e0_t196,0.2667,intra,FP1
e0_t196,e0_t197,0.3333,intra,FP1
e0_t198,e0_t199,0.3333,intra,FP1
e0_t199,e0_t200,0.2667,intra,FP1
e0_t206,e0_t207,0.2,intra,FP1
e0_t208,e0_t209,0.2,intra,FP1
e0_t209,e0_t210,0.2667,intra,FP1
e0_t209,e0_t212,0.2,intra,FP1
e0_t217,e0_t218,0.3333,intra,FP1
e0_t218,e0_t219,0.2667,intra,FP1
e0_t225,e0_t226,0.2,intra,FP1
e0_t226,e0_t227,0.2667,intra,FP1
e0_t231,e0_t232,0.2,intra,FP1
e0_t235,e0_t236,0.3333,intra,FP1
e0_t244,e0_t245,0.2667,intra,FP1
e0_t245,e0_t246,0.2667,intra,FP1
e0_t9,e0_t10,0.2,intra,FP1
e0_t38,e0_t39,0.2,intra,FP1
e0_t53,e0_t54,0.2667,intra,FP1
e0_t54,e0_t55,0.2,intra,FP1
e0_t57,e0_t58,0.2,intra,FP1
e0_t67,e0_t68,0.3333,intra,FP1
e0_t73,e0_t74,0.2,intra,FP1
e0_t89,e0_t90,0.2667,intra,FP1
e0_t96,e0_t97,0.2667,intra,FP1
e0_t97,e0_t98,0.2667,intra,FP1
e0_t101,e0_t102,0.2,intra,FP1
e0_t115,e0_t116,0.2,intra,FP1
e0_t127,e0_t128,0.2,intra,FP1
e0_t128,e0_t129,0.2,intra,FP1
e0_t131,e0_t132,0.2667,intra,FP1
e0_t132,e0_t133,0.3333,intra,FP1
e0_t167,e0_t168,0.2667,intra,FP1
e0_t183,e0_t184,0.2667,intra,FP1
e0_t197,e0_t198,0.2,intra,FP1
e0_t241,e0_t242,0.2,intra,FP1
e0_t129,e0_t130,0.2,intra,FP1
e0_t130,e0_t131,0.2,intra,FP1
e0_t147,e0_t148,0.2,intra,FP1
e0_t148,e0_t149,0.2,intra,FP1
e0_t154,e0_t155,0.2667,intra,FP1
e0_t155,e0_t156,0.2667,intra,FP1
e0_t160,e0_t161,0.2667,intra,FP1
e0_t171,e0_t172,0.2,intra,FP1
e0_t242,e0_t243,0.2667,intra,FP1
e0_t86,e0_t87,0.2,intra,FP1
e0_t230,e0_t231,0.2,intra,FP1
e0_t254,e0_t255,0.2,intra,FP1
e1_t79,e1_t80,0.2667,intra,FP2
e1_t150,e1_t151,0.4667,intra,FP2
e1_t151,e1_t152,0.3333,intra,FP2
e1_t152,e1_t153,0.2667,intra,FP2
e1_t153,e1_t154,0.2667,intra,FP2
e1_t154,e1_t155,0.3333,intra,FP2
e1_t155,e1_t156,0.4,intra,FP2
e1_t196,e1_t197,0.2667,intra,FP2
e1_t204,e1_t205,0.2667,intra,FP2
e1_t205,e1_t206,0.2667,intra,FP2
e1_t206,e1_t207,0.2,intra,FP2
e1_t0,e1_t1,0.3333,intra,FP2
e1_t144,e1_t145,0.4,intra,FP2
e1_t145,e1_t146,0.2667,intra,FP2
e1_t146,e1_t147,0.3333,intra,FP2
e1_t147,e1_t148,0.2667,intra,FP2
e1_t213,e1_t214,0.5333,intra,FP2
e1_t214,e1_t215,0.3333,intra,FP2
e1_t31,e1_t32,0.4,intra,FP2
e1_t78,e1_t79,0.2,intra,FP2
e1_t104,e1_t105,0.3333,intra,FP2
e1_t105,e1_t106,0.3333,intra,FP2
e1_t246,e1_t247,0.3333,intra,FP2
e1_t250,e1_t251,0.2667,intra,FP2
e1_t61,e1_t62,0.2,intra,FP2
e1_t99,e1_t100,0.2667,intra,FP2
e1_t109,e1_t110,0.3333,intra,FP2
e1_t111,e1_t112,0.2667,intra,FP2
e1_t112,e1_t113,0.3333,intra,FP2
e1_t113,e1_t114,0.2667,intra,FP2
e1_t117,e1_t118,0.2667,intra,FP2
e1_t143,e1_t144,0.4667,intra,FP2
e1_t164,e1_t165,0.2667,intra,FP2
e1_t171,e1_t172,0.2667,intra,FP2
e1_t173,e1_t174,0.3333,intra,FP2
e1_t174,e1_t175,0.3333,intra,FP2
e1_t179,e1_t180,0.2667,intra,FP2
e1_t182,e1_t183,0.2667,intra,FP2
e1_t212,e1_t213,0.4,intra,FP2
e1_t225,e1_t226,0.2667,intra,FP2
e1_t240,e1_t241,0.2667,intra,FP2
e1_t241,e1_t242,0.2,intra,FP2
e1_t244,e1_t245,0.2667,intra,FP2
e1_t251,e1_t252,0.2667,intra,FP2
e1_t254,e1_t255,0.2667,intra,FP2
e1_t1,e1_t2,0.2,intra,FP2
e1_t14,e1_t15,0.2667,intra,FP2
e1_t15,e1_t16,0.2667,intra,FP2
e1_t16,e1_t17,0.3333,intra,FP2
e1_t25,e1_t26,0.2,intra,FP2
e1_t28,e1_t29,0.3333,intra,FP2
e1_t32,e1_t33,0.3333,intra,FP2
e1_t34,e1_t35,0.2667,intra,FP2
e1_t35,e1_t36,0.2667,intra,FP2
e1_t36,e1_t37,0.2667,intra,FP2
e1_t46,e1_t47,0.2,intra,FP2
e1_t47,e1_t48,0.3333,intra,FP2
e1_t53,e1_t54,0.2,intra,FP2
e1_t54,e1_t55,0.2,intra,FP2
e1_t71,e1_t72,0.4,intra,FP2
e1_t72,e1_t73,0.4,intra,FP2
e1_t73,e1_t74,0.3333,intra,FP2
e1_t76,e1_t77,0.4,intra,FP2
e1_t94,e1_t95,0.2667,intra,FP2
e1_t95,e1_t96,0.2667,intra,FP2
e1_t100,e1_t101,0.3333,intra,FP2
e1_t120,e1_t121,0.2667,intra,FP2
e1_t121,e1_t122,0.2,intra,FP2
e1_t125,e1_t126,0.2,intra,FP2
e1_t132,e1_t133,0.2,intra,FP2
e1_t133,e1_t134,0.2,intra,FP2
e1_t134,e1_t135,0.2667,intra,FP2
e1_t139,e1_t140,0.3333,intra,FP2
e1_t140,e1_t141,0.2,intra,FP2
e1_t141,e1_t142,0.2667,intra,FP2
e1_t158,e1_t159,0.3333,intra,FP2
e1_t177,e1_t178,0.2,intra,FP2
e1_t178,e1_t179,0.2667,intra,FP2
e1_t181,e1_t182,0.2,intra,FP2
e1_t184,e1_t185,0.2,intra,FP2
e1_t185,e1_t186,0.2667,intra,FP2
e1_t197,e1_t198,0.2667,intra,FP2
e1_t237,e1_t238,0.4,intra,FP2
e1_t4,e1_t5,0.3333,intra,FP2
e1_t103,e1_t104,0.2,intra,FP2
e1_t195,e1_t196,0.2667,intra,FP2
e1_t198,e1_t199,0.2667,intra,FP2
e1_t199,e1_t200,0.2667,intra,FP2
e1_t242,e1_t243,0.2,intra,FP2
e1_t243,e1_t244,0.3333,intra,FP2
e1_t7,e1_t8,0.3333,intra,FP2
e1_t8,e1_t9,0.3333,intra,FP2
e1_t9,e1_t10,0.2,intra,FP2
e1_t10,e1_t11,0.2667,intra,FP2
e1_t24,e1_t25,0.2667,intra,FP2
e1_t29,e1_t30,0.3333,intra,FP2
e1_t30,e1_t31,0.2,intra,FP2
e1_t39,e1_t40,0.3333,intra,FP2
e1_t40,e1_t41,0.2667,intra,FP2
e1_t59,e1_t60,0.2667,intra,FP2
e1_t60,e1_t61,0.2,intra,FP2
e1_t64,e1_t65,0.2,intra,FP2
e1_t65,e1_t66,0.2667,intra,FP2
e1_t66,e1_t67,0.2,intra,FP2
e1_t74,e1_t75,0.2,intra,FP2
e1_t75,e1_t76,0.4,intra,FP2
e1_t77,e1_t78,0.3333,intra,FP2
e1_t135,e1_t136,0.2667,intra,FP2
e1_t136,e1_t137,0.3333,intra,FP2
e1_t137,e1_t138,0.4,intra,FP2
e1_t138,e1_t139,0.2667,intra,FP2
e1_t69,e1_t70,0.2,intra,FP2
e1_t70,e1_t71,0.2667,intra,FP2
e1_t128,e1_t129,0.2,intra,FP2
e1_t163,e1_t164,0.3333,intra,FP2
e1_t167,e1_t168,0.3333,intra,FP2
e1_t168,e1_t169,0.2,intra,FP2
e1_t172,e1_t173,0.4,intra,FP2
e1_t186,e1_t187,0.2,intra,FP2
e1_t186,e1_t189,0.2,intra,FP2
e1_t188,e1_t189,0.3333,intra,FP2
e1_t189,e1_t190,0.2667,intra,FP2
e1_t191,e1_t192,0.2,intra,FP2
e1_t192,e1_t193,0.2667,intra,FP2
e1_t194,e1_t195,0.3333,intra,FP2
e1_t200,e1_t201,0.2667,intra,FP2
e1_t201,e1_t202,0.3333,intra,FP2
e1_t202,e1_t203,0.2,intra,FP2
e1_t207,e1_t208,0.2,intra,FP2
e1_t208,e1_t209,0.2,intra,FP2
e1_t220,e1_t221,0.3333,intra,FP2
e1_t221,e1_t222,0.2667,intra,FP2
e1_t228,e1_t229,0.2,intra,FP2
e1_t229,e1_t230,0.2667,intra,FP2
e1_t230,e1_t231,0.2667,intra,FP2
e1_t232,e1_t233,0.2667,intra,FP2
e1_t234,e1_t235,0.2,intra,FP2
e1_t236,e1_t237,0.3333,intra,FP2
e1_t238,e1_t239,0.2,intra,FP2
e1_t247,e1_t248,0.2667,intra,FP2
e1_t248,e1_t249,0.3333,intra,FP2
e1_t249,e1_t250,0.2,intra,FP2
e1_t252,e1_t253,0.2667,intra,FP2
e1_t253,e1_t254,0.2,intra,FP2
e1_t6,e1_t7,0.2,intra,FP2
e1_t11,e1_t12,0.2,intra,FP2
e1_t17,e1_t18,0.2,intra,FP2
e1_t26,e1_t27,0.2667,intra,FP2
e1_t33,e1_t34,0.2,intra,FP2
e1_t37,e1_t38,0.2667,intra,FP2
e1_t43,e1_t44,0.2667,intra,FP2
e1_t44,e1_t45,0.2667,intra,FP2
e1_t48,e1_t49,0.2667,intra,FP2
e1_t49,e1_t50,0.2667,intra,FP2
e1_t55,e1_t56,0.2,intra,FP2
e1_t56,e1_t57,0.2667,intra,FP2
e1_t58,e1_t59,0.2,intra,FP2
e1_t67,e1_t68,0.2667,intra,FP2
e1_t68,e1_t69,0.2667,intra,FP2
e1_t80,e1_t81,0.2,intra,FP2
e1_t81,e1_t82,0.2,intra,FP2
e1_t82,e1_t83,0.2,intra,FP2
e1_t83,e1_t84,0.2667,intra,FP2
e1_t84,e1_t85,0.2667,intra,FP2
e1_t85,e1_t86,0.2667,intra,FP2
e1_t86,e1_t87,0.2,intra,FP2
e1_t87,e1_t88,0.2667,intra,FP2
e1_t88,e1_t89,0.2,intra,FP2
e1_t89,e1_t90,0.2,intra,FP2
e1_t91,e1_t92,0.2667,intra,FP2
e1_t92,e1_t93,0.2667,intra,FP2
e1_t93,e1_t94,0.2667,intra,FP2
e1_t102,e1_t103,0.2667,intra,FP2
e1_t114,e1_t115,0.2,intra,FP2
e1_t119,e1_t120,0.2,intra,FP2
e1_t126,e1_t127,0.2,intra,FP2
e1_t127,e1_t128,0.2,intra,FP2
e1_t169,e1_t170,0.2,intra,FP2
e1_t193,e1_t194,0.2,intra,FP2
e1_t209,e1_t210,0.2,intra,FP2
e1_t216,e1_t217,0.2,intra,FP2
e1_t223,e1_t224,0.2667,intra,FP2
e1_t231,e1_t232,0.2,intra,FP2
e1_t245,e1_t246,0.2,intra,FP2
e1_t42,e1_t43,0.2667,intra,FP2
e1_t50,e1_t51,0.2,intra,FP2
e1_t51,e1_t52,0.2,intra,FP2
e1_t52,e1_t53,0.2,intra,FP2
e1_t101,e1_t102,0.2,intra,FP2
e1_t175,e1_t176,0.2,intra,FP2
e1_t239,e1_t240,0.2,intra,FP2
e1_t90,e1_t91,0.2,intra,FP2
e1_t224,e1_t225,0.2,intra,FP2
e1_t215,e1_t216,0.2,intra,FP2
e2_t42,e2_t43,0.2,intra,F7
e2_t93,e2_t94,0.2,intra,F7
e2_t94,e2_t95,0.2,intra,F7
e2_t105,e2_t106,0.3333,intra,F7
e2_t158,e2_t159,0.3333,intra,F7
e2_t159,e2_t160,0.4,intra,F7
e2_t160,e2_t161,0.3333,intra,F7
e2_t172,e2_t173,0.3333,intra,F7
e2_t176,e2_t177,0.2,intra,F7
e2_t177,e2_t178,0.3333,intra,F7
e2_t178,e2_t179,0.3333,intra,F7
e2_t185,e2_t186,0.3333,intra,F7
e2_t186,e2_t187,0.4,intra,F7
e2_t187,e2_t188,0.2667,intra,F7
e2_t188,e2_t189,0.2,intra,F7
e2_t39,e2_t40,0.2,intra,F7
e2_t40,e2_t41,0.2,intra,F7
e2_t41,e2_t42,0.3333,intra,F7
e2_t47,e2_t48,0.2667,intra,F7
e2_t77,e2_t78,0.4,intra,F7
e2_t78,e2_t79,0.3333,intra,F7
e2_t87,e2_t88,0.2,intra,F7
e2_t88,e2_t89,0.3333,intra,F7
e2_t114,e2_t115,0.4,intra,F7
e2_t115,e2_t116,0.2667,intra,F7
e2_t116,e2_t117,0.2,intra,F7
e2_t117,e2_t118,0.2667,intra,F7
e2_t118,e2_t119,0.2667,intra,F7
e2_t119,e2_t120,0.2,intra,F7
e2_t122,e2_t123,0.4,intra,F7
e2_t123,e2_t124,0.3333,intra,F7
e2_t133,e2_t134,0.2,intra,F7
e2_t150,e2_t151,0.2667,intra,F7
e2_t151,e2_t152,0.2,intra,F7
e2_t153,e2_t154,0.2,intra,F7
e2_t154,e2_t155,0.2667,intra,F7
e2_t189,e2_t190,0.2667,intra,F7
e2_t190,e2_t191,0.2,intra,F7
e2_t200,e2_t201,0.2,intra,F7
e2_t201,e2_t202,0.2,intra,F7
e2_t202,e2_t203,0.4,intra,F7
e2_t203,e2_t204,0.2667,intra,F7
e2_t204,e2_t205,0.2667,intra,F7
e2_t205,e2_t206,0.2667,intra,F7
e2_t206,e2_t207,0.2,intra,F7
e2_t207,e2_t208,0.3333,intra,F7
e2_t220,e2_t221,0.2,intra,F7
e2_t237,e2_t238,0.4,intra,F7
e2_t250,e2_t251,0.2,intra,F7
e2_t7,e2_t8,0.4,intra,F7
e2_t8,e2_t9,0.4667,intra,F7
e2_t9,e2_t10,0.2667,intra,F7
e2_t10,e2_t11,0.2667,intra,F7
e2_t11,e2_t12,0.2,intra,F7
e2_t13,e2_t14,0.4,intra,F7
e2_t24,e2_t25,0.4,intra,F7
e2_t25,e2_t26,0.2667,intra,F7
e2_t26,e2_t27,0.2667,intra,F7
e2_t27,e2_t28,0.2,intra,F7
e2_t55,e2_t56,0.2667,intra,F7
e2_t107,e2_t108,0.2,intra,F7
e2_t108,e2_t109,0.2667,intra,F7
e2_t109,e2_t110,0.3333,intra,F7
e2_t120,e2_t121,0.2667,intra,F7
e2_t121,e2_t122,0.4,intra,F7
e2_t130,e2_t131,0.3333,intra,F7
e2_t131,e2_t132,0.2667,intra,F7
e2_t166,e2_t167,0.2,intra,F7
e2_t167,e2_t168,0.3333,intra,F7
e2_t168,e2_t169,0.2667,intra,F7
e2_t169,e2_t170,0.4,intra,F7
e2_t170,e2_t171,0.4,intra,F7
e2_t171,e2_t172,0.4,intra,F7
e2_t183,e2_t184,0.2,intra,F7
e2_t199,e2_t200,0.2,intra,F7
e2_t241,e2_t242,0.4,intra,F7
e2_t2,e2_t3,0.3333,intra,F7
e2_t3,e2_t4,0.2,intra,F7
e2_t6,e2_t7,0.3333,intra,F7
e2_t23,e2_t24,0.3333,intra,F7
e2_t28,e2_t29,0.2667,intra,F7
e2_t29,e2_t30,0.2,intra,F7
e2_t30,e2_t31,0.2667,intra,F7
e2_t43,e2_t44,0.2667,intra,F7
e2_t44,e2_t45,0.2,intra,F7
e2_t69,e2_t70,0.2667,intra,F7
e2_t81,e2_t82,0.2,intra,F7
e2_t82,e2_t83,0.2,intra,F7
e2_t89,e2_t90,0.2,intra,F7
e2_t103,e2_t104,0.2,intra,F7
e2_t104,e2_t105,0.2667,intra,F7
e2_t242,e2_t243,0.2,intra,F7
e2_t243,e2_t244,0.2,intra,F7
e2_t0,e2_t1,0.2667,intra,F7
e2_t1,e2_t2,0.4,intra,F7
e2_t15,e2_t16,0.2667,intra,F7
e2_t16,e2_t17,0.2,intra,F7
e2_t17,e2_t18,0.2,intra,F7
e2_t71,e2_t72,0.3333,intra,F7
e2_t72,e2_t73,0.2667,intra,F7
e2_t96,e2_t97,0.2667,intra,F7
e2_t97,e2_t98,0.3333,intra,F7
e2_t98,e2_t99,0.3333,intra,F7
e2_t99,e2_t100,0.2667,intra,F7
e2_t110,e2_t111,0.2667,intra,F7
e2_t125,e2_t126,0.2,intra,F7
e2_t129,e2_t130,0.2,intra,F7
e2_t191,e2_t192,0.2667,intra,F7
e2_t192,e2_t193,0.2,intra,F7
e2_t193,e2_t194,0.2,intra,F7
e2_t197,e2_t198,0.3333,intra,F7
e2_t95,e2_t96,0.2,intra,F7
e2_t100,e2_t101,0.2667,intra,F7
e2_t101,e2_t102,0.2,intra,F7
e2_t102,e2_t103,0.2667,intra,F7
e2_t128,e2_t129,0.3333,intra,F7
e2_t162,e2_t163,0.2,intra,F7
e2_t163,e2_t164,0.2,intra,F7
e2_t227,e2_t228,0.2,intra,F7
e2_t244,e2_t245,0.2667,intra,F7
e2_t252,e2_t253,0.3333,intra,F7
e2_t253,e2_t254,0.2667,intra,F7
e2_t5,e2_t6,0.2,intra,F7
e2_t66,e2_t67,0.2667,intra,F7
e2_t85,e2_t86,0.3333,intra,F7
e2_t86,e2_t87,0.2667,intra,F7
e2_t156,e2_t157,0.2,intra,F7
e2_t157,e2_t158,0.2667,intra,F7
e2_t184,e2_t185,0.2,intra,F7
e2_t211,e2_t212,0.2,intra,F7
e2_t224,e2_t225,0.2,intra,F7
e2_t225,e2_t226,0.2,intra,F7
e2_t229,e2_t230,0.2667,intra,F7
e2_t230,e2_t231,0.3333,intra,F7
e2_t33,e2_t34,0.2,intra,F7
e2_t46,e2_t47,0.2667,intra,F7
e2_t137,e2_t138,0.2,intra,F7
e2_t139,e2_t140,0.2,intra,F7
e2_t140,e2_t141,0.4667,intra,F7
e2_t141,e2_t142,0.4,intra,F7
e2_t179,e2_t180,0.2667,intra,F7
e2_t180,e2_t181,0.2,intra,F7
e2_t194,e2_t195,0.2667,intra,F7
e2_t195,e2_t196,0.2667,intra,F7
e2_t219,e2_t220,0.2,intra,F7
e2_t231,e2_t232,0.2,intra,F7
e2_t239,e2_t240,0.2667,intra,F7
e2_t240,e2_t241,0.2667,intra,F7
e2_t14,e2_t15,0.3333,intra,F7
e2_t31,e2_t32,0.2,intra,F7
e2_t45,e2_t46,0.2,intra,F7
e2_t52,e2_t53,0.2,intra,F7
e2_t64,e2_t65,0.2,intra,F7
e2_t67,e2_t68,0.3333,intra,F7
e2_t73,e2_t74,0.2667,intra,F7
e2_t106,e2_t107,0.2,intra,F7
e2_t111,e2_t112,0.2,intra,F7
e2_t113,e2_t114,0.2667,intra,F7
e2_t126,e2_t127,0.2,intra,F7
e2_t127,e2_t128,0.2,intra,F7
e2_t135,e2_t136,0.2,intra,F7
e2_t164,e2_t165,0.2,intra,F7
e2_t208,e2_t209,0.3333,intra,F7
e2_t214,e2_t215,0.2,intra,F7
e2_t215,e2_t216,0.2667,intra,F7
e2_t216,e2_t217,0.3333,intra,F7
e2_t217,e2_t218,0.2,intra,F7
e2_t218,e2_t219,0.2667,intra,F7
e2_t238,e2_t239,0.4,intra,F7
e2_t245,e2_t246,0.2667,intra,F7
e2_t251,e2_t252,0.2,intra,F7
e2_t22,e2_t23,0.2,intra,F7
e2_t68,e2_t69,0.3333,intra,F7
e2_t74,e2_t75,0.2667,intra,F7
e2_t75,e2_t76,0.2,intra,F7
e2_t91,e2_t92,0.3333,intra,F7
e2_t92,e2_t93,0.2667,intra,F7
e2_t132,e2_t133,0.2,intra,F7
e2_t212,e2_t213,0.2667,intra,F7
e2_t213,e2_t214,0.2667,intra,F7
e2_t84,e2_t85,0.2667,intra,F7
e2_t136,e2_t137,0.2,intra,F7
e2_t198,e2_t199,0.2,intra,F7
e2_t254,e2_t255,0.2,intra,F7
e2_t236,e2_t237,0.2667,intra,F7
e2_t65,e2_t66,0.2,intra,F7
e2_t83,e2_t84,0.2,intra,F7
e2_t222,e2_t223,0.2,intra,F7
e2_t223,e2_t224,0.2,intra,F7
e2_t234,e2_t235,0.2,intra,F7
e3_t91,e3_t92,0.3333,intra,F3
e3_t92,e3_t93,0.3333,intra,F3
e3_t139,e3_t140,0.3333,intra,F3
e3_t140,e3_t141,0.2667,intra,F3
e3_t151,e3_t152,0.2667,intra,F3
e3_t152,e3_t153,0.3333,intra,F3
e3_t153,e3_t154,0.3333,intra,F3
e3_t190,e3_t191,0.2,intra,F3
e3_t191,e3_t192,0.2,intra,F3
e3_t202,e3_t203,0.2,intra,F3
e3_t203,e3_t204,0.4667,intra,F3
e3_t204,e3_t205,0.3333,intra,F3
e3_t8,e3_t9,0.2,intra,F3
e3_t14,e3_t15,0.2,intra,F3
e3_t15,e3_t16,0.2,intra,F3
e3_t44,e3_t45,0.2667,intra,F3
e3_t59,e3_t60,0.5333,intra,F3
e3_t60,e3_t61,0.3333,intra,F3
e3_t71,e3_t72,0.3333,intra,F3
e3_t72,e3_t73,0.4,intra,F3
e3_t85,e3_t86,0.2667,intra,F3
e3_t86,e3_t87,0.2,intra,F3
e3_t122,e3_t123,0.2,intra,F3
e3_t123,e3_t124,0.2667,intra,F3
e3_t183,e3_t184,0.4,intra,F3
e3_t184,e3_t185,0.4667,intra,F3
e3_t187,e3_t188,0.4,intra,F3
e3_t192,e3_t193,0.2,intra,F3
e3_t199,e3_t200,0.2667,intra,F3
e3_t200,e3_t201,0.4667,intra,F3
e3_t213,e3_t214,0.2,intra,F3
e3_t214,e3_t215,0.2,intra,F3
e3_t11,e3_t12,0.4667,intra,F3
e3_t12,e3_t13,0.4,intra,F3
e3_t16,e3_t17,0.2,intra,F3
e3_t23,e3_t24,0.2,intra,F3
e3_t24,e3_t25,0.2667,intra,F3
e3_t30,e3_t31,0.2,intra,F3
e3_t50,e3_t51,0.2,intra,F3
e3_t64,e3_t65,0.2667,intra,F3
e3_t65,e3_t66,0.3333,intra,F3
e3_t68,e3_t69,0.2,intra,F3
e3_t70,e3_t71,0.2,intra,F3
e3_t120,e3_t121,0.3333,intra,F3
e3_t121,e3_t122,0.2667,intra,F3
e3_t142,e3_t143,0.3333,intra,F3
e3_t163,e3_t164,0.3333,intra,F3
e3_t164,e3_t165,0.2667,intra,F3
e3_t235,e3_t236,0.3333,intra,F3
e3_t236,e3_t237,0.3333,intra,F3
e3_t248,e3_t249,0.4667,intra,F3
e3_t249,e3_t250,0.4667,intra,F3
e3_t25,e3_t26,0.2,intra,F3
e3_t29,e3_t30,0.2667,intra,F3
e3_t73,e3_t74,0.2667,intra,F3
e3_t76,e3_t77,0.4,intra,F3
e3_t171,e3_t172,0.3333,intra,F3
e3_t172,e3_t173,0.2,intra,F3
e3_t173,e3_t174,0.3333,intra,F3
e3_t253,e3_t254,0.2,intra,F3
e3_t254,e3_t255,0.2,intra,F3
e3_t5,e3_t6,0.2667,intra,F3
e3_t6,e3_t7,0.2,intra,F3
e3_t215,e3_t216,0.3333,intra,F3
e3_t216,e3_t217,0.2,intra,F3
e3_t217,e3_t218,0.2,intra,F3
e3_t220,e3_t221,0.2,intra,F3
e3_t228,e3_t229,0.4,intra,F3
e3_t229,e3_t230,0.4,intra,F3
e3_t230,e3_t231,0.2,intra,F3
e3_t247,e3_t248,0.4,intra,F3
e3_t20,e3_t21,0.4,intra,F3
e3_t21,e3_t22,0.2,intra,F3
e3_t56,e3_t57,0.2,intra,F3
e3_t88,e3_t89,0.4,intra,F3
e3_t161,e3_t162,0.3333,intra,F3
e3_t162,e3_t163,0.2667,intra,F3
e3_t219,e3_t220,0.2667,intra,F3
e3_t231,e3_t232,0.2,intra,F3
e3_t232,e3_t233,0.4,intra,F3
e3_t31,e3_t32,0.2,intra,F3
e3_t32,e3_t33,0.2,intra,F3
e3_t33,e3_t34,0.2,intra,F3
e3_t37,e3_t38,0.2,intra,F3
e3_t38,e3_t39,0.3333,intra,F3
e3_t39,e3_t40,0.3333,intra,F3
e3_t40,e3_t41,0.2,intra,F3
e3_t42,e3_t43,0.2667,intra,F3
e3_t58,e3_t59,0.2,intra,F3
e3_t62,e3_t63,0.2667,intra,F3
e3_t63,e3_t64,0.2,intra,F3
e3_t66,e3_t67,0.2,intra,F3
e3_t75,e3_t76,0.3333,intra,F3
e3_t117,e3_t118,0.2,intra,F3
e3_t118,e3_t119,0.4,intra,F3
e3_t124,e3_t125,0.2667,intra,F3
e3_t167,e3_t168,0.3333,intra,F3
e3_t168,e3_t169,0.3333,intra,F3
e3_t233,e3_t234,0.2667,intra,F3
e3_t74,e3_t75,0.2,intra,F3
e3_t95,e3_t96,0.2,intra,F3
e3_t96,e3_t97,0.2,intra,F3
e3_t107,e3_t108,0.2667,intra,F3
e3_t160,e3_t161,0.3333,intra,F3
e3_t185,e3_t186,0.2,intra,F3
e3_t187,e3_t191,0.2,intra,F3
e3_t198,e3_t199,0.2,intra,F3
e3_t205,e3_t206,0.2,intra,F3
e3_t224,e3_t225,0.2,intra,F3
e3_t227,e3_t228,0.3333,intra,F3
e3_t234,e3_t235,0.2667,intra,F3
e3_t240,e3_t241,0.2667,intra,F3
e3_t246,e3_t247,0.2,intra,F3
e3_t43,e3_t44,0.2667,intra,F3
e3_t82,e3_t83,0.2,intra,F3
e3_t83,e3_t84,0.3333,intra,F3
e3_t89,e3_t90,0.2,intra,F3
e3_t97,e3_t98,0.2,intra,F3
e3_t103,e3_t104,0.2,intra,F3
e3_t104,e3_t105,0.2,intra,F3
e3_t109,e3_t110,0.2667,intra,F3
e3_t110,e3_t111,0.2,intra,F3
e3_t111,e3_t112,0.2,intra,F3
e3_t133,e3_t134,0.2,intra,F3
e3_t144,e3_t145,0.2,intra,F3
e3_t145,e3_t146,0.2667,intra,F3
e3_t149,e3_t150,0.2667,intra,F3
e3_t150,e3_t151,0.3333,intra,F3
e3_t175,e3_t176,0.2,intra,F3
e3_t10,e3_t11,0.3333,intra,F3
e3_t87,e3_t88,0.2,intra,F3
e3_t106,e3_t107,0.2,intra,F3
e3_t125,e3_t126,0.2,intra,F3
e3_t61,e3_t62,0.2667,intra,F3
e3_t84,e3_t85,0.2667,intra,F3
e3_t146,e3_t147,0.2,intra,F3
e3_t147,e3_t148,0.2667,intra,F3
e3_t148,e3_t149,0.2,intra,F3
e3_t154,e3_t155,0.2,intra,F3
e3_t155,e3_t156,0.2,intra,F3
e3_t186,e3_t187,0.2,intra,F3
e3_t208,e3_t209,0.2,intra,F3
e3_t209,e3_t210,0.2,intra,F3
e3_t19,e3_t20,0.2667,intra,F3
e3_t48,e3_t49,0.2,intra,F3
e3_t77,e3_t78,0.2,intra,F3
e3_t182,e3_t183,0.2,intra,F3
e3_t211,e3_t212,0.2,intra,F3
e3_t212,e3_t213,0.2667,intra,F3
e3_t218,e3_t219,0.2667,intra,F3
e3_t99,e3_t100,0.2,intra,F3
e4_t154,e4_t155,0.3333,intra,FZ
e4_t155,e4_t156,0.3333,intra,FZ
e4_t157,e4_t158,0.2667,intra,FZ
e4_t164,e4_t165,0.4667,intra,FZ
e4_t165,e4_t166,0.3333,intra,FZ
e4_t166,e4_t167,0.3333,intra,FZ
e4_t167,e4_t168,0.3333,intra,FZ
e4_t168,e4_t169,0.3333,intra,FZ
e4_t175,e4_t176,0.2667,intra,FZ
e4_t176,e4_t177,0.2,intra,FZ
e4_t177,e4_t178,0.2,intra,FZ
e4_t178,e4_t179,0.2,intra,FZ
e4_t179,e4_t180,0.2,intra,FZ
e4_t180,e4_t181,0.2667,intra,FZ
e4_t205,e4_t206,0.2,intra,FZ
e4_t206,e4_t207,0.3333,intra,FZ
e4_t207,e4_t208,0.2667,intra,FZ
e4_t48,e4_t49,0.2667,intra,FZ
e4_t49,e4_t50,0.2667,intra,FZ
e4_t50,e4_t51,0.4,intra,FZ
e4_t51,e4_t52,0.4,intra,FZ
e4_t60,e4_t61,0.3333,intra,FZ
e4_t61,e4_t62,0.2,intra,FZ
e4_t62,e4_t63,0.2667,intra,FZ
e4_t63,e4_t64,0.4,intra,FZ
e4_t73,e4_t74,0.2,intra,FZ
e4_t74,e4_t75,0.2,intra,FZ
e4_t232,e4_t233,0.3333,intra,FZ
e4_t17,e4_t18,0.2667,intra,FZ
e4_t18,e4_t19,0.2667,intra,FZ
e4_t27,e4_t28,0.2,intra,FZ
e4_t28,e4_t29,0.3333,intra,FZ
e4_t37,e4_t38,0.3333,intra,FZ
e4_t38,e4_t39,0.2,intra,FZ
e4_t39,e4_t40,0.2,intra,FZ
e4_t52,e4_t53,0.2,intra,FZ
e4_t53,e4_t54,0.2667,intra,FZ
e4_t57,e4_t58,0.3333,intra,FZ
e4_t58,e4_t59,0.2,intra,FZ
e4_t64,e4_t65,0.2,intra,FZ
e4_t86,e4_t87,0.2667,intra,FZ
e4_t99,e4_t100,0.2667,intra,FZ
e4_t100,e4_t101,0.2,intra,FZ
e4_t101,e4_t102,0.3333,intra,FZ
e4_t102,e4_t103,0.4,intra,FZ
e4_t103,e4_t104,0.2,intra,FZ
e4_t107,e4_t108,0.2667,intra,FZ
e4_t108,e4_t109,0.2,intra,FZ
e4_t109,e4_t110,0.2667,intra,FZ
e4_t110,e4_t111,0.3333,intra,FZ
e4_t112,e4_t113,0.2667,intra,FZ
e4_t114,e4_t115,0.2,intra,FZ
e4_t150,e4_t151,0.2,intra,FZ
e4_t151,e4_t152,0.2,intra,FZ
e4_t153,e4_t154,0.2667,intra,FZ
e4_t162,e4_t163,0.2,intra,FZ
e4_t163,e4_t164,0.3333,intra,FZ
e4_t182,e4_t183,0.2,intra,FZ
e4_t30,e4_t31,0.3333,intra,FZ
e4_t31,e4_t32,0.3333,intra,FZ
e4_t140,e4_t141,0.2,intra,FZ
e4_t82,e4_t83,0.2667,intra,FZ
e4_t83,e4_t84,0.2,intra,FZ
e4_t104,e4_t105,0.2667,intra,FZ
e4_t105,e4_t106,0.3333,intra,FZ
e4_t29,e4_t30,0.2667,intra,FZ
e4_t32,e4_t33,0.2667,intra,FZ
e4_t33,e4_t34,0.2,intra,FZ
e4_t34,e4_t35,0.2667,intra,FZ
e4_t35,e4_t36,0.2667,intra,FZ
e4_t98,e4_t99,0.2667,intra,FZ
e4_t170,e4_t171,0.4,intra,FZ
e4_t171,e4_t172,0.4,intra,FZ
e4_t188,e4_t189,0.2,intra,FZ
e4_t194,e4_t195,0.2,intra,FZ
e4_t216,e4_t217,0.2667,intra,FZ
e4_t217,e4_t218,0.4667,intra,FZ
e4_t229,e4_t230,0.2,intra,FZ
e4_t230,e4_t231,0.2667,intra,FZ
e4_t231,e4_t232,0.4,intra,FZ
e4_t233,e4_t234,0.3333,intra,FZ
e4_t234,e4_t235,0.4,intra,FZ
e4_t235,e4_t236,0.2667,intra,FZ
e4_t237,e4_t238,0.2667,intra,FZ
e4_t239,e4_t240,0.2667,intra,FZ
e4_t240,e4_t241,0.2667,intra,FZ
e4_t248,e4_t249,0.3333,intra,FZ
e4_t249,e4_t250,0.2,intra,FZ
e4_t254,e4_t255,0.2667,intra,FZ
e4_t0,e4_t1,0.2667,intra,FZ
e4_t4,e4_t5,0.2667,intra,FZ
e4_t10,e4_t11,0.2,intra,FZ
e4_t44,e4_t45,0.2667,intra,FZ
e4_t45,e4_t46,0.2667,intra,FZ
e4_t46,e4_t47,0.2667,intra,FZ
e4_t47,e4_t48,0.3333,intra,FZ
e4_t54,e4_t55,0.2667,intra,FZ
e4_t55,e4_t56,0.2,intra,FZ
e4_t66,e4_t67,0.2667,intra,FZ
e4_t69,e4_t70,0.2667,intra,FZ
e4_t71,e4_t72,0.2,intra,FZ
e4_t81,e4_t82,0.2,intra,FZ
e4_t85,e4_t86,0.2667,intra,FZ
e4_t88,e4_t89,0.2667,intra,FZ
e4_t89,e4_t90,0.2,intra,FZ
e4_t90,e4_t91,0.2,intra,FZ
e4_t123,e4_t124,0.2,intra,FZ
e4_t126,e4_t127,0.2667,intra,FZ
e4_t127,e4_t128,0.2667,intra,FZ
e4_t128,e4_t129,0.2,intra,FZ
e4_t138,e4_t139,0.2,intra,FZ
e4_t141,e4_t142,0.2,intra,FZ
e4_t144,e4_t145,0.2667,intra,FZ
e4_t145,e4_t146,0.2667,intra,FZ
e4_t158,e4_t159,0.2,intra,FZ
e4_t160,e4_t161,0.3333,intra,FZ
e4_t161,e4_t162,0.2667,intra,FZ
e4_t173,e4_t174,0.2667,intra,FZ
e4_t181,e4_t182,0.2,intra,FZ
e4_t183,e4_t184,0.2,intra,FZ
e4_t189,e4_t190,0.2,intra,FZ
e4_t191,e4_t192,0.2667,intra,FZ
e4_t192,e4_t193,0.2,intra,FZ
e4_t193,e4_t194,0.2667,intra,FZ
e4_t195,e4_t196,0.2,intra,FZ
e4_t196,e4_t197,0.2667,intra,FZ
e4_t198,e4_t199,0.2667,intra,FZ
e4_t199,e4_t200,0.3333,intra,FZ
e4_t200,e4_t201,0.2667,intra,FZ
e4_t201,e4_t202,0.2,intra,FZ
e4_t208,e4_t209,0.2,intra,FZ
e4_t209,e4_t210,0.2667,intra,FZ
e4_t213,e4_t214,0.2667,intra,FZ
e4_t214,e4_t215,0.2667,intra,FZ
e4_t215,e4_t216,0.4,intra,FZ
e4_t218,e4_t219,0.2667,intra,FZ
e4_t221,e4_t222,0.3333,intra,FZ
e4_t222,e4_t223,0.3333,intra,FZ
e4_t238,e4_t239,0.3333,intra,FZ
e4_t247,e4_t248,0.3333,intra,FZ
e4_t1,e4_t2,0.2667,intra,FZ
e4_t2,e4_t3,0.2667,intra,FZ
e4_t16,e4_t17,0.2,intra,FZ
e4_t25,e4_t26,0.2,intra,FZ
e4_t26,e4_t27,0.2,intra,FZ
e4_t40,e4_t41,0.2667,intra,FZ
e4_t41,e4_t42,0.2,intra,FZ
e4_t59,e4_t60,0.2,intra,FZ
e4_t87,e4_t88,0.2,intra,FZ
e4_t94,e4_t95,0.2,intra,FZ
e4_t95,e4_t96,0.2,intra,FZ
e4_t97,e4_t98,0.2,intra,FZ
e4_t136,e4_t137,0.2,intra,FZ
e4_t137,e4_t138,0.2,intra,FZ
e4_t143,e4_t144,0.2,intra,FZ
e4_t147,e4_t148,0.2,intra,FZ
e4_t219,e4_t220,0.2667,intra,FZ
e4_t223,e4_t224,0.2667,intra,FZ
e4_t224,e4_t225,0.2,intra,FZ
e4_t243,e4_t244,0.2,intra,FZ
e4_t244,e4_t245,0.2,intra,FZ
e4_t250,e4_t251,0.2,intra,FZ
e4_t132,e4_t133,0.2,intra,FZ
e4_t133,e4_t134,0.2,intra,FZ
e4_t174,e4_t175,0.2667,intra,FZ
e4_t190,e4_t191,0.2,intra,FZ
e4_t197,e4_t198,0.2,intra,FZ
e4_t203,e4_t204,0.2,intra,FZ
e4_t204,e4_t205,0.2667,intra,FZ
e4_t210,e4_t211,0.2,intra,FZ
e4_t211,e4_t212,0.2,intra,FZ
e4_t212,e4_t213,0.2667,intra,FZ
e4_t236,e4_t237,0.2,intra,FZ
e4_t67,e4_t68,0.2,intra,FZ
e4_t130,e4_t131,0.2,intra,FZ
e4_t131,e4_t132,0.2,intra,FZ
e4_t19,e4_t20,0.2,intra,FZ
e4_t22,e4_t23,0.2,intra,FZ
e4_t43,e4_t44,0.2,intra,FZ
e4_t251,e4_t252,0.2,intra,FZ
e5_t56,e5_t57,0.2,intra,F4
e5_t57,e5_t58,0.2667,intra,F4
e5_t80,e5_t81,0.2,intra,F4
e5_t92,e5_t93,0.3333,intra,F4
e5_t93,e5_t94,0.2,intra,F4
e5_t108,e5_t109,0.2667,intra,F4
e5_t109,e5_t110,0.2,intra,F4
e5_t136,e5_t137,0.2667,intra,F4
e5_t137,e5_t138,0.2,intra,F4
e5_t151,e5_t152,0.3333,intra,F4
e5_t152,e5_t153,0.2,intra,F4
e5_t153,e5_t154,0.2,intra,F4
e5_t155,e5_t156,0.2,intra,F4
e5_t156,e5_t157,0.2667,intra,F4
e5_t157,e5_t158,0.2,intra,F4
e5_t158,e5_t159,0.2,intra,F4
e5_t187,e5_t188,0.3333,intra,F4
e5_t188,e5_t189,0.4667,intra,F4
e5_t199,e5_t200,0.2,intra,F4
e5_t200,e5_t201,0.2,intra,F4
e5_t200,e5_t206,0.2,intra,F4
e5_t201,e5_t202,0.2667,intra,F4
e5_t204,e5_t205,0.4667,intra,F4
e5_t205,e5_t206,0.3333,intra,F4
e5_t206,e5_t207,0.2667,intra,F4
e5_t207,e5_t208,0.2667,intra,F4
e5_t208,e5_t209,0.3333,intra,F4
e5_t216,e5_t217,0.3333,intra,F4
e5_t217,e5_t218,0.3333,intra,F4
e5_t224,e5_t225,0.3333,intra,F4
e5_t225,e5_t226,0.2667,intra,F4
e5_t232,e5_t233,0.2,intra,F4
e5_t236,e5_t237,0.4,intra,F4
e5_t237,e5_t238,0.2667,intra,F4
e5_t248,e5_t249,0.3333,intra,F4
e5_t249,e5_t250,0.5333,intra,F4
e5_t250,e5_t251,0.2667,intra,F4
e5_t41,e5_t42,0.4667,intra,F4
e5_t59,e5_t60,0.2667,intra,F4
e5_t60,e5_t61,0.3333,intra,F4
e5_t104,e5_t105,0.3333,intra,F4
e5_t172,e5_t173,0.3333,intra,F4
e5_t189,e5_t190,0.3333,intra,F4
e5_t13,e5_t14,0.2667,intra,F4
e5_t24,e5_t25,0.2,intra,F4
e5_t39,e5_t40,0.2667,intra,F4
e5_t40,e5_t41,0.4667,intra,F4
e5_t88,e5_t89,0.2667,intra,F4
e5_t89,e5_t90,0.2667,intra,F4
e5_t100,e5_t101,0.2667,intra,F4
e5_t184,e5_t185,0.2,intra,F4
e5_t11,e5_t12,0.2667,intra,F4
e5_t12,e5_t13,0.3333,intra,F4
e5_t25,e5_t26,0.2,intra,F4
e5_t28,e5_t29,0.2667,intra,F4
e5_t61,e5_t62,0.2,intra,F4
e5_t64,e5_t65,0.2,intra,F4
e5_t72,e5_t73,0.3333,intra,F4
e5_t73,e5_t74,0.3333,intra,F4
e5_t91,e5_t92,0.3333,intra,F4
e5_t171,e5_t172,0.2667,intra,F4
e5_t215,e5_t216,0.3333,intra,F4
e5_t220,e5_t221,0.2667,intra,F4
e5_t221,e5_t222,0.2667,intra,F4
e5_t10,e5_t11,0.2667,intra,F4
e5_t20,e5_t21,0.2,intra,F4
e5_t29,e5_t30,0.2,intra,F4
e5_t30,e5_t31,0.3333,intra,F4
e5_t31,e5_t32,0.2667,intra,F4
e5_t32,e5_t33,0.3333,intra,F4
e5_t33,e5_t34,0.2,intra,F4
e5_t34,e5_t35,0.2,intra,F4
e5_t35,e5_t36,0.2667,intra,F4
e5_t36,e5_t37,0.2667,intra,F4
e5_t42,e5_t43,0.2667,intra,F4
e5_t52,e5_t53,0.2,intra,F4
e5_t53,e5_t54,0.2,intra,F4
e5_t55,e5_t56,0.2,intra,F4
e5_t58,e5_t59,0.2667,intra,F4
e5_t62,e5_t63,0.2667,intra,F4
e5_t63,e5_t64,0.2,intra,F4
e5_t65,e5_t66,0.2,intra,F4
e5_t66,e5_t67,0.2,intra,F4
e5_t68,e5_t69,0.2,intra,F4
e5_t75,e5_t76,0.2,intra,F4
e5_t121,e5_t122,0.2667,intra,F4
e5_t169,e5_t170,0.2,intra,F4
e5_t212,e5_t213,0.3333,intra,F4
e5_t213,e5_t214,0.2667,intra,F4
e5_t218,e5_t219,0.3333,intra,F4
e5_t229,e5_t230,0.2667,intra,F4
e5_t230,e5_t231,0.2667,intra,F4
e5_t233,e5_t234,0.3333,intra,F4
e5_t234,e5_t235,0.2667,intra,F4
e5_t239,e5_t240,0.2,intra,F4
e5_t240,e5_t241,0.3333,intra,F4
e5_t241,e5_t242,0.2667,intra,F4
e5_t254,e5_t255,0.3333,intra,F4
e5_t21,e5_t22,0.2667,intra,F4
e5_t27,e5_t28,0.2,intra,F4
e5_t44,e5_t45,0.3333,intra,F4
e5_t45,e5_t46,0.2,intra,F4
e5_t46,e5_t47,0.2667,intra,F4
e5_t48,e5_t49,0.2667,intra,F4
e5_t50,e5_t51,0.2,intra,F4
e5_t69,e5_t70,0.2,intra,F4
e5_t71,e5_t72,0.2,intra,F4
e5_t76,e5_t77,0.2667,intra,F4
e5_t77,e5_t78,0.4,intra,F4
e5_t90,e5_t91,0.2667,intra,F4
e5_t94,e5_t95,0.2,intra,F4
e5_t96,e5_t97,0.2667,intra,F4
e5_t97,e5_t98,0.2667,intra,F4
e5_t98,e5_t99,0.2,intra,F4
e5_t103,e5_t104,0.2,intra,F4
e5_t105,e5_t106,0.2667,intra,F4
e5_t110,e5_t111,0.2,intra,F4
e5_t124,e5_t125,0.2,intra,F4
e5_t126,e5_t127,0.2,intra,F4
e5_t133,e5_t134,0.2,intra,F4
e5_t150,e5_t151,0.2667,intra,F4
e5_t161,e5_t162,0.2,intra,F4
e5_t163,e5_t164,0.2,intra,F4
e5_t167,e5_t168,0.2,intra,F4
e5_t168,e5_t169,0.2667,intra,F4
e5_t170,e5_t171,0.2,intra,F4
e5_t173,e5_t174,0.2667,intra,F4
e5_t175,e5_t176,0.2,intra,F4
e5_t176,e5_t177,0.2,intra,F4
e5_t177,e5_t178,0.2,intra,F4
e5_t182,e5_t183,0.2667,intra,F4
e5_t183,e5_t184,0.2,intra,F4
e5_t185,e5_t186,0.2667,intra,F4
e5_t186,e5_t187,0.2,intra,F4
e5_t193,e5_t194,0.2,intra,F4
e5_t194,e5_t195,0.2,intra,F4
e5_t195,e5_t196,0.2,intra,F4
e5_t203,e5_t204,0.2,intra,F4
e5_t210,e5_t211,0.3333,intra,F4
e5_t211,e5_t212,0.2667,intra,F4
e5_t219,e5_t220,0.2,intra,F4
e5_t222,e5_t223,0.2667,intra,F4
e5_t227,e5_t228,0.2667,intra,F4
e5_t228,e5_t229,0.2667,intra,F4
e5_t231,e5_t232,0.2667,intra,F4
e5_t244,e5_t245,0.2667,intra,F4
e5_t245,e5_t246,0.2,intra,F4
e5_t247,e5_t248,0.2,intra,F4
e5_t251,e5_t252,0.2,intra,F4
e5_t253,e5_t254,0.2667,intra,F4
e5_t8,e5_t9,0.2,intra,F4
e5_t9,e5_t10,0.2667,intra,F4
e5_t17,e5_t18,0.2,intra,F4
e5_t43,e5_t44,0.2,intra,F4
e5_t47,e5_t48,0.2667,intra,F4
e5_t78,e5_t79,0.2,intra,F4
e5_t101,e5_t102,0.2667,intra,F4
e5_t209,e5_t210,0.2667,intra,F4
e5_t70,e5_t71,0.2,intra,F4
e6_t56,e6_t57,0.2,intra,F8
e6_t57,e6_t58,0.3333,intra,F8
e6_t58,e6_t59,0.2667,intra,F8
e6_t92,e6_t93,0.2,intra,F8
e6_t93,e6_t94,0.2,intra,F8
e6_t105,e6_t106,0.3333,intra,F8
e6_t106,e6_t107,0.2667,intra,F8
e6_t140,e6_t141,0.2667,intra,F8
e6_t141,e6_t142,0.2667,intra,F8
e6_t156,e6_t157,0.4,intra,F8
e6_t157,e6_t158,0.6,intra,F8
e6_t172,e6_t173,0.2,intra,F8
e6_t173,e6_t174,0.2,intra,F8
e6_t174,e6_t175,0.2,intra,F8
e6_t175,e6_t176,0.2,intra,F8
e6_t176,e6_t177,0.2,intra,F8
e6_t177,e6_t178,0.2,intra,F8
e6_t178,e6_t179,0.2,intra,F8
e6_t185,e6_t186,0.5333,intra,F8
e6_t186,e6_t187,0.5333,intra,F8
e6_t188,e6_t189,0.2667,intra,F8
e6_t239,e6_t240,0.3333,intra,F8
e6_t240,e6_t241,0.2667,intra,F8
e6_t241,e6_t242,0.2,intra,F8
e6_t47,e6_t48,0.2,intra,F8
e6_t48,e6_t49,0.2667,intra,F8
e6_t49,e6_t50,0.2,intra,F8
e6_t50,e6_t51,0.2,intra,F8
e6_t60,e6_t61,0.2667,intra,F8
e6_t61,e6_t62,0.3333,intra,F8
e6_t70,e6_t71,0.2,intra,F8
e6_t71,e6_t72,0.2,intra,F8
e6_t72,e6_t73,0.2,intra,F8
e6_t73,e6_t74,0.2667,intra,F8
e6_t74,e6_t75,0.2667,intra,F8
e6_t81,e6_t82,0.2,intra,F8
e6_t82,e6_t83,0.2,intra,F8
e6_t83,e6_t84,0.2,intra,F8
e6_t84,e6_t85,0.3333,intra,F8
e6_t85,e6_t86,0.3333,intra,F8
e6_t86,e6_t87,0.2,intra,F8
e6_t143,e6_t144,0.2667,intra,F8
e6_t144,e6_t145,0.2667,intra,F8
e6_t155,e6_t156,0.2667,intra,F8
e6_t189,e6_t190,0.2,intra,F8
e6_t201,e6_t202,0.2667,intra,F8
e6_t202,e6_t203,0.2,intra,F8
e6_t237,e6_t238,0.4,intra,F8
e6_t18,e6_t19,0.2,intra,F8
e6_t19,e6_t20,0.2,intra,F8
e6_t25,e6_t26,0.2,intra,F8
e6_t26,e6_t27,0.2,intra,F8
e6_t27,e6_t28,0.2667,intra,F8
e6_t63,e6_t64,0.2,intra,F8
e6_t89,e6_t90,0.3333,intra,F8
e6_t90,e6_t91,0.2,intra,F8
e6_t108,e6_t109,0.2667,intra,F8
e6_t109,e6_t110,0.4667,intra,F8
e6_t110,e6_t111,0.3333,intra,F8
e6_t111,e6_t112,0.4,intra,F8
e6_t121,e6_t122,0.3333,intra,F8
e6_t122,e6_t123,0.2,intra,F8
e6_t158,e6_t159,0.3333,intra,F8
e6_t169,e6_t170,0.5333,intra,F8
e6_t170,e6_t171,0.2667,intra,F8
e6_t222,e6_t223,0.2,intra,F8
e6_t223,e6_t224,0.2,intra,F8
e6_t224,e6_t225,0.2667,intra,F8
e6_t236,e6_t237,0.2667,intra,F8
e6_t9,e6_t10,0.2,intra,F8
e6_t31,e6_t32,0.2,intra,F8
e6_t38,e6_t39,0.2667,intra,F8
e6_t64,e6_t65,0.4,intra,F8
e6_t65,e6_t66,0.2,intra,F8
e6_t98,e6_t99,0.2,intra,F8
e6_t99,e6_t100,0.2667,intra,F8
e6_t100,e6_t101,0.3333,intra,F8
e6_t101,e6_t102,0.2667,intra,F8
e6_t115,e6_t116,0.2,intra,F8
e6_t160,e6_t161,0.2667,intra,F8
e6_t168,e6_t169,0.3333,intra,F8
e6_t171,e6_t172,0.2,intra,F8
e6_t249,e6_t250,0.2,intra,F8
e6_t250,e6_t251,0.2667,intra,F8
e6_t28,e6_t29,0.2667,intra,F8
e6_t29,e6_t30,0.4667,intra,F8
e6_t37,e6_t38,0.2,intra,F8
e6_t40,e6_t41,0.3333,intra,F8
e6_t43,e6_t44,0.2,intra,F8
e6_t44,e6_t45,0.2667,intra,F8
e6_t45,e6_t46,0.2667,intra,F8
e6_t46,e6_t47,0.2,intra,F8
e6_t77,e6_t78,0.2667,intra,F8
e6_t124,e6_t125,0.3333,intra,F8
e6_t184,e6_t185,0.3333,intra,F8
e6_t192,e6_t193,0.2,intra,F8
e6_t196,e6_t197,0.2667,intra,F8
e6_t197,e6_t198,0.2,intra,F8
e6_t227,e6_t228,0.2667,intra,F8
e6_t228,e6_t229,0.3333,intra,F8
e6_t229,e6_t230,0.3333,intra,F8
e6_t137,e6_t138,0.2,intra,F8
e6_t138,e6_t139,0.2,intra,F8
e6_t194,e6_t195,0.2,intra,F8
e6_t195,e6_t196,0.2,intra,F8
e6_t41,e6_t42,0.2,intra,F8
e6_t42,e6_t43,0.2667,intra,F8
e6_t205,e6_t206,0.2,intra,F8
e6_t230,e6_t231,0.2,intra,F8
e6_t231,e6_t232,0.2667,intra,F8
e6_t232,e6_t233,0.2,intra,F8
e6_t233,e6_t234,0.2,intra,F8
e6_t246,e6_t247,0.2,intra,F8
e6_t252,e6_t253,0.2,intra,F8
e6_t10,e6_t11,0.2667,intra,F8
e6_t221,e6_t222,0.2,intra,F8
e6_t242,e6_t243,0.2,intra,F8
e6_t55,e6_t56,0.2,intra,F8
e6_t104,e6_t105,0.2,intra,F8
e6_t127,e6_t128,0.2,intra,F8
e6_t152,e6_t153,0.2667,intra,F8
e6_t153,e6_t154,0.2,intra,F8
e6_t161,e6_t162,0.2,intra,F8
e6_t180,e6_t181,0.2,intra,F8
e6_t213,e6_t214,0.2,intra,F8
e6_t214,e6_t215,0.2,intra,F8
e6_t219,e6_t220,0.2667,intra,F8
e6_t17,e6_t18,0.2,intra,F8
e6_t21,e6_t22,0.2,intra,F8
e6_t22,e6_t23,0.2667,intra,F8
e6_t23,e6_t24,0.2,intra,F8
e6_t69,e6_t70,0.3333,intra,F8
e6_t125,e6_t126,0.3333,intra,F8
e6_t167,e6_t168,0.2,intra,F8
e6_t1,e6_t2,0.2667,intra,F8
e6_t2,e6_t3,0.2,intra,F8
e6_t193,e6_t194,0.2,intra,F8
e6_t253,e6_t254,0.2667,intra,F8
e6_t254,e6_t255,0.2667,intra,F8
e6_t3,e6_t4,0.2,intra,F8
e6_t32,e6_t33,0.2667,intra,F8
e6_t68,e6_t69,0.2,intra,F8
e6_t112,e6_t113,0.2,intra,F8
e6_t154,e6_t155,0.2,intra,F8
e7_t26,e7_t27,0.2667,intra,T7
e7_t155,e7_t156,0.2667,intra,T7
e7_t156,e7_t157,0.4667,intra,T7
e7_t168,e7_t169,0.4667,intra,T7
e7_t177,e7_t178,0.2,intra,T7
e7_t216,e7_t217,0.2667,intra,T7
e7_t236,e7_t237,0.4,intra,T7
e7_t236,e7_t249,0.2,intra,T7
e7_t248,e7_t249,0.4667,intra,T7
e7_t249,e7_t250,0.3333,intra,T7
e7_t252,e7_t253,0.2667,intra,T7
e7_t253,e7_t254,0.2667,intra,T7
e7_t7,e7_t8,0.4,intra,T7
e7_t8,e7_t9,0.5333,intra,T7
e7_t9,e7_t10,0.3333,intra,T7
e7_t48,e7_t49,0.3333,intra,T7
e7_t49,e7_t50,0.3333,intra,T7
e7_t59,e7_t60,0.3333,intra,T7
e7_t60,e7_t61,0.4,intra,T7
e7_t72,e7_t73,0.4,intra,T7
e7_t91,e7_t92,0.2,intra,T7
e7_t92,e7_t93,0.2667,intra,T7
e7_t93,e7_t94,0.2,intra,T7
e7_t104,e7_t105,0.2667,intra,T7
e7_t105,e7_t106,0.3333,intra,T7
e7_t182,e7_t183,0.2,intra,T7
e7_t183,e7_t184,0.3333,intra,T7
e7_t184,e7_t185,0.4667,intra,T7
e7_t185,e7_t186,0.2667,intra,T7
e7_t191,e7_t192,0.3333,intra,T7
e7_t192,e7_t193,0.2667,intra,T7
e7_t203,e7_t204,0.4,intra,T7
e7_t204,e7_t205,0.3333,intra,T7
e7_t211,e7_t212,0.2,intra,T7
e7_t212,e7_t213,0.2,intra,T7
e7_t219,e7_t220,0.3333,intra,T7
e7_t220,e7_t221,0.3333,intra,T7
e7_t233,e7_t234,0.2667,intra,T7
e7_t250,e7_t251,0.2,intra,T7
e7_t251,e7_t252,0.2,intra,T7
e7_t11,e7_t12,0.4,intra,T7
e7_t12,e7_t13,0.2,intra,T7
e7_t24,e7_t25,0.2,intra,T7
e7_t25,e7_t26,0.3333,intra,T7
e7_t44,e7_t45,0.2667,intra,T7
e7_t53,e7_t54,0.2,intra,T7
e7_t54,e7_t55,0.2,intra,T7
e7_t55,e7_t56,0.3333,intra,T7
e7_t56,e7_t57,0.4,intra,T7
e7_t63,e7_t64,0.2667,intra,T7
e7_t64,e7_t65,0.3333,intra,T7
e7_t65,e7_t66,0.2667,intra,T7
e7_t66,e7_t67,0.2667,intra,T7
e7_t69,e7_t70,0.2667,intra,T7
e7_t108,e7_t109,0.2,intra,T7
e7_t109,e7_t110,0.2,intra,T7
e7_t120,e7_t121,0.2667,intra,T7
e7_t121,e7_t122,0.2667,intra,T7
e7_t152,e7_t153,0.2,intra,T7
e7_t153,e7_t154,0.3333,intra,T7
e7_t164,e7_t165,0.2667,intra,T7
e7_t165,e7_t166,0.2,intra,T7
e7_t187,e7_t188,0.4,intra,T7
e7_t188,e7_t189,0.2667,intra,T7
e7_t199,e7_t200,0.3333,intra,T7
e7_t200,e7_t201,0.3333,intra,T7
e7_t201,e7_t202,0.2,intra,T7
e7_t32,e7_t33,0.2,intra,T7
e7_t45,e7_t46,0.2,intra,T7
e7_t88,e7_t89,0.2667,intra,T7
e7_t89,e7_t90,0.2667,intra,T7
e7_t138,e7_t139,0.2,intra,T7
e7_t139,e7_t140,0.4667,intra,T7
e7_t140,e7_t141,0.4,intra,T7
e7_t10,e7_t11,0.2,intra,T7
e7_t40,e7_t41,0.3333,intra,T7
e7_t41,e7_t42,0.3333,intra,T7
e7_t73,e7_t74,0.2,intra,T7
e7_t157,e7_t158,0.3333,intra,T7
e7_t197,e7_t198,0.2,intra,T7
e7_t217,e7_t218,0.2667,intra,T7
e7_t123,e7_t124,0.4,intra,T7
e7_t124,e7_t125,0.3333,intra,T7
e7_t132,e7_t133,0.2667,intra,T7
e7_t189,e7_t190,0.2,intra,T7
e7_t235,e7_t236,0.2667,intra,T7
e7_t237,e7_t238,0.2667,intra,T7
e7_t247,e7_t248,0.3333,intra,T7
e7_t46,e7_t47,0.2,intra,T7
e7_t47,e7_t48,0.3333,intra,T7
e7_t75,e7_t76,0.4,intra,T7
e7_t117,e7_t118,0.2,intra,T7
e7_t118,e7_t119,0.2667,intra,T7
e7_t125,e7_t126,0.2,intra,T7
e7_t134,e7_t135,0.2,intra,T7
e7_t135,e7_t136,0.2,intra,T7
e7_t136,e7_t137,0.2667,intra,T7
e7_t166,e7_t167,0.3333,intra,T7
e7_t167,e7_t168,0.4,intra,T7
e7_t169,e7_t170,0.3333,intra,T7
e7_t42,e7_t43,0.2667,intra,T7
e7_t43,e7_t44,0.2667,intra,T7
e7_t76,e7_t77,0.2,intra,T7
e7_t186,e7_t187,0.2667,intra,T7
e7_t223,e7_t224,0.2,intra,T7
e7_t224,e7_t225,0.2,intra,T7
e7_t225,e7_t226,0.2667,intra,T7
e7_t254,e7_t255,0.2667,intra,T7
e7_t94,e7_t95,0.2,intra,T7
e7_t113,e7_t114,0.2,intra,T7
e7_t133,e7_t134,0.2,intra,T7
e7_t175,e7_t176,0.2,intra,T7
e7_t229,e7_t230,0.2667,intra,T7
e7_t230,e7_t231,0.2667,intra,T7
e7_t143,e7_t144,0.2667,intra,T7
e7_t144,e7_t145,0.2,intra,T7
e7_t174,e7_t175,0.2,intra,T7
e7_t226,e7_t227,0.2,intra,T7
e7_t227,e7_t228,0.2667,intra,T7
e7_t228,e7_t229,0.2,intra,T7
e7_t218,e7_t219,0.2,intra,T7
e8_t29,e8_t30,0.4,intra,C3
e8_t30,e8_t31,0.2667,intra,C3
e8_t31,e8_t32,0.4667,intra,C3
e8_t37,e8_t38,0.4,intra,C3
e8_t38,e8_t39,0.3333,intra,C3
e8_t39,e8_t40,0.2,intra,C3
e8_t40,e8_t41,0.3333,intra,C3
e8_t41,e8_t42,0.4667,intra,C3
e8_t42,e8_t43,0.4,intra,C3
e8_t43,e8_t44,0.3333,intra,C3
e8_t52,e8_t53,0.3333,intra,C3
e8_t53,e8_t54,0.3333,intra,C3
e8_t54,e8_t55,0.2667,intra,C3
e8_t84,e8_t85,0.2667,intra,C3
e8_t85,e8_t86,0.3333,intra,C3
e8_t86,e8_t87,0.3333,intra,C3
e8_t127,e8_t128,0.2667,intra,C3
e8_t128,e8_t129,0.4,intra,C3
e8_t151,e8_t152,0.3333,intra,C3
e8_t152,e8_t153,0.3333,intra,C3
e8_t153,e8_t154,0.4,intra,C3
e8_t236,e8_t237,0.3333,intra,C3
e8_t237,e8_t238,0.4,intra,C3
e8_t9,e8_t10,0.2667,intra,C3
e8_t32,e8_t33,0.2667,intra,C3
e8_t44,e8_t45,0.3333,intra,C3
e8_t45,e8_t46,0.2667,intra,C3
e8_t46,e8_t47,0.4,intra,C3
e8_t139,e8_t140,0.4,intra,C3
e8_t140,e8_t141,0.2667,intra,C3
e8_t141,e8_t142,0.4,intra,C3
e8_t243,e8_t244,0.2,intra,C3
e8_t244,e8_t245,0.2667,intra,C3
e8_t245,e8_t246,0.3333,intra,C3
e8_t246,e8_t247,0.2667,intra,C3
e8_t247,e8_t248,0.2,intra,C3
e8_t248,e8_t249,0.2667,intra,C3
e8_t249,e8_t250,0.4,intra,C3
e8_t250,e8_t251,0.4667,intra,C3
e8_t106,e8_t107,0.2,intra,C3
e8_t107,e8_t108,0.3333,intra,C3
e8_t108,e8_t109,0.2,intra,C3
e8_t126,e8_t127,0.2,intra,C3
e8_t130,e8_t131,0.2667,intra,C3
e8_t131,e8_t132,0.3333,intra,C3
e8_t132,e8_t133,0.4,intra,C3
e8_t133,e8_t134,0.2667,intra,C3
e8_t134,e8_t135,0.2,intra,C3
e8_t135,e8_t136,0.2,intra,C3
e8_t136,e8_t137,0.3333,intra,C3
e8_t137,e8_t138,0.4,intra,C3
e8_t184,e8_t185,0.3333,intra,C3
e8_t185,e8_t186,0.2667,intra,C3
e8_t191,e8_t192,0.3333,intra,C3
e8_t1,e8_t2,0.3333,intra,C3
e8_t2,e8_t3,0.2,intra,C3
e8_t27,e8_t28,0.2667,intra,C3
e8_t28,e8_t29,0.4,intra,C3
e8_t35,e8_t36,0.2667,intra,C3
e8_t47,e8_t48,0.3333,intra,C3
e8_t48,e8_t49,0.3333,intra,C3
e8_t50,e8_t51,0.3333,intra,C3
e8_t55,e8_t56,0.3333,intra,C3
e8_t56,e8_t57,0.2667,intra,C3
e8_t80,e8_t81,0.3333,intra,C3
e8_t81,e8_t82,0.3333,intra,C3
e8_t92,e8_t93,0.2,intra,C3
e8_t95,e8_t96,0.4,intra,C3
e8_t96,e8_t97,0.4,intra,C3
e8_t113,e8_t114,0.3333,intra,C3
e8_t114,e8_t115,0.3333,intra,C3
e8_t156,e8_t157,0.2667,intra,C3
e8_t171,e8_t172,0.2667,intra,C3
e8_t195,e8_t196,0.2667,intra,C3
e8_t196,e8_t197,0.2667,intra,C3
e8_t220,e8_t221,0.4,intra,C3
e8_t221,e8_t222,0.2,intra,C3
e8_t222,e8_t223,0.3333,intra,C3
e8_t231,e8_t232,0.2667,intra,C3
e8_t4,e8_t5,0.2,intra,C3
e8_t8,e8_t9,0.2,intra,C3
e8_t24,e8_t25,0.2,intra,C3
e8_t25,e8_t26,0.2667,intra,C3
e8_t26,e8_t27,0.2,intra,C3
e8_t34,e8_t35,0.2667,intra,C3
e8_t60,e8_t61,0.2667,intra,C3
e8_t66,e8_t67,0.3333,intra,C3
e8_t69,e8_t70,0.3333,intra,C3
e8_t72,e8_t73,0.4,intra,C3
e8_t78,e8_t79,0.2667,intra,C3
e8_t87,e8_t88,0.2,intra,C3
e8_t88,e8_t89,0.2,intra,C3
e8_t109,e8_t110,0.2,intra,C3
e8_t142,e8_t143,0.3333,intra,C3
e8_t143,e8_t144,0.3333,intra,C3
e8_t144,e8_t145,0.3333,intra,C3
e8_t165,e8_t166,0.2,intra,C3
e8_t167,e8_t168,0.2,intra,C3
e8_t168,e8_t169,0.2,intra,C3
e8_t178,e8_t179,0.4,intra,C3
e8_t179,e8_t180,0.4,intra,C3
e8_t219,e8_t220,0.4667,intra,C3
e8_t233,e8_t234,0.2667,intra,C3
e8_t238,e8_t239,0.2667,intra,C3
e8_t239,e8_t240,0.2667,intra,C3
e8_t241,e8_t242,0.2,intra,C3
e8_t252,e8_t253,0.3333,intra,C3
e8_t253,e8_t254,0.2,intra,C3
e8_t254,e8_t255,0.2667,intra,C3
e8_t6,e8_t7,0.3333,intra,C3
e8_t7,e8_t8,0.2,intra,C3
e8_t13,e8_t14,0.2,intra,C3
e8_t19,e8_t20,0.2,intra,C3
e8_t21,e8_t22,0.2,intra,C3
e8_t36,e8_t37,0.2667,intra,C3
e8_t51,e8_t52,0.2667,intra,C3
e8_t61,e8_t62,0.2667,intra,C3
e8_t64,e8_t65,0.3333,intra,C3
e8_t67,e8_t68,0.4,intra,C3
e8_t68,e8_t69,0.4,intra,C3
e8_t76,e8_t77,0.2,intra,C3
e8_t79,e8_t80,0.2,intra,C3
e8_t89,e8_t90,0.4,intra,C3
e8_t93,e8_t94,0.2667,intra,C3
e8_t94,e8_t95,0.3333,intra,C3
e8_t97,e8_t98,0.4667,intra,C3
e8_t110,e8_t111,0.2667,intra,C3
e8_t112,e8_t113,0.2,intra,C3
e8_t116,e8_t117,0.2,intra,C3
e8_t117,e8_t118,0.2,intra,C3
e8_t119,e8_t120,0.2667,intra,C3
e8_t120,e8_t121,0.2,intra,C3
e8_t145,e8_t146,0.2667,intra,C3
e8_t157,e8_t158,0.2667,intra,C3
e8_t176,e8_t177,0.2,intra,C3
e8_t177,e8_t178,0.3333,intra,C3
e8_t181,e8_t182,0.4,intra,C3
e8_t182,e8_t183,0.4,intra,C3
e8_t186,e8_t187,0.3333,intra,C3
e8_t189,e8_t190,0.2,intra,C3
e8_t190,e8_t191,0.2,intra,C3
e8_t193,e8_t194,0.2667,intra,C3
e8_t200,e8_t201,0.2,intra,C3
e8_t201,e8_t202,0.2,intra,C3
e8_t204,e8_t205,0.2667,intra,C3
e8_t227,e8_t228,0.4,intra,C3
e8_t230,e8_t231,0.2667,intra,C3
e8_t234,e8_t235,0.2,intra,C3
e8_t234,e8_t238,0.2,intra,C3
e8_t251,e8_t252,0.2667,intra,C3
e8_t14,e8_t15,0.2667,intra,C3
e8_t17,e8_t18,0.2667,intra,C3
e8_t18,e8_t19,0.2667,intra,C3
e8_t70,e8_t71,0.2667,intra,C3
e8_t73,e8_t74,0.2,intra,C3
e8_t74,e8_t75,0.2667,intra,C3
e8_t90,e8_t91,0.2667,intra,C3
e8_t98,e8_t99,0.2,intra,C3
e8_t102,e8_t103,0.2,intra,C3
e8_t103,e8_t104,0.2667,intra,C3
e8_t105,e8_t106,0.2,intra,C3
e8_t122,e8_t123,0.2667,intra,C3
e8_t138,e8_t139,0.3333,intra,C3
e8_t148,e8_t149,0.2667,intra,C3
e8_t149,e8_t150,0.2667,intra,C3
e8_t175,e8_t176,0.2,intra,C3
e8_t180,e8_t181,0.2667,intra,C3
e8_t212,e8_t213,0.2,intra,C3
e8_t216,e8_t217,0.2667,intra,C3
e8_t217,e8_t218,0.2,intra,C3
e8_t218,e8_t219,0.2667,intra,C3
e8_t226,e8_t227,0.3333,intra,C3
e8_t228,e8_t229,0.2,intra,C3
e8_t229,e8_t230,0.2667,intra,C3
e8_t11,e8_t12,0.2667,intra,C3
e8_t12,e8_t13,0.2667,intra,C3
e8_t15,e8_t16,0.2,intra,C3
e8_t58,e8_t59,0.2667,intra,C3
e8_t59,e8_t60,0.3333,intra,C3
e8_t71,e8_t72,0.2667,intra,C3
e8_t77,e8_t78,0.3333,intra,C3
e8_t82,e8_t83,0.2,intra,C3
e8_t100,e8_t101,0.2,intra,C3
e8_t111,e8_t112,0.2,intra,C3
e8_t174,e8_t175,0.2,intra,C3
e8_t223,e8_t224,0.2667,intra,C3
e8_t224,e8_t225,0.2,intra,C3
e8_t62,e8_t63,0.2,intra,C3
e8_t65,e8_t66,0.2667,intra,C3
e8_t75,e8_t76,0.2,intra,C3
e8_t161,e8_t162,0.2667,intra,C3
e8_t170,e8_t171,0.2667,intra,C3
e8_t203,e8_t204,0.2,intra,C3
e8_t214,e8_t215,0.2667,intra,C3
e8_t215,e8_t216,0.2667,intra,C3
e8_t118,e8_t119,0.2,intra,C3
e8_t125,e8_t126,0.2,intra,C3
e8_t128,e8_t132,0.2,intra,C3
e8_t160,e8_t161,0.2,intra,C3
e8_t163,e8_t164,0.2,intra,C3
e8_t187,e8_t188,0.2,intra,C3
e8_t188,e8_t189,0.2,intra,C3
e8_t192,e8_t193,0.2,intra,C3
e8_t211,e8_t212,0.2,intra,C3
e9_t101,e9_t102,0.2,intra,CZ
e9_t102,e9_t103,0.2,intra,CZ
e9_t103,e9_t104,0.3333,intra,CZ
e9_t83,e9_t84,0.4,intra,CZ
e9_t84,e9_t85,0.2667,intra,CZ
e9_t85,e9_t86,0.2667,intra,CZ
e9_t86,e9_t87,0.2,intra,CZ
e9_t87,e9_t88,0.2667,intra,CZ
e9_t88,e9_t89,0.2667,intra,CZ
e9_t89,e9_t90,0.2,intra,CZ
e9_t90,e9_t91,0.3333,intra,CZ
e9_t208,e9_t209,0.2667,intra,CZ
e9_t253,e9_t254,0.3333,intra,CZ
e9_t254,e9_t255,0.2,intra,CZ
e9_t6,e9_t7,0.3333,intra,CZ
e9_t7,e9_t8,0.3333,intra,CZ
e9_t8,e9_t9,0.4,intra,CZ
e9_t9,e9_t10,0.3333,intra,CZ
e9_t23,e9_t24,0.2,intra,CZ
e9_t48,e9_t49,0.4,intra,CZ
e9_t49,e9_t50,0.2667,intra,CZ
e9_t50,e9_t51,0.2,intra,CZ
e9_t51,e9_t52,0.2667,intra,CZ
e9_t57,e9_t58,0.2667,intra,CZ
e9_t58,e9_t59,0.2,intra,CZ
e9_t59,e9_t60,0.2667,intra,CZ
e9_t60,e9_t61,0.4,intra,CZ
e9_t63,e9_t64,0.5333,intra,CZ
e9_t64,e9_t65,0.4,intra,CZ
e9_t92,e9_t93,0.2,intra,CZ
e9_t93,e9_t94,0.2,intra,CZ
e9_t94,e9_t95,0.2667,intra,CZ
e9_t104,e9_t105,0.4,intra,CZ
e9_t105,e9_t106,0.3333,intra,CZ
e9_t106,e9_t107,0.2667,intra,CZ
e9_t116,e9_t117,0.2667,intra,CZ
e9_t117,e9_t118,0.4,intra,CZ
e9_t140,e9_t141,0.2667,intra,CZ
e9_t141,e9_t142,0.2667,intra,CZ
e9_t142,e9_t143,0.3333,intra,CZ
e9_t153,e9_t154,0.2667,intra,CZ
e9_t228,e9_t229,0.2,intra,CZ
e9_t229,e9_t230,0.3333,intra,CZ
e9_t119,e9_t120,0.3333,intra,CZ
e9_t245,e9_t246,0.3333,intra,CZ
e9_t246,e9_t247,0.2667,intra,CZ
e9_t247,e9_t248,0.2667,intra,CZ
e9_t248,e9_t249,0.2667,intra,CZ
e9_t249,e9_t250,0.5333,intra,CZ
e9_t250,e9_t251,0.5333,intra,CZ
e9_t251,e9_t252,0.4667,intra,CZ
e9_t252,e9_t253,0.2667,intra,CZ
e9_t20,e9_t21,0.2,intra,CZ
e9_t21,e9_t22,0.3333,intra,CZ
e9_t22,e9_t23,0.4,intra,CZ
e9_t130,e9_t131,0.2,intra,CZ
e9_t131,e9_t132,0.2,intra,CZ
e9_t132,e9_t133,0.2667,intra,CZ
e9_t133,e9_t134,0.2667,intra,CZ
e9_t134,e9_t135,0.2667,intra,CZ
e9_t135,e9_t136,0.2667,intra,CZ
e9_t136,e9_t137,0.4,intra,CZ
e9_t137,e9_t138,0.2,intra,CZ
e9_t138,e9_t139,0.2667,intra,CZ
e9_t139,e9_t140,0.2667,intra,CZ
e9_t157,e9_t158,0.2667,intra,CZ
e9_t160,e9_t161,0.2667,intra,CZ
e9_t162,e9_t163,0.2667,intra,CZ
e9_t163,e9_t164,0.2,intra,CZ
e9_t164,e9_t165,0.2,intra,CZ
e9_t165,e9_t166,0.2,intra,CZ
e9_t166,e9_t167,0.2,intra,CZ
e9_t168,e9_t169,0.2,intra,CZ
e9_t169,e9_t170,0.2,intra,CZ
e9_t195,e9_t196,0.3333,intra,CZ
e9_t196,e9_t197,0.4,intra,CZ
e9_t197,e9_t198,0.2,intra,CZ
e9_t242,e9_t243,0.4667,intra,CZ
e9_t243,e9_t244,0.2,intra,CZ
e9_t10,e9_t11,0.2667,intra,CZ
e9_t11,e9_t12,0.2,intra,CZ
e9_t17,e9_t18,0.2667,intra,CZ
e9_t18,e9_t19,0.2667,intra,CZ
e9_t25,e9_t26,0.2,intra,CZ
e9_t28,e9_t29,0.4,intra,CZ
e9_t29,e9_t30,0.4,intra,CZ
e9_t33,e9_t34,0.2,intra,CZ
e9_t34,e9_t35,0.2667,intra,CZ
e9_t35,e9_t36,0.3333,intra,CZ
e9_t36,e9_t37,0.2,intra,CZ
e9_t37,e9_t38,0.2667,intra,CZ
e9_t38,e9_t39,0.2667,intra,CZ
e9_t43,e9_t44,0.3333,intra,CZ
e9_t44,e9_t45,0.4,intra,CZ
e9_t45,e9_t46,0.2,intra,CZ
e9_t53,e9_t54,0.2667,intra,CZ
e9_t54,e9_t55,0.3333,intra,CZ
e9_t55,e9_t56,0.2,intra,CZ
e9_t56,e9_t57,0.2667,intra,CZ
e9_t62,e9_t63,0.2667,intra,CZ
e9_t65,e9_t66,0.3333,intra,CZ
e9_t66,e9_t67,0.2,intra,CZ
e9_t67,e9_t68,0.4667,intra,CZ
e9_t109,e9_t110,0.2667,intra,CZ
e9_t113,e9_t114,0.2,intra,CZ
e9_t118,e9_t119,0.2667,intra,CZ
e9_t123,e9_t124,0.2667,intra,CZ
e9_t124,e9_t125,0.3333,intra,CZ
e9_t125,e9_t126,0.2667,intra,CZ
e9_t126,e9_t127,0.2667,intra,CZ
e9_t143,e9_t144,0.3333,intra,CZ
e9_t144,e9_t145,0.2,intra,CZ
e9_t146,e9_t147,0.2667,intra,CZ
e9_t151,e9_t152,0.2667,intra,CZ
e9_t152,e9_t153,0.2,intra,CZ
e9_t155,e9_t156,0.2,intra,CZ
e9_t178,e9_t179,0.3333,intra,CZ
e9_t181,e9_t182,0.2667,intra,CZ
e9_t200,e9_t201,0.2,intra,CZ
e9_t201,e9_t202,0.2667,intra,CZ
e9_t222,e9_t223,0.4667,intra,CZ
e9_t223,e9_t224,0.3333,intra,CZ
e9_t224,e9_t225,0.2667,intra,CZ
e9_t225,e9_t226,0.2667,intra,CZ
e9_t230,e9_t231,0.3333,intra,CZ
e9_t231,e9_t232,0.2667,intra,CZ
e9_t0,e9_t1,0.2667,intra,CZ
e9_t1,e9_t2,0.4,intra,CZ
e9_t4,e9_t5,0.2,intra,CZ
e9_t19,e9_t20,0.2,intra,CZ
e9_t24,e9_t25,0.2,intra,CZ
e9_t40,e9_t41,0.2,intra,CZ
e9_t41,e9_t42,0.3333,intra,CZ
e9_t47,e9_t48,0.2,intra,CZ
e9_t61,e9_t62,0.4,intra,CZ
e9_t68,e9_t69,0.4667,intra,CZ
e9_t72,e9_t73,0.2667,intra,CZ
e9_t74,e9_t75,0.3333,intra,CZ
e9_t77,e9_t78,0.2,intra,CZ
e9_t95,e9_t96,0.2,intra,CZ
e9_t96,e9_t97,0.3333,intra,CZ
e9_t110,e9_t111,0.2667,intra,CZ
e9_t127,e9_t128,0.2667,intra,CZ
e9_t147,e9_t148,0.2667,intra,CZ
e9_t150,e9_t151,0.2,intra,CZ
e9_t156,e9_t157,0.2,intra,CZ
e9_t167,e9_t168,0.2,intra,CZ
e9_t170,e9_t171,0.2667,intra,CZ
e9_t177,e9_t178,0.3333,intra,CZ
e9_t179,e9_t180,0.3333,intra,CZ
e9_t184,e9_t185,0.2667,intra,CZ
e9_t185,e9_t186,0.2,intra,CZ
e9_t186,e9_t187,0.2,intra,CZ
e9_t188,e9_t189,0.3333,intra,CZ
e9_t189,e9_t190,0.2667,intra,CZ
e9_t192,e9_t193,0.2,intra,CZ
e9_t198,e9_t199,0.2667,intra,CZ
e9_t202,e9_t203,0.2,intra,CZ
e9_t203,e9_t204,0.2,intra,CZ
e9_t205,e9_t206,0.3333,intra,CZ
e9_t206,e9_t207,0.3333,intra,CZ
e9_t216,e9_t217,0.4667,intra,CZ
e9_t217,e9_t218,0.4,intra,CZ
e9_t219,e9_t220,0.3333,intra,CZ
e9_t232,e9_t233,0.3333,intra,CZ
e9_t239,e9_t240,0.2667,intra,CZ
e9_t240,e9_t241,0.2,intra,CZ
e9_t241,e9_t242,0.2,intra,CZ
e9_t15,e9_t16,0.2,intra,CZ
e9_t42,e9_t43,0.3333,intra,CZ
e9_t69,e9_t70,0.2667,intra,CZ
e9_t71,e9_t72,0.4667,intra,CZ
e9_t75,e9_t76,0.2667,intra,CZ
e9_t76,e9_t77,0.2,intra,CZ
e9_t82,e9_t83,0.2,intra,CZ
e9_t111,e9_t112,0.2,intra,CZ
e9_t120,e9_t121,0.2667,intra,CZ
e9_t128,e9_t129,0.2,intra,CZ
e9_t148,e9_t149,0.2,intra,CZ
e9_t176,e9_t177,0.2,intra,CZ
e9_t180,e9_t181,0.2,intra,CZ
e9_t183,e9_t184,0.2,intra,CZ
e9_t204,e9_t205,0.2667,intra,CZ
e9_t207,e9_t208,0.2667,intra,CZ
e9_t211,e9_t212,0.2,intra,CZ
e9_t212,e9_t213,0.2667,intra,CZ
e9_t220,e9_t221,0.2667,intra,CZ
e9_t233,e9_t234,0.2667,intra,CZ
e9_t234,e9_t235,0.2667,intra,CZ
e9_t235,e9_t236,0.2,intra,CZ
e9_t238,e9_t239,0.2,intra,CZ
e9_t11,e9_t15,0.2,intra,CZ
e9_t14,e9_t15,0.2667,intra,CZ
e9_t97,e9_t98,0.2667,intra,CZ
e9_t100,e9_t101,0.2667,intra,CZ
e9_t226,e9_t227,0.2,intra,CZ
e9_t2,e9_t3,0.2667,intra,CZ
e9_t187,e9_t188,0.2,intra,CZ
e9_t13,e9_t14,0.2,intra,CZ
e9_t171,e9_t172,0.2667,intra,CZ
e9_t70,e9_t71,0.2,intra,CZ
e10_t39,e10_t40,0.3333,intra,C4
e10_t40,e10_t41,0.4,intra,C4
e10_t41,e10_t42,0.6,intra,C4
e10_t59,e10_t60,0.2667,intra,C4
e10_t60,e10_t61,0.2667,intra,C4
e10_t71,e10_t72,0.2,intra,C4
e10_t72,e10_t73,0.3333,intra,C4
e10_t124,e10_t125,0.4667,intra,C4
e10_t27,e10_t28,0.3333,intra,C4
e10_t28,e10_t29,0.3333,intra,C4
e10_t76,e10_t77,0.3333,intra,C4
e10_t194,e10_t195,0.2,intra,C4
e10_t211,e10_t212,0.2667,intra,C4
e10_t213,e10_t214,0.2667,intra,C4
e10_t214,e10_t215,0.2,intra,C4
e10_t215,e10_t216,0.2,intra,C4
e10_t216,e10_t217,0.3333,intra,C4
e10_t217,e10_t218,0.3333,intra,C4
e10_t218,e10_t219,0.3333,intra,C4
e10_t227,e10_t228,0.2667,intra,C4
e10_t228,e10_t229,0.2667,intra,C4
e10_t229,e10_t230,0.3333,intra,C4
e10_t29,e10_t30,0.3333,intra,C4
e10_t30,e10_t31,0.2667,intra,C4
e10_t31,e10_t32,0.5333,intra,C4
e10_t37,e10_t38,0.4,intra,C4
e10_t38,e10_t39,0.4,intra,C4
e10_t42,e10_t43,0.4667,intra,C4
e10_t49,e10_t50,0.2667,intra,C4
e10_t50,e10_t51,0.2667,intra,C4
e10_t51,e10_t52,0.3333,intra,C4
e10_t52,e10_t53,0.2,intra,C4
e10_t53,e10_t54,0.2667,intra,C4
e10_t83,e10_t84,0.2,intra,C4
e10_t85,e10_t86,0.2,intra,C4
e10_t86,e10_t87,0.2,intra,C4
e10_t87,e10_t88,0.2667,intra,C4
e10_t88,e10_t89,0.2667,intra,C4
e10_t89,e10_t90,0.3333,intra,C4
e10_t100,e10_t101,0.3333,intra,C4
e10_t101,e10_t102,0.2667,intra,C4
e10_t123,e10_t124,0.2,intra,C4
e10_t125,e10_t126,0.4,intra,C4
e10_t126,e10_t127,0.2667,intra,C4
e10_t135,e10_t136,0.3333,intra,C4
e10_t136,e10_t137,0.4667,intra,C4
e10_t137,e10_t138,0.4,intra,C4
e10_t220,e10_t221,0.3333,intra,C4
e10_t221,e10_t222,0.3333,intra,C4
e10_t222,e10_t223,0.2,intra,C4
e10_t223,e10_t224,0.3333,intra,C4
e10_t231,e10_t232,0.4,intra,C4
e10_t233,e10_t234,0.3333,intra,C4
e10_t234,e10_t235,0.2667,intra,C4
e10_t235,e10_t236,0.3333,intra,C4
e10_t11,e10_t12,0.3333,intra,C4
e10_t12,e10_t13,0.4,intra,C4
e10_t23,e10_t24,0.2,intra,C4
e10_t24,e10_t25,0.2667,intra,C4
e10_t25,e10_t26,0.2,intra,C4
e10_t32,e10_t33,0.4667,intra,C4
e10_t33,e10_t34,0.3333,intra,C4
e10_t34,e10_t35,0.2,intra,C4
e10_t58,e10_t59,0.2,intra,C4
e10_t110,e10_t111,0.2667,intra,C4
e10_t111,e10_t112,0.2,intra,C4
e10_t155,e10_t156,0.2,intra,C4
e10_t156,e10_t157,0.2,intra,C4
e10_t157,e10_t158,0.3333,intra,C4
e10_t169,e10_t170,0.2,intra,C4
e10_t170,e10_t171,0.2667,intra,C4
e10_t188,e10_t189,0.4667,intra,C4
e10_t189,e10_t190,0.4,intra,C4
e10_t92,e10_t93,0.2,intra,C4
e10_t103,e10_t104,0.2667,intra,C4
e10_t104,e10_t105,0.2667,intra,C4
e10_t108,e10_t109,0.3333,intra,C4
e10_t151,e10_t152,0.2,intra,C4
e10_t152,e10_t153,0.2667,intra,C4
e10_t153,e10_t154,0.4667,intra,C4
e10_t187,e10_t188,0.2667,intra,C4
e10_t196,e10_t197,0.2,intra,C4
e10_t197,e10_t198,0.2667,intra,C4
e10_t198,e10_t199,0.2,intra,C4
e10_t200,e10_t201,0.3333,intra,C4
e10_t201,e10_t202,0.4,intra,C4
e10_t202,e10_t203,0.2,intra,C4
e10_t247,e10_t248,0.2,intra,C4
e10_t248,e10_t249,0.3333,intra,C4
e10_t249,e10_t250,0.2667,intra,C4
e10_t73,e10_t74,0.2667,intra,C4
e10_t106,e10_t107,0.3333,intra,C4
e10_t107,e10_t108,0.2667,intra,C4
e10_t109,e10_t110,0.2667,intra,C4
e10_t160,e10_t161,0.2,intra,C4
e10_t164,e10_t165,0.2,intra,C4
e10_t165,e10_t166,0.2,intra,C4
e10_t175,e10_t176,0.2,intra,C4
e10_t195,e10_t196,0.2,intra,C4
e10_t203,e10_t204,0.2667,intra,C4
e10_t204,e10_t205,0.4667,intra,C4
e10_t205,e10_t206,0.2667,intra,C4
e10_t225,e10_t226,0.3333,intra,C4
e10_t230,e10_t231,0.3333,intra,C4
e10_t246,e10_t247,0.2,intra,C4
e10_t250,e10_t251,0.2667,intra,C4
e10_t251,e10_t252,0.2,intra,C4
e10_t254,e10_t255,0.3333,intra,C4
e10_t1,e10_t2,0.2667,intra,C4
e10_t9,e10_t10,0.2,intra,C4
e10_t13,e10_t14,0.2667,intra,C4
e10_t20,e10_t21,0.2,intra,C4
e10_t35,e10_t36,0.2667,intra,C4
e10_t44,e10_t45,0.4667,intra,C4
e10_t45,e10_t46,0.3333,intra,C4
e10_t46,e10_t47,0.2667,intra,C4
e10_t70,e10_t71,0.3333,intra,C4
e10_t77,e10_t78,0.2,intra,C4
e10_t78,e10_t79,0.2667,intra,C4
e10_t79,e10_t80,0.3333,intra,C4
e10_t80,e10_t81,0.3333,intra,C4
e10_t95,e10_t96,0.4,intra,C4
e10_t96,e10_t97,0.2667,intra,C4
e10_t102,e10_t103,0.2,intra,C4
e10_t105,e10_t106,0.2667,intra,C4
e10_t127,e10_t128,0.2,intra,C4
e10_t128,e10_t129,0.4,intra,C4
e10_t143,e10_t144,0.4,intra,C4
e10_t144,e10_t145,0.4,intra,C4
e10_t171,e10_t172,0.2,intra,C4
e10_t172,e10_t173,0.2,intra,C4
e10_t185,e10_t186,0.2,intra,C4
e10_t186,e10_t187,0.2,intra,C4
e10_t224,e10_t225,0.4,intra,C4
e10_t236,e10_t237,0.2,intra,C4
e10_t253,e10_t254,0.2667,intra,C4
e10_t5,e10_t6,0.2,intra,C4
e10_t8,e10_t9,0.2,intra,C4
e10_t15,e10_t16,0.2,intra,C4
e10_t57,e10_t58,0.2667,intra,C4
e10_t65,e10_t66,0.2,intra,C4
e10_t66,e10_t67,0.3333,intra,C4
e10_t69,e10_t70,0.2667,intra,C4
e10_t90,e10_t91,0.3333,intra,C4
e10_t93,e10_t94,0.2,intra,C4
e10_t94,e10_t95,0.2667,intra,C4
e10_t97,e10_t98,0.2667,intra,C4
e10_t117,e10_t118,0.2667,intra,C4
e10_t118,e10_t119,0.2,intra,C4
e10_t133,e10_t134,0.3333,intra,C4
e10_t139,e10_t140,0.2667,intra,C4
e10_t140,e10_t141,0.2,intra,C4
e10_t141,e10_t142,0.4,intra,C4
e10_t142,e10_t143,0.2667,intra,C4
e10_t145,e10_t146,0.2667,intra,C4
e10_t166,e10_t167,0.2667,intra,C4
e10_t167,e10_t168,0.2,intra,C4
e10_t241,e10_t242,0.2667,intra,C4
e10_t43,e10_t44,0.2,intra,C4
e10_t47,e10_t48,0.2667,intra,C4
e10_t48,e10_t49,0.2667,intra,C4
e10_t98,e10_t99,0.2,intra,C4
e10_t114,e10_t115,0.2,intra,C4
e10_t115,e10_t116,0.2,intra,C4
e10_t121,e10_t122,0.2667,intra,C4
e10_t129,e10_t130,0.2667,intra,C4
e10_t132,e10_t133,0.2667,intra,C4
e10_t138,e10_t139,0.2667,intra,C4
e10_t178,e10_t179,0.2667,intra,C4
e10_t179,e10_t180,0.2667,intra,C4
e10_t180,e10_t181,0.2667,intra,C4
e10_t181,e10_t182,0.2,intra,C4
e10_t182,e10_t183,0.2667,intra,C4
e10_t183,e10_t184,0.2,intra,C4
e10_t193,e10_t194,0.2,intra,C4
e10_t219,e10_t220,0.2,intra,C4
e10_t242,e10_t243,0.2,intra,C4
e10_t122,e10_t123,0.2667,intra,C4
e10_t149,e10_t150,0.2,intra,C4
e10_t176,e10_t177,0.2,intra,C4
e10_t177,e10_t178,0.2,intra,C4
e10_t131,e10_t132,0.2,intra,C4
e10_t158,e10_t159,0.2,intra,C4
e10_t63,e10_t64,0.2,intra,C4
e11_t42,e11_t43,0.2,intra,T8
e11_t43,e11_t44,0.3333,intra,T8
e11_t147,e11_t148,0.2667,intra,T8
e11_t148,e11_t149,0.2667,intra,T8
e11_t161,e11_t162,0.2667,intra,T8
e11_t171,e11_t172,0.4,intra,T8
e11_t187,e11_t188,0.2667,intra,T8
e11_t234,e11_t235,0.4667,intra,T8
e11_t235,e11_t236,0.4667,intra,T8
e11_t236,e11_t237,0.3333,intra,T8
e11_t2,e11_t3,0.2,intra,T8
e11_t8,e11_t9,0.3333,intra,T8
e11_t74,e11_t75,0.2,intra,T8
e11_t83,e11_t84,0.2667,intra,T8
e11_t84,e11_t85,0.3333,intra,T8
e11_t85,e11_t86,0.2667,intra,T8
e11_t90,e11_t91,0.2667,intra,T8
e11_t110,e11_t111,0.2667,intra,T8
e11_t111,e11_t112,0.4,intra,T8
e11_t124,e11_t125,0.3333,intra,T8
e11_t144,e11_t145,0.4667,intra,T8
e11_t145,e11_t146,0.4667,intra,T8
e11_t146,e11_t147,0.4,intra,T8
e11_t193,e11_t194,0.2,intra,T8
e11_t218,e11_t219,0.3333,intra,T8
e11_t219,e11_t220,0.3333,intra,T8
e11_t231,e11_t232,0.2667,intra,T8
e11_t232,e11_t233,0.4,intra,T8
e11_t29,e11_t30,0.2667,intra,T8
e11_t37,e11_t38,0.2,intra,T8
e11_t44,e11_t45,0.2,intra,T8
e11_t45,e11_t46,0.3333,intra,T8
e11_t50,e11_t51,0.2,intra,T8
e11_t53,e11_t54,0.2,intra,T8
e11_t54,e11_t55,0.2667,intra,T8
e11_t59,e11_t60,0.2667,intra,T8
e11_t60,e11_t61,0.2667,intra,T8
e11_t77,e11_t78,0.3333,intra,T8
e11_t78,e11_t79,0.3333,intra,T8
e11_t79,e11_t80,0.3333,intra,T8
e11_t107,e11_t108,0.2667,intra,T8
e11_t108,e11_t109,0.2667,intra,T8
e11_t112,e11_t113,0.3333,intra,T8
e11_t113,e11_t114,0.3333,intra,T8
e11_t127,e11_t128,0.2667,intra,T8
e11_t128,e11_t129,0.4667,intra,T8
e11_t129,e11_t130,0.3333,intra,T8
e11_t151,e11_t152,0.2667,intra,T8
e11_t152,e11_t153,0.2667,intra,T8
e11_t157,e11_t158,0.2,intra,T8
e11_t158,e11_t159,0.2667,intra,T8
e11_t172,e11_t173,0.2667,intra,T8
e11_t199,e11_t200,0.2667,intra,T8
e11_t200,e11_t201,0.2,intra,T8
e11_t201,e11_t202,0.3333,intra,T8
e11_t202,e11_t203,0.3333,intra,T8
e11_t203,e11_t204,0.2667,intra,T8
e11_t221,e11_t222,0.2,intra,T8
e11_t222,e11_t223,0.3333,intra,T8
e11_t223,e11_t224,0.2667,intra,T8
e11_t224,e11_t225,0.4,intra,T8
e11_t252,e11_t253,0.2,intra,T8
e11_t6,e11_t7,0.3333,intra,T8
e11_t7,e11_t8,0.4,intra,T8
e11_t11,e11_t12,0.2,intra,T8
e11_t12,e11_t13,0.2,intra,T8
e11_t13,e11_t14,0.4667,intra,T8
e11_t14,e11_t15,0.2667,intra,T8
e11_t30,e11_t31,0.2667,intra,T8
e11_t31,e11_t32,0.2,intra,T8
e11_t40,e11_t41,0.3333,intra,T8
e11_t47,e11_t48,0.2667,intra,T8
e11_t48,e11_t49,0.3333,intra,T8
e11_t91,e11_t92,0.4667,intra,T8
e11_t98,e11_t99,0.2,intra,T8
e11_t99,e11_t100,0.3333,intra,T8
e11_t103,e11_t104,0.2667,intra,T8
e11_t104,e11_t105,0.2667,intra,T8
e11_t105,e11_t106,0.3333,intra,T8
e11_t137,e11_t138,0.2,intra,T8
e11_t138,e11_t139,0.3333,intra,T8
e11_t139,e11_t140,0.3333,intra,T8
e11_t140,e11_t141,0.2,intra,T8
e11_t141,e11_t142,0.3333,intra,T8
e11_t142,e11_t143,0.2667,intra,T8
e11_t143,e11_t144,0.4,intra,T8
e11_t154,e11_t155,0.3333,intra,T8
e11_t164,e11_t165,0.2667,intra,T8
e11_t167,e11_t168,0.4667,intra,T8
e11_t168,e11_t169,0.5333,intra,T8
e11_t226,e11_t227,0.2,intra,T8
e11_t39,e11_t40,0.4,intra,T8
e11_t80,e11_t81,0.2667,intra,T8
e11_t149,e11_t150,0.3333,intra,T8
e11_t153,e11_t154,0.4,intra,T8
e11_t155,e11_t156,0.2667,intra,T8
e11_t156,e11_t157,0.2667,intra,T8
e11_t189,e11_t190,0.2667,intra,T8
e11_t190,e11_t191,0.2667,intra,T8
e11_t191,e11_t192,0.2667,intra,T8
e11_t205,e11_t206,0.2,intra,T8
e11_t206,e11_t207,0.2,intra,T8
e11_t215,e11_t216,0.2667,intra,T8
e11_t216,e11_t217,0.2667,intra,T8
e11_t217,e11_t218,0.2667,intra,T8
e11_t68,e11_t69,0.2,intra,T8
e11_t106,e11_t107,0.2667,intra,T8
e11_t109,e11_t110,0.2667,intra,T8
e11_t115,e11_t116,0.2,intra,T8
e11_t130,e11_t131,0.2,intra,T8
e11_t132,e11_t133,0.4,intra,T8
e11_t165,e11_t166,0.2,intra,T8
e11_t166,e11_t167,0.2667,intra,T8
e11_t169,e11_t170,0.2667,intra,T8
e11_t173,e11_t174,0.2667,intra,T8
e11_t178,e11_t179,0.2,intra,T8
e11_t179,e11_t180,0.2667,intra,T8
e11_t239,e11_t240,0.2667,intra,T8
e11_t240,e11_t241,0.2,intra,T8
e11_t23,e11_t24,0.2667,intra,T8
e11_t24,e11_t25,0.2667,intra,T8
e11_t64,e11_t65,0.2667,intra,T8
e11_t65,e11_t66,0.2667,intra,T8
e11_t66,e11_t67,0.2,intra,T8
e11_t72,e11_t73,0.2,intra,T8
e11_t73,e11_t74,0.2,intra,T8
e11_t86,e11_t87,0.2,intra,T8
e11_t89,e11_t90,0.2,intra,T8
e11_t92,e11_t93,0.4,intra,T8
e11_t114,e11_t115,0.2,intra,T8
e11_t120,e11_t121,0.2,intra,T8
e11_t121,e11_t122,0.3333,intra,T8
e11_t122,e11_t123,0.2667,intra,T8
e11_t123,e11_t124,0.2667,intra,T8
e11_t133,e11_t134,0.2,intra,T8
e11_t233,e11_t234,0.4667,intra,T8
e11_t71,e11_t72,0.2,intra,T8
e11_t97,e11_t98,0.2,intra,T8
e11_t100,e11_t101,0.2667,intra,T8
e11_t101,e11_t102,0.2667,intra,T8
e11_t125,e11_t126,0.2,intra,T8
e11_t174,e11_t175,0.2,intra,T8
e11_t254,e11_t255,0.2,intra,T8
e11_t88,e11_t89,0.2667,intra,T8
e11_t93,e11_t94,0.2,intra,T8
e11_t94,e11_t95,0.2,intra,T8
e11_t160,e11_t161,0.2,intra,T8
e11_t183,e11_t184,0.2,intra,T8
e11_t184,e11_t185,0.2,intra,T8
e11_t185,e11_t186,0.2,intra,T8
e11_t32,e11_t33,0.2,intra,T8
e11_t33,e11_t34,0.2667,intra,T8
e11_t135,e11_t136,0.2,intra,T8
e11_t136,e11_t137,0.2,intra,T8
e11_t150,e11_t151,0.2,intra,T8
e12_t206,e12_t207,0.2667,intra,P7
e12_t216,e12_t217,0.2667,intra,P7
e12_t227,e12_t228,0.4,intra,P7
e12_t228,e12_t229,0.2,intra,P7
e12_t231,e12_t232,0.4,intra,P7
e12_t232,e12_t233,0.4,intra,P7
e12_t238,e12_t239,0.2667,intra,P7
e12_t240,e12_t245,0.2,intra,P7
e12_t243,e12_t244,0.3333,intra,P7
e12_t244,e12_t245,0.3333,intra,P7
e12_t29,e12_t30,0.4667,intra,P7
e12_t30,e12_t31,0.3333,intra,P7
e12_t42,e12_t43,0.3333,intra,P7
e12_t43,e12_t44,0.2667,intra,P7
e12_t47,e12_t48,0.2667,intra,P7
e12_t48,e12_t49,0.2667,intra,P7
e12_t49,e12_t50,0.2,intra,P7
e12_t53,e12_t54,0.2667,intra,P7
e12_t54,e12_t55,0.2667,intra,P7
e12_t59,e12_t60,0.2667,intra,P7
e12_t60,e12_t61,0.2667,intra,P7
e12_t62,e12_t63,0.3333,intra,P7
e12_t67,e12_t68,0.4,intra,P7
e12_t72,e12_t73,0.3333,intra,P7
e12_t73,e12_t74,0.2667,intra,P7
e12_t74,e12_t75,0.2,intra,P7
e12_t76,e12_t77,0.2,intra,P7
e12_t79,e12_t80,0.2667,intra,P7
e12_t89,e12_t90,0.2667,intra,P7
e12_t92,e12_t93,0.4667,intra,P7
e12_t93,e12_t94,0.4,intra,P7
e12_t95,e12_t96,0.2667,intra,P7
e12_t96,e12_t97,0.3333,intra,P7
e12_t100,e12_t101,0.2667,intra,P7
e12_t101,e12_t102,0.2667,intra,P7
e12_t103,e12_t104,0.3333,intra,P7
e12_t104,e12_t105,0.4,intra,P7
e12_t106,e12_t107,0.3333,intra,P7
e12_t107,e12_t108,0.2,intra,P7
e12_t109,e12_t110,0.2667,intra,P7
e12_t110,e12_t111,0.2667,intra,P7
e12_t124,e12_t125,0.3333,intra,P7
e12_t125,e12_t126,0.2667,intra,P7
e12_t130,e12_t131,0.4667,intra,P7
e12_t135,e12_t136,0.2667,intra,P7
e12_t136,e12_t137,0.3333,intra,P7
e12_t139,e12_t140,0.2667,intra,P7
e12_t141,e12_t142,0.2,intra,P7
e12_t142,e12_t143,0.2,intra,P7
e12_t145,e12_t146,0.2,intra,P7
e12_t151,e12_t152,0.4,intra,P7
e12_t152,e12_t153,0.2667,intra,P7
e12_t154,e12_t155,0.2667,intra,P7
e12_t155,e12_t156,0.2667,intra,P7
e12_t158,e12_t159,0.4,intra,P7
e12_t161,e12_t162,0.2,intra,P7
e12_t162,e12_t163,0.2,intra,P7
e12_t164,e12_t165,0.2667,intra,P7
e12_t165,e12_t166,0.3333,intra,P7
e12_t170,e12_t171,0.2667,intra,P7
e12_t171,e12_t172,0.2667,intra,P7
e12_t173,e12_t174,0.2,intra,P7
e12_t174,e12_t175,0.2667,intra,P7
e12_t175,e12_t176,0.3333,intra,P7
e12_t177,e12_t178,0.2667,intra,P7
e12_t178,e12_t179,0.3333,intra,P7
e12_t178,e12_t182,0.2,intra,P7
e12_t179,e12_t180,0.4,intra,P7
e12_t181,e12_t182,0.3333,intra,P7
e12_t184,e12_t185,0.3333,intra,P7
e12_t190,e12_t191,0.2,intra,P7
e12_t192,e12_t193,0.2667,intra,P7
e12_t193,e12_t194,0.3333,intra,P7
e12_t194,e12_t195,0.2667,intra,P7
e12_t196,e12_t197,0.2667,intra,P7
e12_t197,e12_t198,0.2667,intra,P7
e12_t200,e12_t201,0.2,intra,P7
e12_t201,e12_t202,0.3333,intra,P7
e12_t230,e12_t231,0.3333,intra,P7
e12_t234,e12_t235,0.4667,intra,P7
e12_t235,e12_t236,0.2,intra,P7
e12_t236,e12_t237,0.4,intra,P7
e12_t240,e12_t241,0.4,intra,P7
e12_t243,e12_t247,0.2,intra,P7
e12_t246,e12_t247,0.3333,intra,P7
e12_t247,e12_t248,0.4,intra,P7
e12_t254,e12_t255,0.2667,intra,P7
e12_t1,e12_t2,0.3333,intra,P7
e12_t4,e12_t5,0.2,intra,P7
e12_t7,e12_t8,0.3333,intra,P7
e12_t8,e12_t9,0.2,intra,P7
e12_t11,e12_t12,0.2,intra,P7
e12_t12,e12_t13,0.2667,intra,P7
e12_t17,e12_t18,0.3333,intra,P7
e12_t18,e12_t19,0.2,intra,P7
e12_t19,e12_t20,0.2,intra,P7
e12_t21,e12_t22,0.2,intra,P7
e12_t22,e12_t23,0.2,intra,P7
e12_t23,e12_t24,0.2667,intra,P7
e12_t25,e12_t26,0.4,intra,P7
e12_t26,e12_t27,0.3333,intra,P7
e12_t27,e12_t28,0.2667,intra,P7
e12_t32,e12_t33,0.3333,intra,P7
e12_t33,e12_t34,0.2,intra,P7
e12_t35,e12_t36,0.2667,intra,P7
e12_t36,e12_t37,0.2,intra,P7
e12_t38,e12_t39,0.4,intra,P7
e12_t39,e12_t40,0.3333,intra,P7
e12_t41,e12_t42,0.2,intra,P7
e12_t44,e12_t45,0.2,intra,P7
e12_t46,e12_t47,0.3333,intra,P7
e12_t50,e12_t51,0.2667,intra,P7
e12_t51,e12_t52,0.2667,intra,P7
e12_t57,e12_t58,0.4667,intra,P7
e12_t64,e12_t65,0.2667,intra,P7
e12_t65,e12_t66,0.3333,intra,P7
e12_t68,e12_t69,0.2667,intra,P7
e12_t71,e12_t72,0.3333,intra,P7
e12_t80,e12_t81,0.2,intra,P7
e12_t81,e12_t82,0.2,intra,P7
e12_t86,e12_t87,0.2667,intra,P7
e12_t87,e12_t88,0.2667,intra,P7
e12_t90,e12_t91,0.4,intra,P7
e12_t91,e12_t92,0.3333,intra,P7
e12_t114,e12_t115,0.3333,intra,P7
e12_t117,e12_t118,0.2667,intra,P7
e12_t119,e12_t120,0.2,intra,P7
e12_t120,e12_t121,0.2,intra,P7
e12_t121,e12_t122,0.2667,intra,P7
e12_t123,e12_t124,0.2667,intra,P7
e12_t126,e12_t127,0.2,intra,P7
e12_t127,e12_t128,0.3333,intra,P7
e12_t128,e12_t129,0.2667,intra,P7
e12_t131,e12_t132,0.4,intra,P7
e12_t133,e12_t134,0.3333,intra,P7
e12_t134,e12_t135,0.4667,intra,P7
e12_t137,e12_t138,0.3333,intra,P7
e12_t140,e12_t141,0.2,intra,P7
e12_t143,e12_t144,0.2,intra,P7
e12_t146,e12_t147,0.2667,intra,P7
e12_t157,e12_t158,0.2667,intra,P7
e12_t166,e12_t167,0.2667,intra,P7
e12_t167,e12_t168,0.3333,intra,P7
e12_t168,e12_t169,0.2667,intra,P7
e12_t182,e12_t183,0.2667,intra,P7
e12_t187,e12_t188,0.2667,intra,P7
e12_t191,e12_t192,0.3333,intra,P7
e12_t199,e12_t200,0.2,intra,P7
e12_t208,e12_t209,0.3333,intra,P7
e12_t211,e12_t212,0.3333,intra,P7
e12_t214,e12_t215,0.2,intra,P7
e12_t215,e12_t216,0.2667,intra,P7
e12_t218,e12_t219,0.4,intra,P7
e12_t221,e12_t222,0.2,intra,P7
e12_t225,e12_t226,0.2,intra,P7
e12_t226,e12_t227,0.4,intra,P7
e12_t233,e12_t234,0.4,intra,P7
e12_t237,e12_t238,0.3333,intra,P7
e12_t241,e12_t242,0.2,intra,P7
e12_t242,e12_t243,0.2667,intra,P7
e12_t248,e12_t249,0.2,intra,P7
e12_t250,e12_t251,0.2,intra,P7
e12_t252,e12_t253,0.2667,intra,P7
e12_t253,e12_t254,0.2667,intra,P7
e12_t2,e12_t3,0.4,intra,P7
e12_t6,e12_t7,0.3333,intra,P7
e12_t9,e12_t10,0.3333,intra,P7
e12_t10,e12_t11,0.2,intra,P7
e12_t24,e12_t25,0.2667,intra,P7
e12_t28,e12_t29,0.2,intra,P7
e12_t31,e12_t32,0.3333,intra,P7
e12_t34,e12_t35,0.2,intra,P7
e12_t45,e12_t46,0.2,intra,P7
e12_t63,e12_t64,0.2667,intra,P7
e12_t66,e12_t67,0.2667,intra,P7
e12_t75,e12_t76,0.2,intra,P7
e12_t78,e12_t79,0.2667,intra,P7
e12_t83,e12_t84,0.2,intra,P7
e12_t105,e12_t106,0.3333,intra,P7
e12_t113,e12_t114,0.2,intra,P7
e12_t115,e12_t116,0.2,intra,P7
e12_t132,e12_t133,0.2667,intra,P7
e12_t150,e12_t151,0.2667,intra,P7
e12_t163,e12_t164,0.2667,intra,P7
e12_t180,e12_t181,0.2,intra,P7
e12_t205,e12_t206,0.2667,intra,P7
e12_t219,e12_t220,0.4,intra,P7
e12_t220,e12_t221,0.2667,intra,P7
e12_t223,e12_t224,0.2667,intra,P7
e12_t3,e12_t4,0.2667,intra,P7
e12_t5,e12_t6,0.2667,intra,P7
e12_t20,e12_t21,0.2,intra,P7
e12_t40,e12_t41,0.2667,intra,P7
e12_t58,e12_t59,0.2,intra,P7
e12_t69,e12_t70,0.2667,intra,P7
e12_t70,e12_t71,0.2,intra,P7
e12_t94,e12_t95,0.2667,intra,P7
e12_t122,e12_t123,0.3333,intra,P7
e12_t159,e12_t160,0.2,intra,P7
e12_t188,e12_t189,0.2667,intra,P7
e12_t195,e12_t196,0.2,intra,P7
e12_t204,e12_t205,0.2,intra,P7
e12_t207,e12_t208,0.2,intra,P7
e12_t222,e12_t223,0.2,intra,P7
e12_t239,e12_t240,0.2667,intra,P7
e12_t189,e12_t190,0.2,intra,P7
e12_t251,e12_t252,0.2,intra,P7
e12_t147,e12_t148,0.2,intra,P7
e12_t84,e12_t85,0.2,intra,P7
e12_t160,e12_t161,0.2,intra,P7
e12_t209,e12_t210,0.2,intra,P7
e13_t189,e13_t190,0.2667,intra,P3
e13_t190,e13_t191,0.4,intra,P3
e13_t243,e13_t244,0.3333,intra,P3
e13_t244,e13_t245,0.4,intra,P3
e13_t140,e13_t141,0.3333,intra,P3
e13_t141,e13_t142,0.4,intra,P3
e13_t209,e13_t210,0.2667,intra,P3
e13_t219,e13_t220,0.3333,intra,P3
e13_t220,e13_t221,0.2,intra,P3
e13_t221,e13_t222,0.2667,intra,P3
e13_t222,e13_t223,0.4667,intra,P3
e13_t223,e13_t224,0.4,intra,P3
e13_t223,e13_t227,0.2,intra,P3
e13_t226,e13_t227,0.4667,intra,P3
e13_t227,e13_t228,0.2667,intra,P3
e13_t230,e13_t231,0.2667,intra,P3
e13_t233,e13_t234,0.3333,intra,P3
e13_t234,e13_t235,0.2667,intra,P3
e13_t235,e13_t236,0.3333,intra,P3
e13_t238,e13_t239,0.2667,intra,P3
e13_t240,e13_t241,0.2,intra,P3
e13_t241,e13_t242,0.2667,intra,P3
e13_t246,e13_t247,0.4,intra,P3
e13_t247,e13_t248,0.2,intra,P3
e13_t248,e13_t249,0.4667,intra,P3
e13_t253,e13_t254,0.2,intra,P3
e13_t0,e13_t1,0.2,intra,P3
e13_t1,e13_t2,0.3333,intra,P3
e13_t2,e13_t3,0.2667,intra,P3
e13_t12,e13_t13,0.2,intra,P3
e13_t15,e13_t16,0.3333,intra,P3
e13_t18,e13_t19,0.4,intra,P3
e13_t19,e13_t20,0.2667,intra,P3
e13_t22,e13_t23,0.4,intra,P3
e13_t37,e13_t38,0.3333,intra,P3
e13_t38,e13_t39,0.2667,intra,P3
e13_t39,e13_t40,0.5333,intra,P3
e13_t44,e13_t45,0.4,intra,P3
e13_t45,e13_t46,0.4,intra,P3
e13_t59,e13_t60,0.4,intra,P3
e13_t64,e13_t65,0.3333,intra,P3
e13_t65,e13_t66,0.2,intra,P3
e13_t69,e13_t70,0.2667,intra,P3
e13_t70,e13_t71,0.3333,intra,P3
e13_t71,e13_t72,0.2,intra,P3
e13_t73,e13_t74,0.2,intra,P3
e13_t76,e13_t77,0.3333,intra,P3
e13_t77,e13_t78,0.4667,intra,P3
e13_t89,e13_t90,0.2667,intra,P3
e13_t92,e13_t93,0.2667,intra,P3
e13_t93,e13_t94,0.2667,intra,P3
e13_t95,e13_t96,0.2667,intra,P3
e13_t96,e13_t97,0.2667,intra,P3
e13_t99,e13_t100,0.2,intra,P3
e13_t104,e13_t105,0.3333,intra,P3
e13_t108,e13_t109,0.2667,intra,P3
e13_t110,e13_t111,0.2667,intra,P3
e13_t111,e13_t112,0.3333,intra,P3
e13_t114,e13_t115,0.4,intra,P3
e13_t120,e13_t121,0.2667,intra,P3
e13_t121,e13_t122,0.4,intra,P3
e13_t122,e13_t123,0.2667,intra,P3
e13_t126,e13_t127,0.2,intra,P3
e13_t127,e13_t128,0.2,intra,P3
e13_t128,e13_t129,0.2,intra,P3
e13_t132,e13_t133,0.2667,intra,P3
e13_t136,e13_t137,0.2667,intra,P3
e13_t138,e13_t139,0.3333,intra,P3
e13_t139,e13_t140,0.3333,intra,P3
e13_t142,e13_t143,0.3333,intra,P3
e13_t147,e13_t148,0.2,intra,P3
e13_t152,e13_t153,0.2,intra,P3
e13_t153,e13_t154,0.3333,intra,P3
e13_t155,e13_t156,0.2,intra,P3
e13_t156,e13_t157,0.2,intra,P3
e13_t161,e13_t162,0.4,intra,P3
e13_t162,e13_t163,0.4,intra,P3
e13_t173,e13_t174,0.2,intra,P3
e13_t174,e13_t175,0.2,intra,P3
e13_t175,e13_t176,0.2667,intra,P3
e13_t178,e13_t179,0.2,intra,P3
e13_t181,e13_t182,0.2,intra,P3
e13_t182,e13_t183,0.4,intra,P3
e13_t192,e13_t193,0.2,intra,P3
e13_t193,e13_t194,0.3333,intra,P3
e13_t194,e13_t195,0.2667,intra,P3
e13_t197,e13_t198,0.2667,intra,P3
e13_t198,e13_t199,0.2,intra,P3
e13_t213,e13_t214,0.2667,intra,P3
e13_t214,e13_t215,0.3333,intra,P3
e13_t216,e13_t217,0.2,intra,P3
e13_t217,e13_t218,0.2667,intra,P3
e13_t232,e13_t233,0.4,intra,P3
e13_t239,e13_t240,0.2,intra,P3
e13_t242,e13_t243,0.2667,intra,P3
e13_t245,e13_t246,0.3333,intra,P3
e13_t249,e13_t250,0.3333,intra,P3
e13_t254,e13_t255,0.3333,intra,P3
e13_t5,e13_t6,0.2667,intra,P3
e13_t6,e13_t7,0.3333,intra,P3
e13_t6,e13_t10,0.2,intra,P3
e13_t14,e13_t15,0.2667,intra,P3
e13_t16,e13_t17,0.3333,intra,P3
e13_t21,e13_t22,0.3333,intra,P3
e13_t23,e13_t24,0.3333,intra,P3
e13_t25,e13_t26,0.4667,intra,P3
e13_t26,e13_t27,0.2667,intra,P3
e13_t28,e13_t29,0.4,intra,P3
e13_t29,e13_t30,0.4,intra,P3
e13_t30,e13_t31,0.3333,intra,P3
e13_t31,e13_t32,0.2,intra,P3
e13_t32,e13_t33,0.4,intra,P3
e13_t33,e13_t34,0.3333,intra,P3
e13_t35,e13_t36,0.4667,intra,P3
e13_t36,e13_t37,0.3333,intra,P3
e13_t36,e13_t38,0.2,intra,P3
e13_t40,e13_t41,0.2667,intra,P3
e13_t41,e13_t42,0.3333,intra,P3
e13_t42,e13_t43,0.3333,intra,P3
e13_t47,e13_t48,0.2,intra,P3
e13_t48,e13_t49,0.2667,intra,P3
e13_t51,e13_t52,0.3333,intra,P3
e13_t55,e13_t56,0.2667,intra,P3
e13_t57,e13_t58,0.2,intra,P3
e13_t58,e13_t59,0.2,intra,P3
e13_t77,e13_t80,0.2667,intra,P3
e13_t80,e13_t81,0.3333,intra,P3
e13_t86,e13_t87,0.2,intra,P3
e13_t113,e13_t114,0.3333,intra,P3
e13_t118,e13_t119,0.2,intra,P3
e13_t119,e13_t120,0.2667,intra,P3
e13_t124,e13_t125,0.2667,intra,P3
e13_t125,e13_t126,0.2,intra,P3
e13_t131,e13_t132,0.2667,intra,P3
e13_t134,e13_t135,0.2667,intra,P3
e13_t143,e13_t144,0.2667,intra,P3
e13_t144,e13_t145,0.4,intra,P3
e13_t150,e13_t151,0.2,intra,P3
e13_t151,e13_t152,0.2,intra,P3
e13_t154,e13_t155,0.2667,intra,P3
e13_t158,e13_t159,0.2667,intra,P3
e13_t169,e13_t170,0.2667,intra,P3
e13_t170,e13_t171,0.2,intra,P3
e13_t176,e13_t177,0.2,intra,P3
e13_t191,e13_t192,0.2667,intra,P3
e13_t195,e13_t196,0.2,intra,P3
e13_t200,e13_t201,0.2,intra,P3
e13_t204,e13_t205,0.2,intra,P3
e13_t211,e13_t212,0.2,intra,P3
e13_t212,e13_t213,0.2,intra,P3
e13_t215,e13_t216,0.2667,intra,P3
e13_t218,e13_t219,0.2667,intra,P3
e13_t225,e13_t226,0.2667,intra,P3
e13_t229,e13_t230,0.2667,intra,P3
e13_t251,e13_t252,0.2,intra,P3
e13_t7,e13_t8,0.3333,intra,P3
e13_t7,e13_t10,0.2,intra,P3
e13_t9,e13_t10,0.3333,intra,P3
e13_t10,e13_t11,0.3333,intra,P3
e13_t11,e13_t12,0.3333,intra,P3
e13_t13,e13_t14,0.2,intra,P3
e13_t20,e13_t21,0.2667,intra,P3
e13_t24,e13_t25,0.2667,intra,P3
e13_t27,e13_t28,0.2667,intra,P3
e13_t34,e13_t35,0.2667,intra,P3
e13_t62,e13_t63,0.2667,intra,P3
e13_t63,e13_t64,0.3333,intra,P3
e13_t66,e13_t67,0.2667,intra,P3
e13_t67,e13_t68,0.3333,intra,P3
e13_t74,e13_t75,0.2,intra,P3
e13_t75,e13_t76,0.2,intra,P3
e13_t76,e13_t81,0.2,intra,P3
e13_t79,e13_t80,0.4,intra,P3
e13_t82,e13_t83,0.3333,intra,P3
e13_t83,e13_t84,0.2667,intra,P3
e13_t88,e13_t89,0.2,intra,P3
e13_t94,e13_t95,0.2,intra,P3
e13_t105,e13_t106,0.3333,intra,P3
e13_t130,e13_t131,0.2667,intra,P3
e13_t133,e13_t134,0.2,intra,P3
e13_t157,e13_t158,0.2667,intra,P3
e13_t160,e13_t161,0.3333,intra,P3
e13_t163,e13_t164,0.3333,intra,P3
e13_t164,e13_t165,0.2667,intra,P3
e13_t165,e13_t166,0.3333,intra,P3
e13_t166,e13_t167,0.2667,intra,P3
e13_t167,e13_t168,0.3333,intra,P3
e13_t199,e13_t200,0.2,intra,P3
e13_t224,e13_t225,0.2,intra,P3
e13_t3,e13_t4,0.3333,intra,P3
e13_t43,e13_t44,0.2,intra,P3
e13_t52,e13_t53,0.3333,intra,P3
e13_t81,e13_t82,0.3333,intra,P3
e13_t159,e13_t160,0.2,intra,P3
e13_t168,e13_t169,0.2,intra,P3
e13_t186,e13_t187,0.2,intra,P3
e13_t205,e13_t206,0.2,intra,P3
e13_t207,e13_t208,0.2667,intra,P3
e13_t208,e13_t209,0.2,intra,P3
e13_t72,e13_t73,0.2,intra,P3
e13_t188,e13_t189,0.2,intra,P3
e13_t4,e13_t5,0.2,intra,P3
e13_t32,e13_t38,0.2,intra,P3
e14_t32,e14_t33,0.2667,intra,PZ
e14_t33,e14_t34,0.3333,intra,PZ
e14_t34,e14_t35,0.2,intra,PZ
e14_t35,e14_t36,0.4,intra,PZ
e14_t45,e14_t46,0.4,intra,PZ
e14_t46,e14_t47,0.2667,intra,PZ
e14_t47,e14_t48,0.3333,intra,PZ
e14_t204,e14_t205,0.2667,intra,PZ
e14_t205,e14_t206,0.4667,intra,PZ
e14_t242,e14_t243,0.4,intra,PZ
e14_t243,e14_t244,0.2667,intra,PZ
e14_t0,e14_t1,0.4667,intra,PZ
e14_t1,e14_t2,0.4,intra,PZ
e14_t3,e14_t4,0.2667,intra,PZ
e14_t4,e14_t5,0.3333,intra,PZ
e14_t5,e14_t6,0.4,intra,PZ
e14_t153,e14_t154,0.3333,intra,PZ
e14_t154,e14_t155,0.3333,intra,PZ
e14_t155,e14_t156,0.3333,intra,PZ
e14_t156,e14_t157,0.2667,intra,PZ
e14_t157,e14_t158,0.3333,intra,PZ
e14_t159,e14_t160,0.2,intra,PZ
e14_t160,e14_t161,0.4,intra,PZ
e14_t161,e14_t162,0.2667,intra,PZ
e14_t166,e14_t167,0.2667,intra,PZ
e14_t167,e14_t168,0.2,intra,PZ
e14_t210,e14_t211,0.3333,intra,PZ
e14_t220,e14_t221,0.2,intra,PZ
e14_t221,e14_t222,0.2,intra,PZ
e14_t222,e14_t223,0.4,intra,PZ
e14_t226,e14_t229,0.2,intra,PZ
e14_t228,e14_t229,0.2667,intra,PZ
e14_t229,e14_t230,0.3333,intra,PZ
e14_t230,e14_t231,0.4,intra,PZ
e14_t232,e14_t233,0.3333,intra,PZ
e14_t233,e14_t234,0.2667,intra,PZ
e14_t234,e14_t235,0.4,intra,PZ
e14_t235,e14_t236,0.4,intra,PZ
e14_t244,e14_t245,0.2667,intra,PZ
e14_t245,e14_t246,0.2667,intra,PZ
e14_t249,e14_t250,0.2667,intra,PZ
e14_t252,e14_t253,0.2667,intra,PZ
e14_t253,e14_t254,0.3333,intra,PZ
e14_t254,e14_t255,0.2667,intra,PZ
e14_t9,e14_t10,0.3333,intra,PZ
e14_t10,e14_t11,0.2667,intra,PZ
e14_t12,e14_t13,0.3333,intra,PZ
e14_t13,e14_t14,0.2667,intra,PZ
e14_t13,e14_t16,0.2,intra,PZ
e14_t15,e14_t16,0.2,intra,PZ
e14_t21,e14_t22,0.2,intra,PZ
e14_t22,e14_t23,0.2667,intra,PZ
e14_t27,e14_t28,0.3333,intra,PZ
e14_t28,e14_t29,0.4,intra,PZ
e14_t29,e14_t30,0.3333,intra,PZ
e14_t37,e14_t38,0.4,intra,PZ
e14_t38,e14_t39,0.3333,intra,PZ
e14_t41,e14_t42,0.3333,intra,PZ
e14_t48,e14_t49,0.4,intra,PZ
e14_t49,e14_t50,0.3333,intra,PZ
e14_t50,e14_t51,0.2667,intra,PZ
e14_t56,e14_t57,0.2,intra,PZ
e14_t57,e14_t58,0.2667,intra,PZ
e14_t60,e14_t61,0.2667,intra,PZ
e14_t63,e14_t64,0.2,intra,PZ
e14_t64,e14_t65,0.3333,intra,PZ
e14_t65,e14_t66,0.2667,intra,PZ
e14_t67,e14_t68,0.3333,intra,PZ
e14_t69,e14_t70,0.2,intra,PZ
e14_t70,e14_t71,0.3333,intra,PZ
e14_t71,e14_t72,0.4,intra,PZ
e14_t72,e14_t73,0.2667,intra,PZ
e14_t73,e14_t74,0.3333,intra,PZ
e14_t77,e14_t78,0.3333,intra,PZ
e14_t78,e14_t79,0.3333,intra,PZ
e14_t79,e14_t80,0.2,intra,PZ
e14_t84,e14_t85,0.2,intra,PZ
e14_t85,e14_t86,0.2667,intra,PZ
e14_t86,e14_t87,0.3333,intra,PZ
e14_t93,e14_t94,0.3333,intra,PZ
e14_t94,e14_t95,0.4,intra,PZ
e14_t96,e14_t97,0.4,intra,PZ
e14_t97,e14_t98,0.2667,intra,PZ
e14_t99,e14_t100,0.2,intra,PZ
e14_t103,e14_t104,0.2667,intra,PZ
e14_t104,e14_t105,0.2667,intra,PZ
e14_t109,e14_t110,0.2,intra,PZ
e14_t115,e14_t116,0.3333,intra,PZ
e14_t116,e14_t117,0.2667,intra,PZ
e14_t118,e14_t119,0.4,intra,PZ
e14_t119,e14_t120,0.3333,intra,PZ
e14_t124,e14_t125,0.3333,intra,PZ
e14_t125,e14_t126,0.4,intra,PZ
e14_t126,e14_t127,0.3333,intra,PZ
e14_t148,e14_t149,0.4,intra,PZ
e14_t150,e14_t151,0.2,intra,PZ
e14_t151,e14_t152,0.2667,intra,PZ
e14_t164,e14_t165,0.2667,intra,PZ
e14_t165,e14_t166,0.3333,intra,PZ
e14_t174,e14_t175,0.4,intra,PZ
e14_t182,e14_t183,0.4,intra,PZ
e14_t183,e14_t184,0.3333,intra,PZ
e14_t186,e14_t187,0.3333,intra,PZ
e14_t187,e14_t188,0.3333,intra,PZ
e14_t190,e14_t191,0.4,intra,PZ
e14_t191,e14_t192,0.3333,intra,PZ
e14_t196,e14_t197,0.2667,intra,PZ
e14_t197,e14_t198,0.2667,intra,PZ
e14_t198,e14_t199,0.2,intra,PZ
e14_t211,e14_t212,0.2667,intra,PZ
e14_t216,e14_t217,0.4667,intra,PZ
e14_t217,e14_t218,0.2667,intra,PZ
e14_t227,e14_t228,0.2,intra,PZ
e14_t231,e14_t232,0.3333,intra,PZ
e14_t247,e14_t248,0.3333,intra,PZ
e14_t248,e14_t249,0.2667,intra,PZ
e14_t251,e14_t252,0.4667,intra,PZ
e14_t2,e14_t3,0.3333,intra,PZ
e14_t8,e14_t9,0.3333,intra,PZ
e14_t39,e14_t40,0.2667,intra,PZ
e14_t44,e14_t45,0.2667,intra,PZ
e14_t51,e14_t52,0.5333,intra,PZ
e14_t54,e14_t55,0.3333,intra,PZ
e14_t55,e14_t56,0.3333,intra,PZ
e14_t68,e14_t69,0.4667,intra,PZ
e14_t74,e14_t75,0.2667,intra,PZ
e14_t88,e14_t89,0.3333,intra,PZ
e14_t91,e14_t92,0.3333,intra,PZ
e14_t92,e14_t93,0.2,intra,PZ
e14_t95,e14_t96,0.2667,intra,PZ
e14_t107,e14_t108,0.2667,intra,PZ
e14_t108,e14_t109,0.2667,intra,PZ
e14_t117,e14_t118,0.3333,intra,PZ
e14_t130,e14_t131,0.3333,intra,PZ
e14_t131,e14_t132,0.2667,intra,PZ
e14_t133,e14_t134,0.2667,intra,PZ
e14_t134,e14_t135,0.4,intra,PZ
e14_t135,e14_t136,0.2,intra,PZ
e14_t137,e14_t138,0.2,intra,PZ
e14_t138,e14_t139,0.2,intra,PZ
e14_t139,e14_t140,0.2,intra,PZ
e14_t141,e14_t142,0.3333,intra,PZ
e14_t144,e14_t145,0.2667,intra,PZ
e14_t149,e14_t150,0.2667,intra,PZ
e14_t173,e14_t174,0.4,intra,PZ
e14_t176,e14_t177,0.2,intra,PZ
e14_t188,e14_t189,0.2,intra,PZ
e14_t212,e14_t213,0.3333,intra,PZ
e14_t213,e14_t214,0.2667,intra,PZ
e14_t214,e14_t215,0.4,intra,PZ
e14_t215,e14_t216,0.2,intra,PZ
e14_t223,e14_t224,0.2667,intra,PZ
e14_t226,e14_t227,0.2,intra,PZ
e14_t236,e14_t237,0.2,intra,PZ
e14_t246,e14_t247,0.3333,intra,PZ
e14_t250,e14_t251,0.4,intra,PZ
e14_t23,e14_t24,0.2667,intra,PZ
e14_t81,e14_t82,0.4,intra,PZ
e14_t82,e14_t83,0.2,intra,PZ
e14_t83,e14_t84,0.3333,intra,PZ
e14_t90,e14_t91,0.2667,intra,PZ
e14_t98,e14_t99,0.2,intra,PZ
e14_t121,e14_t122,0.2667,intra,PZ
e14_t127,e14_t128,0.2667,intra,PZ
e14_t128,e14_t129,0.2667,intra,PZ
e14_t158,e14_t159,0.2667,intra,PZ
e14_t162,e14_t163,0.2,intra,PZ
e14_t169,e14_t170,0.2,intra,PZ
e14_t172,e14_t173,0.3333,intra,PZ
e14_t180,e14_t181,0.2667,intra,PZ
e14_t181,e14_t182,0.2,intra,PZ
e14_t192,e14_t193,0.2,intra,PZ
e14_t201,e14_t202,0.2667,intra,PZ
e14_t202,e14_t203,0.2,intra,PZ
e14_t206,e14_t207,0.2667,intra,PZ
e14_t208,e14_t209,0.2,intra,PZ
e14_t214,e14_t217,0.2,intra,PZ
e14_t219,e14_t220,0.2,intra,PZ
e14_t238,e14_t239,0.2,intra,PZ
e14_t239,e14_t240,0.2,intra,PZ
e14_t241,e14_t242,0.2667,intra,PZ
e14_t7,e14_t8,0.2667,intra,PZ
e14_t11,e14_t12,0.2,intra,PZ
e14_t58,e14_t59,0.2,intra,PZ
e14_t76,e14_t77,0.2,intra,PZ
e14_t87,e14_t88,0.2,intra,PZ
e14_t122,e14_t123,0.3333,intra,PZ
e14_t185,e14_t186,0.2,intra,PZ
e14_t193,e14_t194,0.2,intra,PZ
e14_t195,e14_t196,0.2667,intra,PZ
e14_t26,e14_t27,0.2,intra,PZ
e14_t31,e14_t32,0.2,intra,PZ
e14_t52,e14_t53,0.2667,intra,PZ
e14_t61,e14_t62,0.2,intra,PZ
e14_t80,e14_t81,0.2,intra,PZ
e14_t111,e14_t112,0.2,intra,PZ
e14_t24,e14_t25,0.2667,intra,PZ
e14_t42,e14_t43,0.2,intra,PZ
e14_t59,e14_t60,0.2667,intra,PZ
e14_t62,e14_t63,0.2,intra,PZ
e15_t42,e15_t43,0.4,intra,P4
e15_t125,e15_t126,0.6,intra,P4
e15_t156,e15_t157,0.3333,intra,P4
e15_t157,e15_t158,0.3333,intra,P4
e15_t158,e15_t159,0.3333,intra,P4
e15_t233,e15_t234,0.3333,intra,P4
e15_t234,e15_t235,0.3333,intra,P4
e15_t11,e15_t12,0.3333,intra,P4
e15_t12,e15_t13,0.4,intra,P4
e15_t170,e15_t171,0.6667,intra,P4
e15_t218,e15_t219,0.4,intra,P4
e15_t231,e15_t232,0.3333,intra,P4
e15_t241,e15_t242,0.2667,intra,P4
e15_t8,e15_t9,0.2,intra,P4
e15_t9,e15_t10,0.5333,intra,P4
e15_t28,e15_t29,0.2667,intra,P4
e15_t29,e15_t30,0.6,intra,P4
e15_t30,e15_t31,0.4667,intra,P4
e15_t41,e15_t42,0.2,intra,P4
e15_t43,e15_t44,0.3333,intra,P4
e15_t76,e15_t77,0.3333,intra,P4
e15_t77,e15_t78,0.4667,intra,P4
e15_t78,e15_t79,0.5333,intra,P4
e15_t88,e15_t89,0.2,intra,P4
e15_t89,e15_t90,0.4667,intra,P4
e15_t90,e15_t91,0.5333,intra,P4
e15_t106,e15_t107,0.3333,intra,P4
e15_t107,e15_t108,0.2667,intra,P4
e15_t113,e15_t114,0.2667,intra,P4
e15_t124,e15_t125,0.6667,intra,P4
e15_t126,e15_t127,0.4,intra,P4
e15_t136,e15_t137,0.2,intra,P4
e15_t137,e15_t138,0.2667,intra,P4
e15_t151,e15_t152,0.4,intra,P4
e15_t169,e15_t170,0.3333,intra,P4
e15_t171,e15_t172,0.4,intra,P4
e15_t207,e15_t208,0.3333,intra,P4
e15_t208,e15_t209,0.3333,intra,P4
e15_t221,e15_t222,0.5333,intra,P4
e15_t222,e15_t223,0.4,intra,P4
e15_t235,e15_t236,0.2667,intra,P4
e15_t5,e15_t6,0.2667,intra,P4
e15_t6,e15_t7,0.2667,intra,P4
e15_t20,e15_t21,0.2,intra,P4
e15_t138,e15_t139,0.2,intra,P4
e15_t143,e15_t144,0.2667,intra,P4
e15_t144,e15_t145,0.2,intra,P4
e15_t159,e15_t160,0.3333,intra,P4
e15_t172,e15_t173,0.2667,intra,P4
e15_t189,e15_t190,0.2,intra,P4
e15_t190,e15_t191,0.2667,intra,P4
e15_t191,e15_t192,0.2,intra,P4
e15_t252,e15_t253,0.2,intra,P4
e15_t253,e15_t254,0.2667,intra,P4
e15_t93,e15_t94,0.2,intra,P4
e15_t140,e15_t141,0.4,intra,P4
e15_t141,e15_t142,0.4,intra,P4
e15_t152,e15_t153,0.2667,intra,P4
e15_t153,e15_t154,0.2,intra,P4
e15_t154,e15_t155,0.3333,intra,P4
e15_t188,e15_t189,0.2667,intra,P4
e15_t200,e15_t201,0.2667,intra,P4
e15_t201,e15_t202,0.4,intra,P4
e15_t202,e15_t203,0.3333,intra,P4
e15_t206,e15_t207,0.4,intra,P4
e15_t237,e15_t238,0.3333,intra,P4
e15_t238,e15_t239,0.3333,intra,P4
e15_t242,e15_t243,0.2667,intra,P4
e15_t243,e15_t244,0.3333,intra,P4
e15_t244,e15_t245,0.2,intra,P4
e15_t62,e15_t63,0.2,intra,P4
e15_t63,e15_t64,0.2,intra,P4
e15_t95,e15_t96,0.2,intra,P4
e15_t96,e15_t97,0.2667,intra,P4
e15_t142,e15_t143,0.2667,intra,P4
e15_t145,e15_t146,0.2,intra,P4
e15_t146,e15_t147,0.2,intra,P4
e15_t147,e15_t148,0.2,intra,P4
e15_t148,e15_t149,0.2667,intra,P4
e15_t149,e15_t150,0.4,intra,P4
e15_t150,e15_t151,0.4,intra,P4
e15_t184,e15_t185,0.2,intra,P4
e15_t185,e15_t186,0.3333,intra,P4
e15_t186,e15_t187,0.2667,intra,P4
e15_t193,e15_t194,0.2,intra,P4
e15_t194,e15_t195,0.3333,intra,P4
e15_t195,e15_t196,0.2,intra,P4
e15_t210,e15_t211,0.3333,intra,P4
e15_t211,e15_t212,0.3333,intra,P4
e15_t212,e15_t213,0.2667,intra,P4
e15_t214,e15_t215,0.2667,intra,P4
e15_t215,e15_t216,0.2667,intra,P4
e15_t216,e15_t217,0.2667,intra,P4
e15_t220,e15_t221,0.3333,intra,P4
e15_t223,e15_t224,0.2,intra,P4
e15_t230,e15_t231,0.2667,intra,P4
e15_t245,e15_t246,0.2,intra,P4
e15_t246,e15_t247,0.2667,intra,P4
e15_t247,e15_t248,0.3333,intra,P4
e15_t248,e15_t249,0.4667,intra,P4
e15_t249,e15_t250,0.4667,intra,P4
e15_t7,e15_t8,0.2,intra,P4
e15_t31,e15_t32,0.2667,intra,P4
e15_t34,e15_t35,0.2,intra,P4
e15_t36,e15_t37,0.2,intra,P4
e15_t37,e15_t38,0.2,intra,P4
e15_t44,e15_t45,0.3333,intra,P4
e15_t47,e15_t48,0.2,intra,P4
e15_t48,e15_t49,0.2,intra,P4
e15_t55,e15_t56,0.2,intra,P4
e15_t72,e15_t73,0.2,intra,P4
e15_t73,e15_t74,0.3333,intra,P4
e15_t74,e15_t75,0.2667,intra,P4
e15_t75,e15_t76,0.2,intra,P4
e15_t79,e15_t80,0.2667,intra,P4
e15_t80,e15_t81,0.3333,intra,P4
e15_t81,e15_t82,0.2667,intra,P4
e15_t82,e15_t83,0.2667,intra,P4
e15_t83,e15_t84,0.2667,intra,P4
e15_t84,e15_t85,0.2667,intra,P4
e15_t85,e15_t86,0.2667,intra,P4
e15_t87,e15_t88,0.2,intra,P4
e15_t91,e15_t92,0.4,intra,P4
e15_t97,e15_t98,0.2,intra,P4
e15_t99,e15_t100,0.2,intra,P4
e15_t100,e15_t101,0.2,intra,P4
e15_t101,e15_t102,0.2,intra,P4
e15_t102,e15_t103,0.2,intra,P4
e15_t114,e15_t115,0.2667,intra,P4
e15_t115,e15_t116,0.2667,intra,P4
e15_t116,e15_t117,0.3333,intra,P4
e15_t117,e15_t118,0.3333,intra,P4
e15_t121,e15_t122,0.3333,intra,P4
e15_t122,e15_t123,0.4,intra,P4
e15_t123,e15_t124,0.4667,intra,P4
e15_t127,e15_t128,0.2667,intra,P4
e15_t128,e15_t129,0.3333,intra,P4
e15_t129,e15_t130,0.4,intra,P4
e15_t130,e15_t131,0.4667,intra,P4
e15_t174,e15_t175,0.2,intra,P4
e15_t204,e15_t205,0.3333,intra,P4
e15_t205,e15_t206,0.4,intra,P4
e15_t13,e15_t14,0.2667,intra,P4
e15_t14,e15_t15,0.2667,intra,P4
e15_t15,e15_t16,0.2,intra,P4
e15_t19,e15_t20,0.2,intra,P4
e15_t21,e15_t22,0.2,intra,P4
e15_t22,e15_t23,0.2,intra,P4
e15_t23,e15_t24,0.2,intra,P4
e15_t38,e15_t39,0.2667,intra,P4
e15_t39,e15_t40,0.2,intra,P4
e15_t40,e15_t41,0.2,intra,P4
e15_t118,e15_t119,0.3333,intra,P4
e15_t119,e15_t120,0.2667,intra,P4
e15_t131,e15_t132,0.2667,intra,P4
e15_t155,e15_t156,0.2667,intra,P4
e15_t160,e15_t161,0.2667,intra,P4
e15_t161,e15_t162,0.4,intra,P4
e15_t162,e15_t163,0.2667,intra,P4
e15_t164,e15_t165,0.2,intra,P4
e15_t165,e15_t166,0.2667,intra,P4
e15_t166,e15_t167,0.3333,intra,P4
e15_t167,e15_t168,0.4667,intra,P4
e15_t168,e15_t169,0.3333,intra,P4
e15_t203,e15_t204,0.2667,intra,P4
e15_t209,e15_t210,0.2,intra,P4
e15_t213,e15_t214,0.2,intra,P4
e15_t232,e15_t233,0.2,intra,P4
e15_t236,e15_t237,0.2,intra,P4
e15_t240,e15_t241,0.2667,intra,P4
e15_t250,e15_t251,0.3333,intra,P4
e15_t251,e15_t252,0.2,intra,P4
e15_t254,e15_t255,0.2,intra,P4
e15_t0,e15_t1,0.2,intra,P4
e15_t1,e15_t2,0.2,intra,P4
e15_t2,e15_t3,0.2,intra,P4
e15_t3,e15_t4,0.2667,intra,P4
e15_t68,e15_t69,0.3333,intra,P4
e15_t69,e15_t70,0.2,intra,P4
e15_t86,e15_t87,0.2,intra,P4
e15_t94,e15_t95,0.2,intra,P4
e15_t103,e15_t104,0.2,intra,P4
e15_t105,e15_t106,0.2,intra,P4
e15_t108,e15_t109,0.2667,intra,P4
e15_t120,e15_t121,0.2667,intra,P4
e15_t177,e15_t178,0.2667,intra,P4
e15_t183,e15_t184,0.2,intra,P4
e15_t239,e15_t240,0.3333,intra,P4
e15_t4,e15_t5,0.2,intra,P4
e15_t10,e15_t11,0.2667,intra,P4
e15_t16,e15_t17,0.2,intra,P4
e15_t33,e15_t34,0.3333,intra,P4
e15_t224,e15_t225,0.2,intra,P4
e15_t229,e15_t230,0.2,intra,P4
e15_t25,e15_t26,0.2,intra,P4
e15_t173,e15_t174,0.2667,intra,P4
e15_t32,e15_t33,0.2,intra,P4
e16_t40,e16_t41,0.4667,intra,P8
e16_t63,e16_t64,0.3333,intra,P8
e16_t64,e16_t65,0.4,intra,P8
e16_t154,e16_t155,0.2667,intra,P8
e16_t155,e16_t156,0.3333,intra,P8
e16_t156,e16_t157,0.2,intra,P8
e16_t158,e16_t159,0.2,intra,P8
e16_t168,e16_t169,0.2,intra,P8
e16_t169,e16_t170,0.2,intra,P8
e16_t170,e16_t171,0.2667,intra,P8
e16_t188,e16_t189,0.4,intra,P8
e16_t189,e16_t190,0.4,intra,P8
e16_t190,e16_t191,0.2667,intra,P8
e16_t201,e16_t202,0.2,intra,P8
e16_t225,e16_t226,0.2667,intra,P8
e16_t226,e16_t227,0.2,intra,P8
e16_t227,e16_t228,0.2667,intra,P8
e16_t228,e16_t229,0.2,intra,P8
e16_t243,e16_t244,0.2667,intra,P8
e16_t244,e16_t245,0.3333,intra,P8
e16_t245,e16_t246,0.2667,intra,P8
e16_t246,e16_t247,0.2,intra,P8
e16_t56,e16_t57,0.2,intra,P8
e16_t57,e16_t58,0.3333,intra,P8
e16_t58,e16_t59,0.2667,intra,P8
e16_t69,e16_t70,0.3333,intra,P8
e16_t70,e16_t71,0.2667,intra,P8
e16_t71,e16_t72,0.3333,intra,P8
e16_t76,e16_t77,0.2667,intra,P8
e16_t84,e16_t85,0.2667,intra,P8
e16_t85,e16_t86,0.2,intra,P8
e16_t86,e16_t87,0.2,intra,P8
e16_t87,e16_t88,0.2,intra,P8
e16_t88,e16_t89,0.2667,intra,P8
e16_t89,e16_t90,0.2667,intra,P8
e16_t90,e16_t91,0.3333,intra,P8
e16_t91,e16_t92,0.3333,intra,P8
e16_t92,e16_t93,0.2667,intra,P8
e16_t93,e16_t94,0.2667,intra,P8
e16_t106,e16_t107,0.2,intra,P8
e16_t107,e16_t108,0.2,intra,P8
e16_t208,e16_t209,0.3333,intra,P8
e16_t209,e16_t210,0.2,intra,P8
e16_t220,e16_t221,0.2,intra,P8
e16_t221,e16_t222,0.3333,intra,P8
e16_t222,e16_t223,0.3333,intra,P8
e16_t223,e16_t224,0.4667,intra,P8
e16_t224,e16_t225,0.4,intra,P8
e16_t233,e16_t234,0.3333,intra,P8
e16_t234,e16_t235,0.4,intra,P8
e16_t235,e16_t236,0.3333,intra,P8
e16_t236,e16_t237,0.2,intra,P8
e16_t237,e16_t238,0.2,intra,P8
e16_t239,e16_t240,0.2667,intra,P8
e16_t240,e16_t241,0.3333,intra,P8
e16_t30,e16_t31,0.2667,intra,P8
e16_t31,e16_t32,0.2667,intra,P8
e16_t32,e16_t33,0.2667,intra,P8
e16_t33,e16_t34,0.2,intra,P8
e16_t34,e16_t35,0.2,intra,P8
e16_t39,e16_t40,0.2,intra,P8
e16_t41,e16_t42,0.3333,intra,P8
e16_t42,e16_t43,0.3333,intra,P8
e16_t43,e16_t44,0.3333,intra,P8
e16_t44,e16_t45,0.3333,intra,P8
e16_t45,e16_t46,0.2,intra,P8
e16_t47,e16_t48,0.2667,intra,P8
e16_t48,e16_t49,0.2667,intra,P8
e16_t50,e16_t51,0.2667,intra,P8
e16_t51,e16_t52,0.3333,intra,P8
e16_t52,e16_t53,0.2667,intra,P8
e16_t59,e16_t60,0.2,intra,P8
e16_t61,e16_t62,0.2,intra,P8
e16_t62,e16_t63,0.2,intra,P8
e16_t72,e16_t73,0.2,intra,P8
e16_t74,e16_t75,0.2,intra,P8
e16_t77,e16_t78,0.2,intra,P8
e16_t95,e16_t96,0.2,intra,P8
e16_t96,e16_t97,0.2667,intra,P8
e16_t103,e16_t104,0.2,intra,P8
e16_t104,e16_t105,0.2667,intra,P8
e16_t116,e16_t117,0.2667,intra,P8
e16_t117,e16_t118,0.2,intra,P8
e16_t140,e16_t141,0.3333,intra,P8
e16_t141,e16_t142,0.3333,intra,P8
e16_t142,e16_t143,0.4,intra,P8
e16_t143,e16_t144,0.4,intra,P8
e16_t149,e16_t150,0.2,intra,P8
e16_t150,e16_t151,0.2667,intra,P8
e16_t151,e16_t152,0.2667,intra,P8
e16_t152,e16_t153,0.2,intra,P8
e16_t3,e16_t4,0.2,intra,P8
e16_t9,e16_t10,0.4,intra,P8
e16_t10,e16_t11,0.2667,intra,P8
e16_t247,e16_t248,0.2,intra,P8
e16_t248,e16_t249,0.3333,intra,P8
e16_t249,e16_t250,0.4,intra,P8
e16_t250,e16_t251,0.4667,intra,P8
e16_t251,e16_t252,0.5333,intra,P8
e16_t252,e16_t253,0.5333,intra,P8
e16_t253,e16_t254,0.4,intra,P8
e16_t254,e16_t255,0.3333,intra,P8
e16_t21,e16_t22,0.2,intra,P8
e16_t22,e16_t23,0.2,intra,P8
e16_t68,e16_t69,0.2,intra,P8
e16_t136,e16_t137,0.2,intra,P8
e16_t159,e16_t160,0.2,intra,P8
e16_t160,e16_t161,0.2667,intra,P8
e16_t161,e16_t162,0.2,intra,P8
e16_t162,e16_t163,0.2,intra,P8
e16_t163,e16_t164,0.2,intra,P8
e16_t164,e16_t165,0.2667,intra,P8
e16_t241,e16_t242,0.2,intra,P8
e16_t242,e16_t243,0.2,intra,P8
e16_t17,e16_t18,0.2667,intra,P8
e16_t18,e16_t19,0.2667,intra,P8
e16_t28,e16_t29,0.2,intra,P8
e16_t35,e16_t36,0.2667,intra,P8
e16_t36,e16_t37,0.2667,intra,P8
e16_t53,e16_t54,0.2,intra,P8
e16_t54,e16_t55,0.2,intra,P8
e16_t65,e16_t66,0.3333,intra,P8
e16_t66,e16_t67,0.2667,intra,P8
e16_t144,e16_t145,0.2667,intra,P8
e16_t0,e16_t1,0.2667,intra,P8
e16_t1,e16_t2,0.2667,intra,P8
e16_t178,e16_t179,0.2,intra,P8
e16_t179,e16_t180,0.2,intra,P8
e16_t8,e16_t9,0.2,intra,P8
e16_t97,e16_t98,0.2667,intra,P8
e16_t176,e16_t177,0.2,intra,P8
e16_t177,e16_t178,0.2667,intra,P8
e16_t182,e16_t183,0.2,intra,P8
e16_t14,e16_t15,0.2,intra,P8
e16_t202,e16_t203,0.2,intra,P8
e16_t212,e16_t213,0.2,intra,P8
e16_t213,e16_t214,0.2,intra,P8
e16_t171,e16_t172,0.2,intra,P8
e16_t205,e16_t206,0.2,intra,P8
e16_t231,e16_t232,0.2,intra,P8
e16_t232,e16_t233,0.2,intra,P8
e16_t12,e16_t13,0.2,intra,P8
e17_t17,e17_t18,0.2667,intra,O1
e17_t18,e17_t19,0.2,intra,O1
e17_t19,e17_t20,0.2,intra,O1
e17_t28,e17_t29,0.4,intra,O1
e17_t29,e17_t30,0.2667,intra,O1
e17_t30,e17_t31,0.2667,intra,O1
e17_t31,e17_t32,0.2667,intra,O1
e17_t39,e17_t40,0.3333,intra,O1
e17_t40,e17_t41,0.4,intra,O1
e17_t41,e17_t42,0.4667,intra,O1
e17_t131,e17_t132,0.3333,intra,O1
e17_t132,e17_t133,0.3333,intra,O1
e17_t133,e17_t134,0.3333,intra,O1
e17_t137,e17_t138,0.2667,intra,O1
e17_t138,e17_t139,0.3333,intra,O1
e17_t147,e17_t148,0.2667,intra,O1
e17_t204,e17_t205,0.2,intra,O1
e17_t241,e17_t242,0.2,intra,O1
e17_t242,e17_t243,0.2667,intra,O1
e17_t13,e17_t14,0.2667,intra,O1
e17_t58,e17_t59,0.2,intra,O1
e17_t59,e17_t60,0.2,intra,O1
e17_t63,e17_t64,0.2667,intra,O1
e17_t71,e17_t72,0.2,intra,O1
e17_t72,e17_t73,0.2667,intra,O1
e17_t73,e17_t74,0.4,intra,O1
e17_t74,e17_t75,0.2667,intra,O1
e17_t75,e17_t76,0.3333,intra,O1
e17_t76,e17_t77,0.2667,intra,O1
e17_t77,e17_t78,0.2,intra,O1
e17_t84,e17_t85,0.2,intra,O1
e17_t85,e17_t86,0.3333,intra,O1
e17_t86,e17_t87,0.2,intra,O1
e17_t143,e17_t144,0.2667,intra,O1
e17_t144,e17_t145,0.2667,intra,O1
e17_t145,e17_t146,0.2,intra,O1
e17_t146,e17_t147,0.2,intra,O1
e17_t211,e17_t212,0.3333,intra,O1
e17_t212,e17_t213,0.3333,intra,O1
e17_t213,e17_t214,0.2,intra,O1
e17_t215,e17_t216,0.2,intra,O1
e17_t216,e17_t217,0.2667,intra,O1
e17_t217,e17_t218,0.3333,intra,O1
e17_t218,e17_t219,0.3333,intra,O1
e17_t237,e17_t238,0.2667,intra,O1
e17_t238,e17_t239,0.2,intra,O1
e17_t239,e17_t240,0.2667,intra,O1
e17_t20,e17_t21,0.2667,intra,O1
e17_t21,e17_t22,0.2667,intra,O1
e17_t24,e17_t25,0.3333,intra,O1
e17_t25,e17_t26,0.3333,intra,O1
e17_t27,e17_t28,0.2,intra,O1
e17_t36,e17_t37,0.2,intra,O1
e17_t37,e17_t38,0.2,intra,O1
e17_t38,e17_t39,0.2667,intra,O1
e17_t42,e17_t43,0.3333,intra,O1
e17_t47,e17_t48,0.2,intra,O1
e17_t48,e17_t49,0.2667,intra,O1
e17_t49,e17_t50,0.2,intra,O1
e17_t87,e17_t88,0.2,intra,O1
e17_t92,e17_t93,0.2667,intra,O1
e17_t93,e17_t94,0.2,intra,O1
e17_t94,e17_t95,0.3333,intra,O1
e17_t95,e17_t96,0.2667,intra,O1
e17_t97,e17_t98,0.2,intra,O1
e17_t98,e17_t99,0.2,intra,O1
e17_t105,e17_t106,0.3333,intra,O1
e17_t106,e17_t107,0.3333,intra,O1
e17_t107,e17_t108,0.4,intra,O1
e17_t108,e17_t109,0.3333,intra,O1
e17_t109,e17_t110,0.3333,intra,O1
e17_t110,e17_t111,0.4,intra,O1
e17_t111,e17_t112,0.2667,intra,O1
e17_t112,e17_t113,0.2667,intra,O1
e17_t118,e17_t119,0.2,intra,O1
e17_t119,e17_t120,0.2,intra,O1
e17_t120,e17_t121,0.2667,intra,O1
e17_t134,e17_t135,0.2667,intra,O1
e17_t135,e17_t136,0.2,intra,O1
e17_t136,e17_t137,0.3333,intra,O1
e17_t221,e17_t222,0.2667,intra,O1
e17_t222,e17_t223,0.2,intra,O1
e17_t223,e17_t224,0.2,intra,O1
e17_t224,e17_t225,0.2,intra,O1
e17_t225,e17_t226,0.2667,intra,O1
e17_t230,e17_t231,0.2,intra,O1
e17_t231,e17_t232,0.3333,intra,O1
e17_t232,e17_t233,0.3333,intra,O1
e17_t233,e17_t234,0.3333,intra,O1
e17_t234,e17_t235,0.4,intra,O1
e17_t235,e17_t236,0.3333,intra,O1
e17_t12,e17_t13,0.2667,intra,O1
e17_t23,e17_t24,0.2667,intra,O1
e17_t65,e17_t66,0.3333,intra,O1
e17_t66,e17_t67,0.2,intra,O1
e17_t103,e17_t104,0.2,intra,O1
e17_t104,e17_t105,0.2,intra,O1
e17_t113,e17_t114,0.2,intra,O1
e17_t140,e17_t141,0.2,intra,O1
e17_t142,e17_t143,0.2,intra,O1
e17_t156,e17_t157,0.2,intra,O1
e17_t158,e17_t159,0.2,intra,O1
e17_t159,e17_t160,0.4,intra,O1
e17_t160,e17_t161,0.3333,intra,O1
e17_t161,e17_t162,0.2667,intra,O1
e17_t173,e17_t174,0.2667,intra,O1
e17_t152,e17_t153,0.2667,intra,O1
e17_t153,e17_t154,0.2667,intra,O1
e17_t186,e17_t187,0.3333,intra,O1
e17_t187,e17_t188,0.3333,intra,O1
e17_t190,e17_t191,0.2,intra,O1
e17_t196,e17_t197,0.4,intra,O1
e17_t197,e17_t198,0.3333,intra,O1
e17_t198,e17_t199,0.3333,intra,O1
e17_t69,e17_t70,0.2667,intra,O1
e17_t70,e17_t71,0.2667,intra,O1
e17_t185,e17_t186,0.2,intra,O1
e17_t195,e17_t196,0.3333,intra,O1
e17_t236,e17_t237,0.2,intra,O1
e17_t247,e17_t248,0.2667,intra,O1
e17_t91,e17_t92,0.2,intra,O1
e17_t154,e17_t155,0.2,intra,O1
e17_t22,e17_t23,0.2,intra,O1
e17_t100,e17_t101,0.2,intra,O1
e17_t174,e17_t175,0.2,intra,O1
e17_t175,e17_t176,0.2667,intra,O1
e17_t245,e17_t246,0.2,intra,O1
e17_t248,e17_t249,0.2,intra,O1
e17_t249,e17_t250,0.2,intra,O1
e17_t11,e17_t12,0.2667,intra,O1
e17_t88,e17_t89,0.2,intra,O1
e17_t89,e17_t90,0.2,intra,O1
e17_t101,e17_t102,0.2,intra,O1
e17_t176,e17_t177,0.2,intra,O1
e17_t177,e17_t178,0.2,intra,O1
e17_t178,e17_t179,0.2,intra,O1
e17_t179,e17_t180,0.2,intra,O1
e17_t181,e17_t182,0.2,intra,O1
e17_t182,e17_t183,0.2,intra,O1
e17_t191,e17_t192,0.2,intra,O1
e17_t192,e17_t193,0.2,intra,O1
e17_t193,e17_t194,0.3333,intra,O1
e17_t194,e17_t195,0.2667,intra,O1
e17_t243,e17_t244,0.2,intra,O1
e17_t68,e17_t69,0.2,intra,O1
e17_t64,e17_t65,0.2667,intra,O1
e18_t86,e18_t87,0.2,intra,OZ
e18_t87,e18_t88,0.2667,intra,OZ
e18_t88,e18_t89,0.2667,intra,OZ
e18_t97,e18_t98,0.4667,intra,OZ
e18_t98,e18_t99,0.3333,intra,OZ
e18_t114,e18_t115,0.3333,intra,OZ
e18_t116,e18_t117,0.2,intra,OZ
e18_t161,e18_t162,0.4,intra,OZ
e18_t162,e18_t163,0.2,intra,OZ
e18_t163,e18_t164,0.2,intra,OZ
e18_t164,e18_t165,0.3333,intra,OZ
e18_t165,e18_t166,0.2667,intra,OZ
e18_t166,e18_t167,0.2,intra,OZ
e18_t167,e18_t168,0.2667,intra,OZ
e18_t168,e18_t169,0.2667,intra,OZ
e18_t186,e18_t187,0.2667,intra,OZ
e18_t187,e18_t188,0.2667,intra,OZ
e18_t203,e18_t204,0.2667,intra,OZ
e18_t204,e18_t205,0.2667,intra,OZ
e18_t40,e18_t41,0.2,intra,OZ
e18_t61,e18_t62,0.3333,intra,OZ
e18_t62,e18_t63,0.4,intra,OZ
e18_t63,e18_t64,0.2667,intra,OZ
e18_t76,e18_t77,0.5333,intra,OZ
e18_t77,e18_t78,0.4,intra,OZ
e18_t89,e18_t90,0.2667,intra,OZ
e18_t121,e18_t122,0.3333,intra,OZ
e18_t122,e18_t123,0.2667,intra,OZ
e18_t123,e18_t124,0.3333,intra,OZ
e18_t124,e18_t125,0.4667,intra,OZ
e18_t143,e18_t144,0.6,intra,OZ
e18_t144,e18_t145,0.5333,intra,OZ
e18_t145,e18_t146,0.3333,intra,OZ
e18_t146,e18_t147,0.3333,intra,OZ
e18_t201,e18_t202,0.2667,intra,OZ
e18_t202,e18_t203,0.2,intra,OZ
e18_t210,e18_t211,0.2667,intra,OZ
e18_t211,e18_t212,0.2,intra,OZ
e18_t245,e18_t246,0.2,intra,OZ
e18_t246,e18_t247,0.3333,intra,OZ
e18_t9,e18_t10,0.2667,intra,OZ
e18_t10,e18_t11,0.2,intra,OZ
e18_t11,e18_t12,0.2,intra,OZ
e18_t12,e18_t13,0.2,intra,OZ
e18_t34,e18_t35,0.2,intra,OZ
e18_t35,e18_t36,0.2667,intra,OZ
e18_t36,e18_t37,0.2667,intra,OZ
e18_t45,e18_t46,0.3333,intra,OZ
e18_t46,e18_t47,0.2,intra,OZ
e18_t47,e18_t48,0.2667,intra,OZ
e18_t48,e18_t49,0.2667,intra,OZ
e18_t49,e18_t50,0.2667,intra,OZ
e18_t50,e18_t51,0.2667,intra,OZ
e18_t51,e18_t52,0.2667,intra,OZ
e18_t52,e18_t53,0.2,intra,OZ
e18_t53,e18_t54,0.2667,intra,OZ
e18_t54,e18_t55,0.3333,intra,OZ
e18_t65,e18_t66,0.3333,intra,OZ
e18_t66,e18_t67,0.4,intra,OZ
e18_t67,e18_t68,0.2,intra,OZ
e18_t68,e18_t69,0.2667,intra,OZ
e18_t69,e18_t70,0.3333,intra,OZ
e18_t73,e18_t74,0.3333,intra,OZ
e18_t74,e18_t75,0.4,intra,OZ
e18_t75,e18_t76,0.4,intra,OZ
e18_t83,e18_t84,0.3333,intra,OZ
e18_t84,e18_t85,0.2667,intra,OZ
e18_t93,e18_t94,0.4,intra,OZ
e18_t94,e18_t95,0.3333,intra,OZ
e18_t95,e18_t96,0.2,intra,OZ
e18_t96,e18_t97,0.4,intra,OZ
e18_t169,e18_t170,0.4,intra,OZ
e18_t170,e18_t171,0.3333,intra,OZ
e18_t182,e18_t183,0.4667,intra,OZ
e18_t183,e18_t184,0.5333,intra,OZ
e18_t184,e18_t185,0.3333,intra,OZ
e18_t198,e18_t199,0.2,intra,OZ
e18_t200,e18_t201,0.2,intra,OZ
e18_t0,e18_t1,0.2,intra,OZ
e18_t1,e18_t2,0.2,intra,OZ
e18_t2,e18_t3,0.2,intra,OZ
e18_t3,e18_t4,0.2,intra,OZ
e18_t23,e18_t24,0.2667,intra,OZ
e18_t24,e18_t25,0.3333,intra,OZ
e18_t25,e18_t26,0.3333,intra,OZ
e18_t55,e18_t56,0.3333,intra,OZ
e18_t142,e18_t143,0.4,intra,OZ
e18_t156,e18_t157,0.2667,intra,OZ
e18_t157,e18_t158,0.2,intra,OZ
e18_t158,e18_t159,0.4,intra,OZ
e18_t159,e18_t160,0.4667,intra,OZ
e18_t171,e18_t172,0.2667,intra,OZ
e18_t220,e18_t221,0.3333,intra,OZ
e18_t221,e18_t222,0.2667,intra,OZ
e18_t17,e18_t18,0.3333,intra,OZ
e18_t64,e18_t65,0.3333,intra,OZ
e18_t70,e18_t71,0.2667,intra,OZ
e18_t71,e18_t72,0.2667,intra,OZ
e18_t72,e18_t73,0.2667,intra,OZ
e18_t78,e18_t79,0.4,intra,OZ
e18_t79,e18_t80,0.2667,intra,OZ
e18_t80,e18_t81,0.2,intra,OZ
e18_t81,e18_t82,0.2667,intra,OZ
e18_t82,e18_t83,0.2667,intra,OZ
e18_t90,e18_t91,0.2,intra,OZ
e18_t91,e18_t92,0.2,intra,OZ
e18_t92,e18_t93,0.2667,intra,OZ
e18_t99,e18_t100,0.2,intra,OZ
e18_t108,e18_t109,0.2667,intra,OZ
e18_t109,e18_t110,0.2,intra,OZ
e18_t110,e18_t111,0.2,intra,OZ
e18_t125,e18_t126,0.4,intra,OZ
e18_t132,e18_t133,0.2,intra,OZ
e18_t133,e18_t134,0.2667,intra,OZ
e18_t134,e18_t135,0.2,intra,OZ
e18_t135,e18_t136,0.2,intra,OZ
e18_t193,e18_t194,0.2667,intra,OZ
e18_t196,e18_t197,0.2,intra,OZ
e18_t232,e18_t233,0.2667,intra,OZ
e18_t104,e18_t105,0.3333,intra,OZ
e18_t105,e18_t106,0.4667,intra,OZ
e18_t106,e18_t107,0.2,intra,OZ
e18_t107,e18_t108,0.2667,intra,OZ
e18_t112,e18_t113,0.2667,intra,OZ
e18_t113,e18_t114,0.3333,intra,OZ
e18_t140,e18_t141,0.3333,intra,OZ
e18_t141,e18_t142,0.2667,intra,OZ
e18_t248,e18_t249,0.2,intra,OZ
e18_t251,e18_t252,0.2,intra,OZ
e18_t252,e18_t253,0.3333,intra,OZ
e18_t253,e18_t254,0.3333,intra,OZ
e18_t254,e18_t255,0.2667,intra,OZ
e18_t13,e18_t14,0.2,intra,OZ
e18_t14,e18_t15,0.2,intra,OZ
e18_t15,e18_t16,0.2,intra,OZ
e18_t16,e18_t17,0.2667,intra,OZ
e18_t18,e18_t19,0.3333,intra,OZ
e18_t19,e18_t20,0.2667,intra,OZ
e18_t20,e18_t21,0.2667,intra,OZ
e18_t21,e18_t22,0.3333,intra,OZ
e18_t22,e18_t23,0.2667,intra,OZ
e18_t26,e18_t27,0.2667,intra,OZ
e18_t27,e18_t28,0.2667,intra,OZ
e18_t37,e18_t38,0.2,intra,OZ
e18_t41,e18_t42,0.2,intra,OZ
e18_t43,e18_t44,0.2,intra,OZ
e18_t44,e18_t45,0.2,intra,OZ
e18_t149,e18_t150,0.2667,intra,OZ
e18_t150,e18_t151,0.2,intra,OZ
e18_t151,e18_t152,0.3333,intra,OZ
e18_t152,e18_t153,0.3333,intra,OZ
e18_t155,e18_t156,0.2667,intra,OZ
e18_t160,e18_t161,0.3333,intra,OZ
e18_t185,e18_t186,0.2,intra,OZ
e18_t188,e18_t189,0.2667,intra,OZ
e18_t194,e18_t195,0.2667,intra,OZ
e18_t195,e18_t196,0.2,intra,OZ
e18_t119,e18_t120,0.3333,intra,OZ
e18_t147,e18_t148,0.2,intra,OZ
e18_t148,e18_t149,0.2,intra,OZ
e18_t172,e18_t173,0.2667,intra,OZ
e18_t173,e18_t174,0.2667,intra,OZ
e18_t174,e18_t175,0.3333,intra,OZ
e18_t175,e18_t176,0.2667,intra,OZ
e18_t189,e18_t190,0.2,intra,OZ
e18_t230,e18_t231,0.2667,intra,OZ
e18_t231,e18_t232,0.2667,intra,OZ
e18_t233,e18_t234,0.2,intra,OZ
e18_t247,e18_t248,0.2667,intra,OZ
e18_t7,e18_t8,0.3333,intra,OZ
e18_t8,e18_t9,0.2,intra,OZ
e18_t85,e18_t86,0.2,intra,OZ
e18_t100,e18_t101,0.2667,intra,OZ
e18_t101,e18_t102,0.2667,intra,OZ
e18_t102,e18_t103,0.2667,intra,OZ
e18_t103,e18_t104,0.2667,intra,OZ
e18_t117,e18_t118,0.2,intra,OZ
e18_t118,e18_t119,0.2,intra,OZ
e18_t120,e18_t121,0.3333,intra,OZ
e18_t126,e18_t127,0.2667,intra,OZ
e18_t127,e18_t128,0.2,intra,OZ
e18_t176,e18_t177,0.2667,intra,OZ
e18_t177,e18_t178,0.2667,intra,OZ
e18_t181,e18_t182,0.3333,intra,OZ
e18_t215,e18_t216,0.2,intra,OZ
e18_t216,e18_t217,0.2,intra,OZ
e18_t217,e18_t218,0.2667,intra,OZ
e18_t6,e18_t7,0.2667,intra,OZ
e18_t30,e18_t31,0.2,intra,OZ
e18_t139,e18_t140,0.2,intra,OZ
e18_t153,e18_t154,0.3333,intra,OZ
e18_t219,e18_t220,0.2,intra,OZ
e18_t222,e18_t223,0.2,intra,OZ
e18_t225,e18_t226,0.2667,intra,OZ
e18_t226,e18_t227,0.2667,intra,OZ
e18_t227,e18_t228,0.2667,intra,OZ
e18_t228,e18_t229,0.2667,intra,OZ
e18_t229,e18_t230,0.2,intra,OZ
e18_t56,e18_t57,0.2,intra,OZ
e18_t57,e18_t58,0.2,intra,OZ
e18_t154,e18_t155,0.2,intra,OZ
e18_t178,e18_t179,0.2,intra,OZ
e18_t179,e18_t180,0.2667,intra,OZ
e18_t180,e18_t181,0.2667,intra,OZ
e18_t208,e18_t209,0.2,intra,OZ
e18_t209,e18_t210,0.2667,intra,OZ
e18_t238,e18_t239,0.2,intra,OZ
e18_t4,e18_t5,0.2,intra,OZ
e18_t5,e18_t6,0.2,intra,OZ
e18_t31,e18_t32,0.2,intra,OZ
e19_t24,e19_t25,0.4667,intra,O2
e19_t27,e19_t28,0.2667,intra,O2
e19_t28,e19_t29,0.4667,intra,O2
e19_t60,e19_t61,0.6,intra,O2
e19_t61,e19_t62,0.3333,intra,O2
e19_t72,e19_t73,0.6,intra,O2
e19_t73,e19_t74,0.6,intra,O2
e19_t105,e19_t106,0.3333,intra,O2
e19_t152,e19_t153,0.2,intra,O2
e19_t156,e19_t157,0.6,intra,O2
e19_t157,e19_t158,0.4667,intra,O2
e19_t172,e19_t173,0.2667,intra,O2
e19_t188,e19_t189,0.3333,intra,O2
e19_t189,e19_t190,0.2,intra,O2
e19_t220,e19_t221,0.6667,intra,O2
e19_t232,e19_t233,0.2667,intra,O2
e19_t233,e19_t234,0.4,intra,O2
e19_t234,e19_t235,0.3333,intra,O2
e19_t237,e19_t238,0.2667,intra,O2
e19_t249,e19_t250,0.2667,intra,O2
e19_t12,e19_t13,0.6,intra,O2
e19_t25,e19_t26,0.6,intra,O2
e19_t56,e19_t57,0.3333,intra,O2
e19_t57,e19_t58,0.2667,intra,O2
e19_t67,e19_t68,0.2667,intra,O2
e19_t68,e19_t69,0.3333,intra,O2
e19_t69,e19_t70,0.3333,intra,O2
e19_t88,e19_t89,0.2,intra,O2
e19_t89,e19_t90,0.2667,intra,O2
e19_t92,e19_t93,0.3333,intra,O2
e19_t108,e19_t109,0.4,intra,O2
e19_t109,e19_t110,0.4667,intra,O2
e19_t121,e19_t122,0.4,intra,O2
e19_t153,e19_t154,0.5333,intra,O2
e19_t212,e19_t213,0.2,intra,O2
e19_t213,e19_t214,0.2,intra,O2
e19_t230,e19_t231,0.2,intra,O2
e19_t231,e19_t232,0.2667,intra,O2
e19_t247,e19_t248,0.3333,intra,O2
e19_t248,e19_t249,0.2667,intra,O2
e19_t250,e19_t251,0.2,intra,O2
e19_t29,e19_t30,0.4,intra,O2
e19_t44,e19_t45,0.3333,intra,O2
e19_t45,e19_t46,0.2,intra,O2
e19_t46,e19_t47,0.2,intra,O2
e19_t51,e19_t52,0.2,intra,O2
e19_t52,e19_t53,0.2667,intra,O2
e19_t53,e19_t54,0.2,intra,O2
e19_t65,e19_t66,0.2,intra,O2
e19_t66,e19_t67,0.2667,intra,O2
e19_t70,e19_t71,0.2,intra,O2
e19_t93,e19_t94,0.4667,intra,O2
e19_t124,e19_t125,0.3333,intra,O2
e19_t125,e19_t126,0.3333,intra,O2
e19_t135,e19_t136,0.2,intra,O2
e19_t136,e19_t137,0.5333,intra,O2
e19_t140,e19_t141,0.4667,intra,O2
e19_t141,e19_t142,0.4,intra,O2
e19_t159,e19_t160,0.2,intra,O2
e19_t162,e19_t163,0.2,intra,O2
e19_t163,e19_t164,0.2,intra,O2
e19_t173,e19_t174,0.4,intra,O2
e19_t200,e19_t201,0.4,intra,O2
e19_t201,e19_t202,0.3333,intra,O2
e19_t204,e19_t205,0.4667,intra,O2
e19_t205,e19_t206,0.2667,intra,O2
e19_t239,e19_t240,0.2,intra,O2
e19_t240,e19_t241,0.2,intra,O2
e19_t251,e19_t252,0.4667,intra,O2
e19_t252,e19_t253,0.4667,intra,O2
e19_t253,e19_t254,0.4667,intra,O2
e19_t8,e19_t9,0.4667,intra,O2
e19_t8,e19_t14,0.2,intra,O2
e19_t9,e19_t10,0.5333,intra,O2
e19_t41,e19_t42,0.2,intra,O2
e19_t59,e19_t60,0.3333,intra,O2
e19_t77,e19_t78,0.2667,intra,O2
e19_t81,e19_t82,0.2667,intra,O2
e19_t88,e19_t93,0.2,intra,O2
e19_t96,e19_t97,0.3333,intra,O2
e19_t97,e19_t98,0.2667,intra,O2
e19_t116,e19_t117,0.2,intra,O2
e19_t137,e19_t138,0.4667,intra,O2
e19_t154,e19_t155,0.2667,intra,O2
e19_t154,e19_t156,0.2,intra,O2
e19_t169,e19_t170,0.2,intra,O2
e19_t170,e19_t171,0.2667,intra,O2
e19_t174,e19_t175,0.3333,intra,O2
e19_t180,e19_t181,0.2667,intra,O2
e19_t187,e19_t188,0.2,intra,O2
e19_t196,e19_t197,0.2,intra,O2
e19_t214,e19_t215,0.2,intra,O2
e19_t217,e19_t218,0.3333,intra,O2
e19_t241,e19_t242,0.2,intra,O2
e19_t1,e19_t2,0.2667,intra,O2
e19_t2,e19_t3,0.2,intra,O2
e19_t6,e19_t7,0.2,intra,O2
e19_t75,e19_t76,0.2,intra,O2
e19_t76,e19_t77,0.2667,intra,O2
e19_t95,e19_t96,0.2,intra,O2
e19_t99,e19_t100,0.2667,intra,O2
e19_t110,e19_t111,0.2667,intra,O2
e19_t126,e19_t127,0.2,intra,O2
e19_t137,e19_t141,0.3333,intra,O2
e19_t137,e19_t142,0.2,intra,O2
e19_t197,e19_t198,0.2,intra,O2
e19_t203,e19_t204,0.3333,intra,O2
e19_t72,e19_t77,0.2,intra,O2
e19_t79,e19_t80,0.3333,intra,O2
e19_t120,e19_t121,0.4,intra,O2
e19_t139,e19_t140,0.2667,intra,O2
e19_t224,e19_t225,0.2,intra,O2
e19_t254,e19_t255,0.2,intra,O2
e19_t5,e19_t6,0.2,intra,O2
e19_t16,e19_t17,0.2,intra,O2
e19_t18,e19_t19,0.2,intra,O2
e19_t19,e19_t20,0.2667,intra,O2
e19_t26,e19_t27,0.2,intra,O2
e19_t43,e19_t44,0.2,intra,O2
e19_t62,e19_t63,0.2,intra,O2
e19_t63,e19_t64,0.2,intra,O2
e19_t119,e19_t120,0.2667,intra,O2
e19_t133,e19_t134,0.2667,intra,O2
e19_t183,e19_t184,0.2,intra,O2
e19_t184,e19_t185,0.2,intra,O2
e19_t194,e19_t195,0.2,intra,O2
e19_t195,e19_t196,0.2,intra,O2
e19_t9,e19_t12,0.3333,intra,O2
e19_t74,e19_t75,0.2667,intra,O2
e19_t155,e19_t156,0.2,intra,O2
e19_t221,e19_t222,0.4,intra,O2
e19_t222,e19_t223,0.2,intra,O2
e19_t238,e19_t239,0.2667,intra,O2
e19_t243,e19_t244,0.2,intra,O2
e19_t82,e19_t83,0.2,intra,O2
e19_t83,e19_t84,0.2,intra,O2
e19_t100,e19_t101,0.2,intra,O2
e19_t101,e19_t102,0.2,intra,O2
e19_t113,e19_t114,0.2,intra,O2
e19_t114,e19_t115,0.2,intra,O2
e19_t178,e19_t179,0.2667,intra,O2
e19_t179,e19_t180,0.2667,intra,O2
e19_t216,e19_t217,0.2,intra,O2
e19_t32,e19_t33,0.2,intra,O2
e19_t177,e19_t178,0.2,intra,O2
e19_t80,e19_t81,0.2667,intra,O2
e19_t0,e19_t1,0.2,intra,O2
e19_t145,e19_t146,0.2,intra,O2
e19_t146,e19_t147,0.2,intra,O2
e19_t218,e19_t219,0.2667,intra,O2
e19_t78,e19_t79,0.2,intra,O2
e20_t12,e20_t13,0.4,intra,A1
e20_t25,e20_t26,0.4,intra,A1
e20_t60,e20_t61,0.2,intra,A1
e20_t61,e20_t62,0.2667,intra,A1
e20_t92,e20_t93,0.4,intra,A1
e20_t93,e20_t94,0.3333,intra,A1
e20_t104,e20_t105,0.2667,intra,A1
e20_t105,e20_t106,0.2667,intra,A1
e20_t184,e20_t185,0.2667,intra,A1
e20_t185,e20_t186,0.4667,intra,A1
e20_t186,e20_t187,0.4,intra,A1
e20_t31,e20_t32,0.4,intra,A1
e20_t32,e20_t33,0.2667,intra,A1
e20_t33,e20_t34,0.2,intra,A1
e20_t34,e20_t35,0.4,intra,A1
e20_t35,e20_t36,0.4,intra,A1
e20_t44,e20_t45,0.4,intra,A1
e20_t45,e20_t46,0.4667,intra,A1
e20_t85,e20_t86,0.3333,intra,A1
e20_t87,e20_t88,0.4,intra,A1
e20_t91,e20_t92,0.2,intra,A1
e20_t135,e20_t136,0.3333,intra,A1
e20_t136,e20_t137,0.5333,intra,A1
e20_t137,e20_t138,0.6,intra,A1
e20_t149,e20_t150,0.2667,intra,A1
e20_t150,e20_t151,0.2667,intra,A1
e20_t159,e20_t160,0.4667,intra,A1
e20_t160,e20_t161,0.3333,intra,A1
e20_t161,e20_t162,0.2,intra,A1
e20_t207,e20_t208,0.4,intra,A1
e20_t208,e20_t209,0.4,intra,A1
e20_t209,e20_t210,0.2667,intra,A1
e20_t210,e20_t211,0.3333,intra,A1
e20_t237,e20_t238,0.4667,intra,A1
e20_t249,e20_t250,0.4,intra,A1
e20_t41,e20_t42,0.2667,intra,A1
e20_t42,e20_t43,0.2,intra,A1
e20_t47,e20_t48,0.2,intra,A1
e20_t75,e20_t76,0.3333,intra,A1
e20_t76,e20_t77,0.5333,intra,A1
e20_t77,e20_t78,0.4667,intra,A1
e20_t88,e20_t89,0.4,intra,A1
e20_t89,e20_t90,0.4667,intra,A1
e20_t90,e20_t91,0.4667,intra,A1
e20_t95,e20_t96,0.2667,intra,A1
e20_t96,e20_t97,0.2667,intra,A1
e20_t125,e20_t126,0.5333,intra,A1
e20_t156,e20_t157,0.3333,intra,A1
e20_t157,e20_t158,0.4667,intra,A1
e20_t169,e20_t170,0.3333,intra,A1
e20_t24,e20_t25,0.4,intra,A1
e20_t26,e20_t27,0.2667,intra,A1
e20_t50,e20_t51,0.2667,intra,A1
e20_t99,e20_t100,0.2,intra,A1
e20_t143,e20_t144,0.4,intra,A1
e20_t144,e20_t145,0.4,intra,A1
e20_t188,e20_t189,0.3333,intra,A1
e20_t189,e20_t190,0.4,intra,A1
e20_t216,e20_t217,0.2667,intra,A1
e20_t29,e20_t30,0.5333,intra,A1
e20_t153,e20_t154,0.4667,intra,A1
e20_t206,e20_t207,0.2667,intra,A1
e20_t230,e20_t231,0.4,intra,A1
e20_t236,e20_t237,0.4,intra,A1
e20_t8,e20_t9,0.2,intra,A1
e20_t9,e20_t10,0.2667,intra,A1
e20_t10,e20_t11,0.2,intra,A1
e20_t62,e20_t63,0.2,intra,A1
e20_t63,e20_t64,0.2667,intra,A1
e20_t83,e20_t84,0.4667,intra,A1
e20_t84,e20_t85,0.4,intra,A1
e20_t168,e20_t169,0.2667,intra,A1
e20_t175,e20_t176,0.2,intra,A1
e20_t176,e20_t177,0.2,intra,A1
e20_t177,e20_t178,0.3333,intra,A1
e20_t179,e20_t180,0.2,intra,A1
e20_t180,e20_t181,0.2667,intra,A1
e20_t183,e20_t184,0.2,intra,A1
e20_t203,e20_t204,0.2,intra,A1
e20_t204,e20_t205,0.4,intra,A1
e20_t205,e20_t206,0.3333,intra,A1
e20_t219,e20_t220,0.2667,intra,A1
e20_t220,e20_t221,0.3333,intra,A1
e20_t221,e20_t222,0.2,intra,A1
e20_t222,e20_t223,0.2667,intra,A1
e20_t223,e20_t224,0.4,intra,A1
e20_t224,e20_t225,0.4667,intra,A1
e20_t225,e20_t226,0.4667,intra,A1
e20_t226,e20_t227,0.4,intra,A1
e20_t227,e20_t228,0.2667,intra,A1
e20_t228,e20_t229,0.2,intra,A1
e20_t229,e20_t230,0.3333,intra,A1
e20_t238,e20_t239,0.4,intra,A1
e20_t242,e20_t243,0.2,intra,A1
e20_t243,e20_t244,0.2,intra,A1
e20_t244,e20_t245,0.2,intra,A1
e20_t245,e20_t246,0.2667,intra,A1
e20_t251,e20_t252,0.2667,intra,A1
e20_t16,e20_t17,0.2,intra,A1
e20_t21,e20_t22,0.2667,intra,A1
e20_t27,e20_t28,0.2667,intra,A1
e20_t28,e20_t29,0.5333,intra,A1
e20_t46,e20_t47,0.3333,intra,A1
e20_t51,e20_t52,0.2,intra,A1
e20_t53,e20_t54,0.2,intra,A1
e20_t54,e20_t55,0.2,intra,A1
e20_t70,e20_t71,0.2,intra,A1
e20_t71,e20_t72,0.3333,intra,A1
e20_t72,e20_t73,0.4,intra,A1
e20_t73,e20_t74,0.3333,intra,A1
e20_t78,e20_t79,0.2667,intra,A1
e20_t79,e20_t80,0.2667,intra,A1
e20_t82,e20_t83,0.4,intra,A1
e20_t110,e20_t111,0.2667,intra,A1
e20_t111,e20_t112,0.2667,intra,A1
e20_t112,e20_t113,0.2667,intra,A1
e20_t114,e20_t115,0.2667,intra,A1
e20_t115,e20_t116,0.3333,intra,A1
e20_t118,e20_t119,0.3333,intra,A1
e20_t119,e20_t120,0.3333,intra,A1
e20_t120,e20_t121,0.2,intra,A1
e20_t123,e20_t124,0.3333,intra,A1
e20_t124,e20_t125,0.3333,intra,A1
e20_t126,e20_t127,0.2667,intra,A1
e20_t127,e20_t128,0.2667,intra,A1
e20_t128,e20_t129,0.2667,intra,A1
e20_t129,e20_t130,0.2667,intra,A1
e20_t133,e20_t134,0.4667,intra,A1
e20_t134,e20_t135,0.2667,intra,A1
e20_t140,e20_t141,0.4,intra,A1
e20_t141,e20_t142,0.4,intra,A1
e20_t145,e20_t146,0.3333,intra,A1
e20_t181,e20_t182,0.2667,intra,A1
e20_t233,e20_t234,0.2667,intra,A1
e20_t234,e20_t235,0.3333,intra,A1
e20_t246,e20_t247,0.2667,intra,A1
e20_t0,e20_t1,0.2,intra,A1
e20_t1,e20_t2,0.2,intra,A1
e20_t11,e20_t12,0.2,intra,A1
e20_t13,e20_t14,0.2,intra,A1
e20_t17,e20_t18,0.2667,intra,A1
e20_t18,e20_t19,0.2,intra,A1
e20_t30,e20_t31,0.2667,intra,A1
e20_t39,e20_t40,0.2,intra,A1
e20_t40,e20_t41,0.2667,intra,A1
e20_t56,e20_t57,0.3333,intra,A1
e20_t57,e20_t58,0.3333,intra,A1
e20_t81,e20_t82,0.2,intra,A1
e20_t116,e20_t117,0.2,intra,A1
e20_t117,e20_t118,0.2,intra,A1
e20_t122,e20_t123,0.3333,intra,A1
e20_t138,e20_t139,0.3333,intra,A1
e20_t142,e20_t143,0.2,intra,A1
e20_t146,e20_t147,0.2667,intra,A1
e20_t147,e20_t148,0.2,intra,A1
e20_t151,e20_t152,0.2,intra,A1
e20_t152,e20_t153,0.2667,intra,A1
e20_t154,e20_t155,0.2,intra,A1
e20_t193,e20_t194,0.2,intra,A1
e20_t195,e20_t196,0.2667,intra,A1
e20_t198,e20_t199,0.2667,intra,A1
e20_t201,e20_t202,0.2667,intra,A1
e20_t202,e20_t203,0.2,intra,A1
e20_t211,e20_t212,0.2,intra,A1
e20_t215,e20_t216,0.2667,intra,A1
e20_t235,e20_t236,0.2,intra,A1
e20_t247,e20_t248,0.3333,intra,A1
e20_t248,e20_t249,0.3333,intra,A1
e20_t254,e20_t255,0.3333,intra,A1
e20_t36,e20_t37,0.2667,intra,A1
e20_t65,e20_t66,0.2,intra,A1
e20_t102,e20_t103,0.2,intra,A1
e20_t121,e20_t122,0.2,intra,A1
e20_t132,e20_t133,0.3333,intra,A1
e20_t158,e20_t159,0.2667,intra,A1
e20_t164,e20_t165,0.2,intra,A1
e20_t196,e20_t197,0.2667,intra,A1
e20_t200,e20_t201,0.2,intra,A1
e20_t231,e20_t232,0.2667,intra,A1
e20_t252,e20_t253,0.2667,intra,A1
e20_t94,e20_t95,0.2,intra,A1
e20_t100,e20_t101,0.2,intra,A1
e20_t101,e20_t102,0.2,intra,A1
e20_t131,e20_t132,0.3333,intra,A1
e20_t197,e20_t198,0.2,intra,A1
e20_t217,e20_t218,0.2,intra,A1
e20_t232,e20_t233,0.2,intra,A1
e21_t41,e21_t42,0.5333,intra,A2
e21_t42,e21_t43,0.2,intra,A2
e21_t188,e21_t189,0.4667,intra,A2
e21_t189,e21_t190,0.4667,intra,A2
e21_t190,e21_t191,0.4,intra,A2
e21_t191,e21_t192,0.4,intra,A2
e21_t210,e21_t211,0.3333,intra,A2
e21_t219,e21_t220,0.2667,intra,A2
e21_t220,e21_t221,0.2,intra,A2
e21_t221,e21_t222,0.3333,intra,A2
e21_t222,e21_t223,0.5333,intra,A2
e21_t224,e21_t225,0.3333,intra,A2
e21_t225,e21_t226,0.2667,intra,A2
e21_t226,e21_t227,0.3333,intra,A2
e21_t229,e21_t230,0.3333,intra,A2
e21_t230,e21_t231,0.3333,intra,A2
e21_t231,e21_t232,0.2667,intra,A2
e21_t233,e21_t234,0.2,intra,A2
e21_t234,e21_t235,0.4,intra,A2
e21_t235,e21_t236,0.4,intra,A2
e21_t237,e21_t238,0.3333,intra,A2
e21_t238,e21_t239,0.3333,intra,A2
e21_t239,e21_t240,0.2,intra,A2
e21_t245,e21_t246,0.2667,intra,A2
e21_t246,e21_t247,0.2667,intra,A2
e21_t247,e21_t248,0.3333,intra,A2
e21_t248,e21_t249,0.4,intra,A2
e21_t249,e21_t250,0.4,intra,A2
e21_t251,e21_t252,0.4667,intra,A2
e21_t252,e21_t253,0.3333,intra,A2
e21_t253,e21_t254,0.2667,intra,A2
e21_t0,e21_t1,0.2,intra,A2
e21_t1,e21_t2,0.2667,intra,A2
e21_t4,e21_t5,0.2667,intra,A2
e21_t9,e21_t10,0.5333,intra,A2
e21_t12,e21_t13,0.3333,intra,A2
e21_t15,e21_t16,0.2,intra,A2
e21_t16,e21_t17,0.2,intra,A2
e21_t23,e21_t24,0.3333,intra,A2
e21_t24,e21_t25,0.2667,intra,A2
e21_t26,e21_t27,0.2667,intra,A2
e21_t27,e21_t28,0.3333,intra,A2
e21_t28,e21_t29,0.2667,intra,A2
e21_t34,e21_t35,0.2,intra,A2
e21_t37,e21_t38,0.2667,intra,A2
e21_t38,e21_t39,0.2667,intra,A2
e21_t40,e21_t41,0.3333,intra,A2
e21_t45,e21_t46,0.2667,intra,A2
e21_t46,e21_t47,0.3333,intra,A2
e21_t47,e21_t48,0.3333,intra,A2
e21_t48,e21_t49,0.2667,intra,A2
e21_t49,e21_t50,0.2667,intra,A2
e21_t54,e21_t55,0.4,intra,A2
e21_t60,e21_t61,0.2667,intra,A2
e21_t61,e21_t62,0.4667,intra,A2
e21_t72,e21_t73,0.4,intra,A2
e21_t73,e21_t74,0.3333,intra,A2
e21_t78,e21_t79,0.4,intra,A2
e21_t79,e21_t80,0.2667,intra,A2
e21_t80,e21_t81,0.4,intra,A2
e21_t84,e21_t85,0.3333,intra,A2
e21_t85,e21_t86,0.3333,intra,A2
e21_t92,e21_t93,0.4,intra,A2
e21_t93,e21_t94,0.2667,intra,A2
e21_t94,e21_t95,0.2667,intra,A2
e21_t96,e21_t97,0.2667,intra,A2
e21_t99,e21_t100,0.2,intra,A2
e21_t100,e21_t101,0.2,intra,A2
e21_t103,e21_t104,0.3333,intra,A2
e21_t106,e21_t107,0.2,intra,A2
e21_t108,e21_t109,0.2,intra,A2
e21_t111,e21_t112,0.2,intra,A2
e21_t114,e21_t115,0.3333,intra,A2
e21_t115,e21_t116,0.3333,intra,A2
e21_t124,e21_t125,0.4,intra,A2
e21_t125,e21_t126,0.2,intra,A2
e21_t130,e21_t131,0.2,intra,A2
e21_t131,e21_t132,0.3333,intra,A2
e21_t134,e21_t135,0.4,intra,A2
e21_t135,e21_t136,0.2667,intra,A2
e21_t138,e21_t139,0.2667,intra,A2
e21_t139,e21_t140,0.2,intra,A2
e21_t147,e21_t148,0.3333,intra,A2
e21_t150,e21_t151,0.4,intra,A2
e21_t151,e21_t152,0.2667,intra,A2
e21_t153,e21_t154,0.2667,intra,A2
e21_t154,e21_t155,0.2,intra,A2
e21_t157,e21_t158,0.3333,intra,A2
e21_t158,e21_t159,0.2,intra,A2
e21_t161,e21_t162,0.3333,intra,A2
e21_t172,e21_t173,0.4,intra,A2
e21_t176,e21_t177,0.2667,intra,A2
e21_t177,e21_t178,0.2667,intra,A2
e21_t179,e21_t180,0.2,intra,A2
e21_t180,e21_t181,0.2,intra,A2
e21_t181,e21_t182,0.3333,intra,A2
e21_t194,e21_t195,0.2,intra,A2
e21_t195,e21_t196,0.2,intra,A2
e21_t197,e21_t198,0.2667,intra,A2
e21_t198,e21_t199,0.2667,intra,A2
e21_t200,e21_t201,0.2667,intra,A2
e21_t201,e21_t202,0.2667,intra,A2
e21_t203,e21_t204,0.3333,intra,A2
e21_t208,e21_t209,0.2,intra,A2
e21_t213,e21_t214,0.3333,intra,A2
e21_t214,e21_t215,0.3333,intra,A2
e21_t216,e21_t217,0.2667,intra,A2
e21_t227,e21_t228,0.2667,intra,A2
e21_t242,e21_t243,0.3333,intra,A2
e21_t243,e21_t244,0.2667,intra,A2
e21_t2,e21_t3,0.2667,intra,A2
e21_t3,e21_t4,0.2667,intra,A2
e21_t5,e21_t6,0.2,intra,A2
e21_t6,e21_t7,0.3333,intra,A2
e21_t8,e21_t9,0.2667,intra,A2
e21_t11,e21_t12,0.2,intra,A2
e21_t18,e21_t19,0.2667,intra,A2
e21_t21,e21_t22,0.2667,intra,A2
e21_t22,e21_t23,0.2667,intra,A2
e21_t43,e21_t44,0.2667,intra,A2
e21_t44,e21_t45,0.2667,intra,A2
e21_t50,e21_t51,0.2667,intra,A2
e21_t51,e21_t52,0.2,intra,A2
e21_t55,e21_t56,0.2667,intra,A2
e21_t63,e21_t64,0.2667,intra,A2
e21_t64,e21_t65,0.2667,intra,A2
e21_t66,e21_t67,0.2,intra,A2
e21_t67,e21_t68,0.2667,intra,A2
e21_t68,e21_t69,0.2,intra,A2
e21_t70,e21_t71,0.2,intra,A2
e21_t75,e21_t76,0.2,intra,A2
e21_t77,e21_t78,0.2667,intra,A2
e21_t81,e21_t82,0.4,intra,A2
e21_t82,e21_t83,0.2667,intra,A2
e21_t90,e21_t91,0.3333,intra,A2
e21_t91,e21_t92,0.3333,intra,A2
e21_t95,e21_t96,0.2667,intra,A2
e21_t104,e21_t105,0.3333,intra,A2
e21_t107,e21_t108,0.2667,intra,A2
e21_t127,e21_t128,0.2,intra,A2
e21_t132,e21_t133,0.2667,intra,A2
e21_t133,e21_t134,0.2,intra,A2
e21_t140,e21_t141,0.2,intra,A2
e21_t143,e21_t144,0.2667,intra,A2
e21_t144,e21_t145,0.2667,intra,A2
e21_t149,e21_t150,0.2667,intra,A2
e21_t162,e21_t163,0.3333,intra,A2
e21_t163,e21_t164,0.3333,intra,A2
e21_t164,e21_t165,0.2,intra,A2
e21_t166,e21_t167,0.4,intra,A2
e21_t167,e21_t168,0.2667,intra,A2
e21_t168,e21_t169,0.3333,intra,A2
e21_t170,e21_t171,0.2,intra,A2
e21_t171,e21_t172,0.2667,intra,A2
e21_t185,e21_t186,0.3333,intra,A2
e21_t186,e21_t187,0.4,intra,A2
e21_t192,e21_t193,0.2,intra,A2
e21_t196,e21_t197,0.2667,intra,A2
e21_t202,e21_t203,0.2667,intra,A2
e21_t228,e21_t229,0.2667,intra,A2
e21_t240,e21_t241,0.2,intra,A2
e21_t241,e21_t242,0.4,intra,A2
e21_t244,e21_t245,0.2667,intra,A2
e21_t250,e21_t251,0.2,intra,A2
e21_t30,e21_t31,0.2667,intra,A2
e21_t71,e21_t72,0.2,intra,A2
e21_t74,e21_t75,0.2,intra,A2
e21_t87,e21_t88,0.3333,intra,A2
e21_t110,e21_t111,0.2,intra,A2
e21_t118,e21_t119,0.3333,intra,A2
e21_t119,e21_t120,0.3333,intra,A2
e21_t123,e21_t124,0.3333,intra,A2
e21_t145,e21_t146,0.2667,intra,A2
e21_t156,e21_t157,0.2667,intra,A2
e21_t159,e21_t160,0.2,intra,A2
e21_t160,e21_t161,0.2667,intra,A2
e21_t169,e21_t170,0.3333,intra,A2
e21_t182,e21_t183,0.2667,intra,A2
e21_t183,e21_t184,0.2,intra,A2
e21_t223,e21_t224,0.3333,intra,A2
e21_t7,e21_t8,0.2,intra,A2
e21_t10,e21_t11,0.2667,intra,A2
e21_t13,e21_t14,0.2,intra,A2
e21_t31,e21_t32,0.2667,intra,A2
e21_t39,e21_t40,0.3333,intra,A2
e21_t56,e21_t57,0.2,intra,A2
e21_t62,e21_t63,0.3333,intra,A2
e21_t65,e21_t66,0.3333,intra,A2
e21_t117,e21_t118,0.2,intra,A2
e21_t141,e21_t142,0.2,intra,A2
e21_t146,e21_t147,0.2667,intra,A2
e21_t165,e21_t166,0.2,intra,A2
e21_t173,e21_t174,0.2667,intra,A2
e21_t209,e21_t210,0.2667,intra,A2
e21_t254,e21_t255,0.2,intra,A2
e21_t52,e21_t53,0.2,intra,A2
e21_t76,e21_t77,0.2,intra,A2
e21_t152,e21_t153,0.2667,intra,A2
e21_t205,e21_t206,0.2,intra,A2
e21_t20,e21_t21,0.2,intra,A2
e21_t58,e21_t59,0.2,intra,A2
e22_t32,e22_t33,0.2667,intra,T9
e22_t33,e22_t34,0.3333,intra,T9
e22_t34,e22_t35,0.2,intra,T9
e22_t35,e22_t36,0.4,intra,T9
e22_t45,e22_t46,0.4,intra,T9
e22_t46,e22_t47,0.2667,intra,T9
e22_t47,e22_t48,0.3333,intra,T9
e22_t204,e22_t205,0.2667,intra,T9
e22_t205,e22_t206,0.4667,intra,T9
e22_t242,e22_t243,0.4,intra,T9
e22_t243,e22_t244,0.2667,intra,T9
e22_t0,e22_t1,0.4667,intra,T9
e22_t1,e22_t2,0.4,intra,T9
e22_t3,e22_t4,0.2667,intra,T9
e22_t4,e22_t5,0.3333,intra,T9
e22_t5,e22_t6,0.4,intra,T9
e22_t153,e22_t154,0.3333,intra,T9
e22_t154,e22_t155,0.3333,intra,T9
e22_t155,e22_t156,0.3333,intra,T9
e22_t156,e22_t157,0.2667,intra,T9
e22_t157,e22_t158,0.3333,intra,T9
e22_t159,e22_t160,0.2,intra,T9
e22_t160,e22_t161,0.4,intra,T9
e22_t161,e22_t162,0.2667,intra,T9
e22_t166,e22_t167,0.2667,intra,T9
e22_t167,e22_t168,0.2,intra,T9
e22_t210,e22_t211,0.3333,intra,T9
e22_t220,e22_t221,0.2,intra,T9
e22_t221,e22_t222,0.2,intra,T9
e22_t222,e22_t223,0.4,intra,T9
e22_t226,e22_t229,0.2,intra,T9
e22_t228,e22_t229,0.2667,intra,T9
e22_t229,e22_t230,0.3333,intra,T9
e22_t230,e22_t231,0.4,intra,T9
e22_t232,e22_t233,0.3333,intra,T9
e22_t233,e22_t234,0.2667,intra,T9
e22_t234,e22_t235,0.4,intra,T9
e22_t235,e22_t236,0.4,intra,T9
e22_t244,e22_t245,0.2667,intra,T9
e22_t245,e22_t246,0.2667,intra,T9
e22_t249,e22_t250,0.2667,intra,T9
e22_t252,e22_t253,0.2667,intra,T9
e22_t253,e22_t254,0.3333,intra,T9
e22_t254,e22_t255,0.2667,intra,T9
e22_t9,e22_t10,0.3333,intra,T9
e22_t10,e22_t11,0.2667,intra,T9
e22_t12,e22_t13,0.3333,intra,T9
e22_t13,e22_t14,0.2667,intra,T9
e22_t13,e22_t16,0.2,intra,T9
e22_t15,e22_t16,0.2,intra,T9
e22_t21,e22_t22,0.2,intra,T9
e22_t22,e22_t23,0.2667,intra,T9
e22_t27,e22_t28,0.3333,intra,T9
e22_t28,e22_t29,0.4,intra,T9
e22_t29,e22_t30,0.3333,intra,T9
e22_t37,e22_t38,0.4,intra,T9
e22_t38,e22_t39,0.3333,intra,T9
e22_t41,e22_t42,0.3333,intra,T9
e22_t48,e22_t49,0.4,intra,T9
e22_t49,e22_t50,0.3333,intra,T9
e22_t50,e22_t51,0.2667,intra,T9
e22_t56,e22_t57,0.2,intra,T9
e22_t57,e22_t58,0.2667,intra,T9
e22_t60,e22_t61,0.2667,intra,T9
e22_t63,e22_t64,0.2,intra,T9
e22_t64,e22_t65,0.3333,intra,T9
e22_t65,e22_t66,0.2667,intra,T9
e22_t67,e22_t68,0.3333,intra,T9
e22_t69,e22_t70,0.2,intra,T9
e22_t70,e22_t71,0.3333,intra,T9
e22_t71,e22_t72,0.4,intra,T9
e22_t72,e22_t73,0.2667,intra,T9
e22_t73,e22_t74,0.3333,intra,T9
e22_t77,e22_t78,0.3333,intra,T9
e22_t78,e22_t79,0.3333,intra,T9
e22_t79,e22_t80,0.2,intra,T9
e22_t84,e22_t85,0.2,intra,T9
e22_t85,e22_t86,0.2667,intra,T9
e22_t86,e22_t87,0.3333,intra,T9
e22_t93,e22_t94,0.3333,intra,T9
e22_t94,e22_t95,0.4,intra,T9
e22_t96,e22_t97,0.4,intra,T9
e22_t97,e22_t98,0.2667,intra,T9
e22_t99,e22_t100,0.2,intra,T9
e22_t103,e22_t104,0.2667,intra,T9
e22_t104,e22_t105,0.2667,intra,T9
e22_t109,e22_t110,0.2,intra,T9
e22_t115,e22_t116,0.3333,intra,T9
e22_t116,e22_t117,0.2667,intra,T9
e22_t118,e22_t119,0.4,intra,T9
e22_t119,e22_t120,0.3333,intra,T9
e22_t124,e22_t125,0.3333,intra,T9
e22_t125,e22_t126,0.4,intra,T9
e22_t126,e22_t127,0.3333,intra,T9
e22_t148,e22_t149,0.4,intra,T9
e22_t150,e22_t151,0.2,intra,T9
e22_t151,e22_t152,0.2667,intra,T9
e22_t164,e22_t165,0.2667,intra,T9
e22_t165,e22_t166,0.3333,intra,T9
e22_t174,e22_t175,0.4,intra,T9
e22_t182,e22_t183,0.4,intra,T9
e22_t183,e22_t184,0.3333,intra,T9
e22_t186,e22_t187,0.3333,intra,T9
e22_t187,e22_t188,0.3333,intra,T9
e22_t190,e22_t191,0.4,intra,T9
e22_t191,e22_t192,0.3333,intra,T9
e22_t196,e22_t197,0.2667,intra,T9
e22_t197,e22_t198,0.2667,intra,T9
e22_t198,e22_t199,0.2,intra,T9
e22_t211,e22_t212,0.2667,intra,T9
e22_t216,e22_t217,0.4667,intra,T9
e22_t217,e22_t218,0.2667,intra,T9
e22_t227,e22_t228,0.2,intra,T9
e22_t231,e22_t232,0.3333,intra,T9
e22_t247,e22_t248,0.3333,intra,T9
e22_t248,e22_t249,0.2667,intra,T9
e22_t251,e22_t252,0.4667,intra,T9
e22_t2,e22_t3,0.3333,intra,T9
e22_t8,e22_t9,0.3333,intra,T9
e22_t39,e22_t40,0.2667,intra,T9
e22_t44,e22_t45,0.2667,intra,T9
e22_t51,e22_t52,0.5333,intra,T9
e22_t54,e22_t55,0.3333,intra,T9
e22_t55,e22_t56,0.3333,intra,T9
e22_t68,e22_t69,0.4667,intra,T9
e22_t74,e22_t75,0.2667,intra,T9
e22_t88,e22_t89,0.3333,intra,T9
e22_t91,e22_t92,0.3333,intra,T9
e22_t92,e22_t93,0.2,intra,T9
e22_t95,e22_t96,0.2667,intra,T9
e22_t107,e22_t108,0.2667,intra,T9
e22_t108,e22_t109,0.2667,intra,T9
e22_t117,e22_t118,0.3333,intra,T9
e22_t130,e22_t131,0.3333,intra,T9
e22_t131,e22_t132,0.2667,intra,T9
e22_t133,e22_t134,0.2667,intra,T9
e22_t134,e22_t135,0.4,intra,T9
e22_t135,e22_t136,0.2,intra,T9
e22_t137,e22_t138,0.2,intra,T9
e22_t138,e22_t139,0.2,intra,T9
e22_t139,e22_t140,0.2,intra,T9
e22_t141,e22_t142,0.3333,intra,T9
e22_t144,e22_t145,0.2667,intra,T9
e22_t149,e22_t150,0.2667,intra,T9
e22_t173,e22_t174,0.4,intra,T9
e22_t176,e22_t177,0.2,intra,T9
e22_t188,e22_t189,0.2,intra,T9
e22_t212,e22_t213,0.3333,intra,T9
e22_t213,e22_t214,0.2667,intra,T9
e22_t214,e22_t215,0.4,intra,T9
e22_t215,e22_t216,0.2,intra,T9
e22_t223,e22_t224,0.2667,intra,T9
e22_t226,e22_t227,0.2,intra,T9
e22_t236,e22_t237,0.2,intra,T9
e22_t246,e22_t247,0.3333,intra,T9
e22_t250,e22_t251,0.4,intra,T9
e22_t23,e22_t24,0.2667,intra,T9
e22_t81,e22_t82,0.4,intra,T9
e22_t82,e22_t83,0.2,intra,T9
e22_t83,e22_t84,0.3333,intra,T9
e22_t90,e22_t91,0.2667,intra,T9
e22_t98,e22_t99,0.2,intra,T9
e22_t121,e22_t122,0.2667,intra,T9
e22_t127,e22_t128,0.2667,intra,T9
e22_t128,e22_t129,0.2667,intra,T9
e22_t158,e22_t159,0.2667,intra,T9
e22_t162,e22_t163,0.2,intra,T9
e22_t169,e22_t170,0.2,intra,T9
e22_t172,e22_t173,0.3333,intra,T9
e22_t180,e22_t181,0.2667,intra,T9
e22_t181,e22_t182,0.2,intra,T9
e22_t192,e22_t193,0.2,intra,T9
e22_t201,e22_t202,0.2667,intra,T9
e22_t202,e22_t203,0.2,intra,T9
e22_t206,e22_t207,0.2667,intra,T9
e22_t208,e22_t209,0.2,intra,T9
e22_t214,e22_t217,0.2,intra,T9
e22_t219,e22_t220,0.2,intra,T9
e22_t238,e22_t239,0.2,intra,T9
e22_t239,e22_t240,0.2,intra,T9
e22_t241,e22_t242,0.2667,intra,T9
e22_t7,e22_t8,0.2667,intra,T9
e22_t11,e22_t12,0.2,intra,T9
e22_t58,e22_t59,0.2,intra,T9
e22_t76,e22_t77,0.2,intra,T9
e22_t87,e22_t88,0.2,intra,T9
e22_t122,e22_t123,0.3333,intra,T9
e22_t185,e22_t186,0.2,intra,T9
e22_t193,e22_t194,0.2,intra,T9
e22_t195,e22_t196,0.2667,intra,T9
e22_t26,e22_t27,0.2,intra,T9
e22_t31,e22_t32,0.2,intra,T9
e22_t52,e22_t53,0.2667,intra,T9
e22_t61,e22_t62,0.2,intra,T9
e22_t80,e22_t81,0.2,intra,T9
e22_t111,e22_t112,0.2,intra,T9
e22_t24,e22_t25,0.2667,intra,T9
e22_t42,e22_t43,0.2,intra,T9
e22_t59,e22_t60,0.2667,intra,T9
e22_t62,e22_t63,0.2,intra,T9
e0_t128,e1_t128,0.8948,inter,FP1-FP2
e0_t128,e2_t128,0.9271,inter,FP1-F7
e0_t128,e3_t128,0.7659,inter,FP1-F3
e0_t128,e4_t128,0.9761,inter,FP1-FZ
e0_t128,e5_t128,0.9517,inter,FP1-F4
e0_t128,e6_t128,0.9007,inter,FP1-F8
e0_t128,e7_t128,0.7675,inter,FP1-T7
e0_t128,e8_t128,0.8773,inter,FP1-C3
e0_t128,e9_t128,0.849,inter,FP1-CZ
e0_t128,e10_t128,0.8009,inter,FP1-C4
e0_t128,e11_t128,0.5533,inter,FP1-T8
e0_t128,e12_t128,0.8434,inter,FP1-P7
e0_t128,e13_t128,0.7673,inter,FP1-P3
e0_t128,e14_t128,0.8183,inter,FP1-PZ
e0_t128,e16_t128,0.6028,inter,FP1-P8
e0_t128,e17_t128,0.5029,inter,FP1-O1
e0_t128,e18_t128,0.7904,inter,FP1-OZ
e0_t128,e19_t128,0.8486,inter,FP1-O2
e0_t128,e20_t128,0.7396,inter,FP1-A1
e0_t128,e21_t128,0.7212,inter,FP1-A2
e0_t128,e22_t128,0.8183,inter,FP1-T9
e1_t128,e2_t128,0.7806,inter,FP2-F7
e1_t128,e3_t128,0.6342,inter,FP2-F3
e1_t128,e4_t128,0.8116,inter,FP2-FZ
e1_t128,e5_t128,0.9223,inter,FP2-F4
e1_t128,e6_t128,0.6715,inter,FP2-F8
e1_t128,e7_t128,0.6637,inter,FP2-T7
e1_t128,e8_t128,0.6634,inter,FP2-C3
e1_t128,e9_t128,0.7249,inter,FP2-CZ
e1_t128,e10_t128,0.7557,inter,FP2-C4
e1_t128,e11_t128,0.5709,inter,FP2-T8
e1_t128,e12_t128,0.7651,inter,FP2-P7
e1_t128,e13_t128,0.7497,inter,FP2-P3
e1_t128,e14_t128,0.7191,inter,FP2-PZ
e1_t128,e18_t128,0.5871,inter,FP2-OZ
e1_t128,e19_t128,0.7073,inter,FP2-O2
e1_t128,e20_t128,0.7314,inter,FP2-A1
e1_t128,e21_t128,0.6438,inter,FP2-A2
e1_t128,e22_t128,0.7191,inter,FP2-T9
e2_t128,e3_t128,0.8382,inter,F7-F3
e2_t128,e4_t128,0.9303,inter,F7-FZ
e2_t128,e5_t128,0.8153,inter,F7-F4
e2_t128,e6_t128,0.9244,inter,F7-F8
e2_t128,e7_t128,0.8219,inter,F7-T7
e2_t128,e8_t128,0.9082,inter,F7-C3
e2_t128,e9_t128,0.8294,inter,F7-CZ
e2_t128,e10_t128,0.7367,inter,F7-C4
e2_t128,e12_t128,0.7815,inter,F7-P7
e2_t128,e13_t128,0.6897,inter,F7-P3
e2_t128,e14_t128,0.7899,inter,F7-PZ
e2_t128,e16_t128,0.6458,inter,F7-P8
e2_t128,e18_t128,0.8783,inter,F7-OZ
e2_t128,e19_t128,0.8724,inter,F7-O2
e2_t128,e20_t128,0.7429,inter,F7-A1
e2_t128,e21_t128,0.6829,inter,F7-A2
e2_t128,e22_t128,0.7899,inter,F7-T9
e3_t128,e4_t128,0.8044,inter,F3-FZ
e3_t128,e5_t128,0.6725,inter,F3-F4
e3_t128,e6_t128,0.7421,inter,F3-F8
e3_t128,e7_t128,0.8531,inter,F3-T7
e3_t128,e8_t128,0.9313,inter,F3-C3
e3_t128,e9_t128,0.8975,inter,F3-CZ
e3_t128,e10_t128,0.7644,inter,F3-C4
e3_t128,e11_t128,0.5429,inter,F3-T8
e3_t128,e12_t128,0.8516,inter,F3-P7
e3_t128,e13_t128,0.7962,inter,F3-P3
e3_t128,e14_t128,0.8473,inter,F3-PZ
e3_t128,e15_t128,0.566,inter,F3-P4
e3_t128,e16_t128,0.6925,inter,F3-P8
e3_t128,e18_t128,0.9454,inter,F3-OZ
e3_t128,e19_t128,0.8673,inter,F3-O2
e3_t128,e20_t128,0.754,inter,F3-A1
e3_t128,e21_t128,0.8201,inter,F3-A2
e3_t128,e22_t128,0.8473,inter,F3-T9
e4_t128,e5_t128,0.9164,inter,FZ-F4
e4_t128,e6_t128,0.9153,inter,FZ-F8
e4_t128,e7_t128,0.8177,inter,FZ-T7
e4_t128,e8_t128,0.9205,inter,FZ-C3
e4_t128,e9_t128,0.8536,inter,FZ-CZ
e4_t128,e10_t128,0.7848,inter,FZ-C4
e4_t128,e11_t128,0.5139,inter,FZ-T8
e4_t128,e12_t128,0.8265,inter,FZ-P7
e4_t128,e13_t128,0.7423,inter,FZ-P3
e4_t128,e14_t128,0.8284,inter,FZ-PZ
e4_t128,e16_t128,0.6619,inter,FZ-P8
e4_t128,e17_t128,0.5575,inter,FZ-O1
e4_t128,e18_t128,0.8517,inter,FZ-OZ
e4_t128,e19_t128,0.8658,inter,FZ-O2
e4_t128,e20_t128,0.717,inter,FZ-A1
e4_t128,e21_t128,0.7315,inter,FZ-A2
e4_t128,e22_t128,0.8284,inter,FZ-T9
e5_t128,e6_t128,0.7998,inter,F4-F8
e5_t128,e7_t128,0.7117,inter,F4-T7
e5_t128,e8_t128,0.7642,inter,F4-C3
e5_t128,e9_t128,0.7883,inter,F4-CZ
e5_t128,e10_t128,0.7502,inter,F4-C4
e5_t128,e11_t128,0.5453,inter,F4-T8
e5_t128,e12_t128,0.8086,inter,F4-P7
e5_t128,e13_t128,0.7596,inter,F4-P3
e5_t128,e14_t128,0.7802,inter,F4-PZ
e5_t128,e16_t128,0.5751,inter,F4-P8
e5_t128,e18_t128,0.6701,inter,F4-OZ
e5_t128,e19_t128,0.7538,inter,F4-O2
e5_t128,e20_t128,0.7008,inter,F4-A1
e5_t128,e21_t128,0.6919,inter,F4-A2
e5_t128,e22_t128,0.7802,inter,F4-T9
e6_t128,e7_t128,0.7325,inter,F8-T7
e6_t128,e8_t128,0.8647,inter,F8-C3
e6_t128,e9_t128,0.7587,inter,F8-CZ
e6_t128,e10_t128,0.604,inter,F8-C4
e6_t128,e12_t128,0.6805,inter,F8-P7
e6_t128,e13_t128,0.5434,inter,F8-P3
e6_t128,e14_t128,0.6611,inter,F8-PZ
e6_t128,e16_t128,0.7104,inter,F8-P8
e6_t128,e17_t128,0.6068,inter,F8-O1
e6_t128,e18_t128,0.8237,inter,F8-OZ
e6_t128,e19_t128,0.8824,inter,F8-O2
e6_t128,e20_t128,0.5478,inter,F8-A1
e6_t128,e21_t128,0.5335,inter,F8-A2
e6_t128,e22_t128,0.6611,inter,F8-T9
e7_t128,e8_t128,0.8185,inter,T7-C3
e7_t128,e9_t128,0.8195,inter,T7-CZ
e7_t128,e10_t128,0.7689,inter,T7-C4
e7_t128,e11_t128,0.5625,inter,T7-T8
e7_t128,e12_t128,0.7838,inter,T7-P7
e7_t128,e13_t128,0.7206,inter,T7-P3
e7_t128,e14_t128,0.7561,inter,T7-PZ
e7_t128,e16_t128,0.7616,inter,T7-P8
e7_t128,e17_t128,0.5457,inter,T7-O1
e7_t128,e18_t128,0.8151,inter,T7-OZ
e7_t128,e19_t128,0.7835,inter,T7-O2
e7_t128,e20_t128,0.6951,inter,T7-A1
e7_t128,e21_t128,0.7046,inter,T7-A2
e7_t128,e22_t128,0.7561,inter,T7-T9
e8_t128,e9_t128,0.9126,inter,C3-CZ
e8_t128,e10_t128,0.7804,inter,C3-C4
e8_t128,e11_t128,0.5695,inter,C3-T8
e8_t128,e12_t128,0.8516,inter,C3-P7
e8_t128,e13_t128,0.7678,inter,C3-P3
e8_t128,e14_t128,0.871,inter,C3-PZ
e8_t128,e16_t128,0.713,inter,C3-P8
e8_t128,e18_t128,0.9588,inter,C3-OZ
e8_t128,e19_t128,0.9075,inter,C3-O2
e8_t128,e20_t128,0.7489,inter,C3-A1
e8_t128,e21_t128,0.8023,inter,C3-A2
e8_t128,e22_t128,0.871,inter,C3-T9
e9_t128,e10_t128,0.9232,inter,CZ-C4
e9_t128,e11_t128,0.7554,inter,CZ-T8
e9_t128,e12_t128,0.9705,inter,CZ-P7
e9_t128,e13_t128,0.9315,inter,CZ-P3
e9_t128,e14_t128,0.9583,inter,CZ-PZ
e9_t128,e15_t128,0.5699,inter,CZ-P4
e9_t128,e16_t128,0.7956,inter,CZ-P8
e9_t128,e18_t128,0.8843,inter,CZ-OZ
e9_t128,e19_t128,0.8098,inter,CZ-O2
e9_t128,e20_t128,0.9054,inter,CZ-A1
e9_t128,e21_t128,0.9252,inter,CZ-A2
e9_t128,e22_t128,0.9583,inter,CZ-T9
e10_t128,e11_t128,0.8698,inter,C4-T8
e10_t128,e12_t128,0.9497,inter,C4-P7
e10_t128,e13_t128,0.9503,inter,C4-P3
e10_t128,e14_t128,0.9259,inter,C4-PZ
e10_t128,e15_t128,0.7015,inter,C4-P4
e10_t128,e16_t128,0.635,inter,C4-P8
e10_t128,e18_t128,0.7348,inter,C4-OZ
e10_t128,e19_t128,0.6726,inter,C4-O2
e10_t128,e20_t128,0.9172,inter,C4-A1
e10_t128,e21_t128,0.9233,inter,C4-A2
e10_t128,e22_t128,0.9259,inter,C4-T9
e11_t128,e12_t128,0.79,inter,T8-P7
e11_t128,e13_t128,0.8379,inter,T8-P3
e11_t128,e14_t128,0.8031,inter,T8-PZ
e11_t128,e15_t128,0.6652,inter,T8-P4
e11_t128,e18_t128,0.518,inter,T8-OZ
e11_t128,e20_t128,0.7995,inter,T8-A1
e11_t128,e21_t128,0.8322,inter,T8-A2
e11_t128,e22_t128,0.8031,inter,T8-T9
e12_t128,e13_t128,0.9776,inter,P7-P3
e12_t128,e14_t128,0.9583,inter,P7-PZ
e12_t128,e15_t128,0.6212,inter,P7-P4
e12_t128,e16_t128,0.6658,inter,P7-P8
e12_t128,e18_t128,0.7954,inter,P7-OZ
e12_t128,e19_t128,0.7179,inter,P7-O2
e12_t128,e20_t128,0.9127,inter,P7-A1
e12_t128,e21_t128,0.9503,inter,P7-A2
e12_t128,e22_t128,0.9583,inter,P7-T9
e13_t128,e14_t128,0.9561,inter,P3-PZ
e13_t128,e15_t128,0.7294,inter,P3-P4
e13_t128,e16_t128,0.5963,inter,P3-P8
e13_t128,e18_t128,0.7191,inter,P3-OZ
e13_t128,e19_t128,0.6192,inter,P3-O2
e13_t128,e20_t128,0.9401,inter,P3-A1
e13_t128,e21_t128,0.9713,inter,P3-A2
e13_t128,e22_t128,0.9561,inter,P3-T9
e14_t128,e15_t128,0.7038,inter,PZ-P4
e14_t128,e16_t128,0.6763,inter,PZ-P8
e14_t128,e18_t128,0.8503,inter,PZ-OZ
e14_t128,e19_t128,0.7211,inter,PZ-O2
e14_t128,e20_t128,0.941,inter,PZ-A1
e14_t128,e21_t128,0.981,inter,PZ-A2
e14_t128,e22_t128,1.0,inter,PZ-T9
e15_t128,e20_t128,0.7316,inter,P4-A1
e15_t128,e21_t128,0.7704,inter,P4-A2
e15_t128,e22_t128,0.7038,inter,P4-T9
e16_t128,e17_t128,0.5098,inter,P8-O1
e16_t128,e18_t128,0.7506,inter,P8-OZ
e16_t128,e19_t128,0.7118,inter,P8-O2
e16_t128,e20_t128,0.6201,inter,P8-A1
e16_t128,e21_t128,0.6082,inter,P8-A2
e16_t128,e22_t128,0.6763,inter,P8-T9
e18_t128,e19_t128,0.907,inter,OZ-O2
e18_t128,e20_t128,0.7294,inter,OZ-A1
e18_t128,e21_t128,0.7869,inter,OZ-A2
e18_t128,e22_t128,0.8503,inter,OZ-T9
e19_t128,e20_t128,0.5987,inter,O2-A1
e19_t128,e21_t128,0.6268,inter,O2-A2
e19_t128,e22_t128,0.7211,inter,O2-T9
e20_t128,e21_t128,0.9253,inter,A1-A2
e20_t128,e22_t128,0.941,inter,A1-T9
e21_t128,e22_t128,0.981,inter,A2-T9
